/Users/sterling/Library/Python/3.9/lib/python/site-packages/urllib3/__init__.py:35: NotOpenSSLWarning: urllib3 v2 only supports OpenSSL 1.1.1+, currently the 'ssl' module is compiled with 'LibreSSL 2.8.3'. See: https://github.com/urllib3/urllib3/issues/3020
  warnings.warn(
2026-03-09 17:00:05,393 [INFO] ══ Scally Tracker — 2026-03-09 05:00 PM CT ══
2026-03-09 17:00:05,397 [INFO] DB ready: /Users/sterling/app/scally-tracker/data/inventory.db
2026-03-09 17:00:07,278 [INFO] Fetched 634 products from BSC
2026-03-09 17:00:07,422 [INFO] Categories: {'apparel': 124, 'caps': 501, 'other': 2}
2026-03-09 17:00:07,425 [INFO] ══ Poll complete ══

/Users/sterling/Library/Python/3.9/lib/python/site-packages/urllib3/__init__.py:35: NotOpenSSLWarning: urllib3 v2 only supports OpenSSL 1.1.1+, currently the 'ssl' module is compiled with 'LibreSSL 2.8.3'. See: https://github.com/urllib3/urllib3/issues/3020
  warnings.warn(
2026-03-09 21:00:03,510 [INFO] ══ Scally Tracker — 2026-03-09 09:00 PM CT ══
2026-03-09 21:00:03,513 [INFO] DB ready: /Users/sterling/app/scally-tracker/data/inventory.db
2026-03-09 21:00:05,422 [INFO] Fetched 634 products from BSC
2026-03-09 21:00:05,582 [INFO] Categories: {'apparel': 135, 'caps': 330, 'other': 17, 'pins': 145}
2026-03-09 21:00:05,585 [INFO] ══ Poll complete ══

/Users/sterling/Library/Python/3.9/lib/python/site-packages/urllib3/__init__.py:35: NotOpenSSLWarning: urllib3 v2 only supports OpenSSL 1.1.1+, currently the 'ssl' module is compiled with 'LibreSSL 2.8.3'. See: https://github.com/urllib3/urllib3/issues/3020
  warnings.warn(
2026-03-10 13:00:02,957 [INFO] ══ Scally Tracker — 2026-03-10 01:00 PM CT ══
2026-03-10 13:00:02,960 [INFO] DB ready: /Users/sterling/app/scally-tracker/data/inventory.db
2026-03-10 13:00:04,773 [INFO] Fetched 634 products from BSC
2026-03-10 13:00:05,078 [INFO] ntfy 200: 🎉 Back in Stock!
2026-03-10 13:00:05,381 [INFO] ntfy 200: 🎉 Back in Stock!
2026-03-10 13:00:05,772 [INFO] ntfy 200: 🎉 Back in Stock!
2026-03-10 13:00:06,136 [INFO] ntfy 200: 🎉 Back in Stock!
2026-03-10 13:00:06,217 [INFO] Categories: {'apparel': 135, 'caps': 330, 'other': 17, 'pins': 145}
2026-03-10 13:00:06,221 [INFO] ══ Poll complete ══

/Users/sterling/Library/Python/3.9/lib/python/site-packages/urllib3/__init__.py:35: NotOpenSSLWarning: urllib3 v2 only supports OpenSSL 1.1.1+, currently the 'ssl' module is compiled with 'LibreSSL 2.8.3'. See: https://github.com/urllib3/urllib3/issues/3020
  warnings.warn(
2026-03-10 17:00:02,126 [INFO] ══ Scally Tracker — 2026-03-10 05:00 PM CT ══
2026-03-10 17:00:02,130 [INFO] DB ready: /Users/sterling/app/scally-tracker/data/inventory.db
2026-03-10 17:00:04,028 [INFO] Fetched 634 products from BSC
2026-03-10 17:00:04,388 [INFO] ntfy 200: 🎉 Back in Stock!
2026-03-10 17:00:04,685 [INFO] ntfy 200: 🎉 Back in Stock!
2026-03-10 17:00:04,942 [INFO] ntfy 200: 🎉 Back in Stock!
2026-03-10 17:00:05,217 [INFO] ntfy 200: 🎉 Back in Stock!
2026-03-10 17:00:05,518 [INFO] ntfy 200: 🎉 Back in Stock!
2026-03-10 17:00:05,951 [INFO] ntfy 200: 🎉 Back in Stock!
2026-03-10 17:00:06,230 [INFO] ntfy 200: 🎉 Back in Stock!
2026-03-10 17:00:06,501 [INFO] ntfy 200: 🎉 Back in Stock!
2026-03-10 17:00:06,641 [INFO] Categories: {'apparel': 135, 'caps': 330, 'other': 17, 'pins': 145}
2026-03-10 17:00:06,653 [INFO] ══ Poll complete ══

/Users/sterling/Library/Python/3.9/lib/python/site-packages/urllib3/__init__.py:35: NotOpenSSLWarning: urllib3 v2 only supports OpenSSL 1.1.1+, currently the 'ssl' module is compiled with 'LibreSSL 2.8.3'. See: https://github.com/urllib3/urllib3/issues/3020
  warnings.warn(
2026-03-10 21:00:03,117 [INFO] ══ Scally Tracker — 2026-03-10 09:00 PM CT ══
2026-03-10 21:00:03,120 [INFO] DB ready: /Users/sterling/app/scally-tracker/data/inventory.db
2026-03-10 21:00:04,952 [INFO] Fetched 634 products from BSC
2026-03-10 21:00:05,170 [INFO] Categories: {'apparel': 135, 'caps': 330, 'other': 17, 'pins': 145}
2026-03-10 21:00:05,176 [INFO] ══ Poll complete ══

/Users/sterling/Library/Python/3.9/lib/python/site-packages/urllib3/__init__.py:35: NotOpenSSLWarning: urllib3 v2 only supports OpenSSL 1.1.1+, currently the 'ssl' module is compiled with 'LibreSSL 2.8.3'. See: https://github.com/urllib3/urllib3/issues/3020
  warnings.warn(
2026-03-11 13:00:05,631 [INFO] ══ Scally Tracker — 2026-03-11 01:00 PM CT ══
2026-03-11 13:00:05,634 [INFO] DB ready: /Users/sterling/app/scally-tracker/data/inventory.db
2026-03-11 13:00:07,508 [INFO] Fetched 634 products from BSC
2026-03-11 13:00:07,884 [INFO] ntfy 200: 🎉 Back in Stock!
2026-03-11 13:00:08,286 [INFO] ntfy 200: 🎉 Back in Stock!
2026-03-11 13:00:08,411 [INFO] Categories: {'apparel': 135, 'caps': 330, 'other': 17, 'pins': 145}
2026-03-11 13:00:08,420 [INFO] ══ Poll complete ══

/Users/sterling/Library/Python/3.9/lib/python/site-packages/urllib3/__init__.py:35: NotOpenSSLWarning: urllib3 v2 only supports OpenSSL 1.1.1+, currently the 'ssl' module is compiled with 'LibreSSL 2.8.3'. See: https://github.com/urllib3/urllib3/issues/3020
  warnings.warn(
2026-03-11 17:00:01,733 [INFO] ══ Scally Tracker — 2026-03-11 05:00 PM CT ══
2026-03-11 17:00:01,737 [INFO] DB ready: /Users/sterling/app/scally-tracker/data/inventory.db
2026-03-11 17:00:03,632 [INFO] Fetched 634 products from BSC
Traceback (most recent call last):
  File "/Users/sterling/app/scally-tracker/poller.py", line 395, in <module>
    run_poll()
  File "/Users/sterling/app/scally-tracker/poller.py", line 383, in run_poll
    process(conn, p, known)
  File "/Users/sterling/app/scally-tracker/poller.py", line 334, in process
    if is_wishlisted(pid):
NameError: name 'is_wishlisted' is not defined
/Users/sterling/Library/Python/3.9/lib/python/site-packages/urllib3/__init__.py:35: NotOpenSSLWarning: urllib3 v2 only supports OpenSSL 1.1.1+, currently the 'ssl' module is compiled with 'LibreSSL 2.8.3'. See: https://github.com/urllib3/urllib3/issues/3020
  warnings.warn(
2026-03-11 21:00:01,921 [INFO] ══ Scally Tracker — 2026-03-11 09:00 PM CT ══
2026-03-11 21:00:01,923 [INFO] DB ready: /Users/sterling/app/scally-tracker/data/inventory.db
2026-03-11 21:00:03,861 [INFO] Fetched 634 products from BSC
Traceback (most recent call last):
  File "/Users/sterling/app/scally-tracker/poller.py", line 395, in <module>
    run_poll()
  File "/Users/sterling/app/scally-tracker/poller.py", line 383, in run_poll
    process(conn, p, known)
  File "/Users/sterling/app/scally-tracker/poller.py", line 334, in process
    if is_wishlisted(pid):
NameError: name 'is_wishlisted' is not defined
/Users/sterling/Library/Python/3.9/lib/python/site-packages/urllib3/__init__.py:35: NotOpenSSLWarning: urllib3 v2 only supports OpenSSL 1.1.1+, currently the 'ssl' module is compiled with 'LibreSSL 2.8.3'. See: https://github.com/urllib3/urllib3/issues/3020
  warnings.warn(
2026-03-12 12:00:02,307 [INFO] ══ Scally Tracker — 2026-03-12 12:00 PM CT ══
2026-03-12 12:00:02,310 [INFO] DB ready: /Users/sterling/app/scally-tracker/data/inventory.db
2026-03-12 12:00:04,236 [INFO] Fetched 634 products from BSC
2026-03-12 12:00:04,481 [INFO] Categories: {'apparel': 135, 'caps': 330, 'other': 17, 'pins': 145}
2026-03-12 12:00:04,493 [INFO] ══ Poll complete ══

/Users/sterling/Library/Python/3.9/lib/python/site-packages/urllib3/__init__.py:35: NotOpenSSLWarning: urllib3 v2 only supports OpenSSL 1.1.1+, currently the 'ssl' module is compiled with 'LibreSSL 2.8.3'. See: https://github.com/urllib3/urllib3/issues/3020
  warnings.warn(
2026-03-12 16:00:01,396 [INFO] ══ Scally Tracker — 2026-03-12 04:00 PM CT ══
2026-03-12 16:00:01,398 [INFO] DB ready: /Users/sterling/app/scally-tracker/data/inventory.db
2026-03-12 16:00:03,230 [INFO] Fetched 634 products from BSC
2026-03-12 16:00:03,481 [INFO] Categories: {'apparel': 135, 'caps': 330, 'other': 17, 'pins': 145}
2026-03-12 16:00:03,491 [INFO] ══ Poll complete ══

/Users/sterling/Library/Python/3.9/lib/python/site-packages/urllib3/__init__.py:35: NotOpenSSLWarning: urllib3 v2 only supports OpenSSL 1.1.1+, currently the 'ssl' module is compiled with 'LibreSSL 2.8.3'. See: https://github.com/urllib3/urllib3/issues/3020
  warnings.warn(
2026-03-12 20:00:05,148 [INFO] ══ Scally Tracker — 2026-03-12 08:00 PM CT ══
2026-03-12 20:00:05,152 [INFO] DB ready: /Users/sterling/app/scally-tracker/data/inventory.db
2026-03-12 20:00:06,957 [INFO] Fetched 634 products from BSC
2026-03-12 20:00:07,306 [INFO] Categories: {'apparel': 135, 'caps': 330, 'other': 17, 'pins': 145}
2026-03-12 20:00:07,317 [INFO] ══ Poll complete ══

/Users/sterling/Library/Python/3.9/lib/python/site-packages/urllib3/__init__.py:35: NotOpenSSLWarning: urllib3 v2 only supports OpenSSL 1.1.1+, currently the 'ssl' module is compiled with 'LibreSSL 2.8.3'. See: https://github.com/urllib3/urllib3/issues/3020
  warnings.warn(
2026-03-13 00:00:01,392 [INFO] ══ Scally Tracker — 2026-03-13 12:00 AM CT ══
2026-03-13 00:00:01,396 [INFO] DB ready: /Users/sterling/app/scally-tracker/data/inventory.db
2026-03-13 00:00:03,263 [INFO] Fetched 634 products from BSC
2026-03-13 00:00:03,524 [INFO] Categories: {'apparel': 135, 'caps': 330, 'other': 17, 'pins': 145}
2026-03-13 00:00:03,535 [INFO] ══ Poll complete ══

/Users/sterling/Library/Python/3.9/lib/python/site-packages/urllib3/__init__.py:35: NotOpenSSLWarning: urllib3 v2 only supports OpenSSL 1.1.1+, currently the 'ssl' module is compiled with 'LibreSSL 2.8.3'. See: https://github.com/urllib3/urllib3/issues/3020
  warnings.warn(
2026-03-13 11:00:06,131 [INFO] ══ Scally Tracker — 2026-03-13 11:00 AM CT ══
2026-03-13 11:00:06,134 [INFO] DB ready: /Users/sterling/app/scally-tracker/data/inventory.db
2026-03-13 11:00:08,023 [INFO] Fetched 641 products from BSC
2026-03-13 11:00:08,031 [INFO] NEW [apparel]: Boston Scally Hat Stretcher
2026-03-13 11:00:08,318 [INFO] ntfy 200: 🆕 New on BSC!
2026-03-13 11:00:08,325 [INFO] NEW [pins]: Boston Scally The Penalty Box Cap Pin
2026-03-13 11:00:08,595 [INFO] ntfy 200: 🆕 New on BSC!
2026-03-13 11:00:08,599 [INFO] NEW [apparel]: Boston Scally The Goon Hoodie - Black
2026-03-13 11:00:08,896 [INFO] ntfy 200: 🆕 New on BSC!
2026-03-13 11:00:08,900 [INFO] NEW [caps]: The 8-Panel Penalty Box Boston Scally Cap - Power Play Plaid
2026-03-13 11:00:09,184 [INFO] ntfy 200: 🆕 New on BSC!
2026-03-13 11:00:09,190 [INFO] NEW [caps]: The Single Panel Penalty Box Boston Scally Cap - Power Play Plaid
2026-03-13 11:00:09,454 [INFO] ntfy 200: 🆕 New on BSC!
2026-03-13 11:00:09,460 [INFO] NEW [pins]: Boston Scally The Hockey Sticks Cap Pin
2026-03-13 11:00:09,768 [INFO] ntfy 200: 🆕 New on BSC!
2026-03-13 11:00:09,774 [INFO] NEW [caps]: The Goon Boston Scally Cap - Black & Gold
2026-03-13 11:00:10,071 [INFO] ntfy 200: 🆕 New on BSC!
2026-03-13 11:00:10,102 [INFO] NEW [caps]: The Kilkenny Baker Boy Boston Scally Cap - Medieval Plaid
2026-03-13 11:00:10,376 [INFO] ntfy 200: 🆕 New on BSC!
2026-03-13 11:00:10,384 [INFO] NEW [caps]: The Irish Baker Boy Boston Scally Cap - Clover & Stone
2026-03-13 11:00:10,686 [INFO] ntfy 200: 🆕 New on BSC!
2026-03-13 11:00:10,732 [INFO] NEW [caps]: The Baker Boy Boston Scally Cap - Apple Pie
2026-03-13 11:00:11,028 [INFO] ntfy 200: 🆕 New on BSC!
2026-03-13 11:00:11,033 [INFO] NEW [caps]: The Baker Boy Boston Scally Cap - Pumpkin Pie
2026-03-13 11:00:11,290 [INFO] ntfy 200: 🆕 New on BSC!
2026-03-13 11:00:11,349 [INFO] NEW [caps]: The Baker Boy Boston Scally Cap - Patriot Blue Herringbone
2026-03-13 11:00:11,611 [INFO] ntfy 200: 🆕 New on BSC!
2026-03-13 11:00:11,617 [INFO] NEW [caps]: The Baker Boy Boston Scally Cap - Brown Herringbone
2026-03-13 11:00:11,901 [INFO] ntfy 200: 🆕 New on BSC!
2026-03-13 11:00:11,905 [INFO] NEW [caps]: The Baker Boy Boston Scally Cap - Dark Olive Herringbone
2026-03-13 11:00:12,174 [INFO] ntfy 200: 🆕 New on BSC!
2026-03-13 11:00:12,220 [INFO] NEW [caps]: The Baker Boy Boston Scally Cap - Grey Herringbone
2026-03-13 11:00:12,495 [INFO] ntfy 200: 🆕 New on BSC!
2026-03-13 11:00:12,501 [INFO] NEW [caps]: The Baker Boy Boston Scally Cap - Black
2026-03-13 11:00:12,784 [INFO] ntfy 200: 🆕 New on BSC!
2026-03-13 11:00:12,790 [INFO] NEW [caps]: The Baker Boy Boston Scally Cap - Grey
2026-03-13 11:00:13,040 [INFO] ntfy 200: 🆕 New on BSC!
2026-03-13 11:00:13,183 [INFO] Categories: {'apparel': 137, 'caps': 333, 'other': 17, 'pins': 147}
2026-03-13 11:00:13,195 [INFO] ══ Poll complete ══

/Users/sterling/Library/Python/3.9/lib/python/site-packages/urllib3/__init__.py:35: NotOpenSSLWarning: urllib3 v2 only supports OpenSSL 1.1.1+, currently the 'ssl' module is compiled with 'LibreSSL 2.8.3'. See: https://github.com/urllib3/urllib3/issues/3020
  warnings.warn(
2026-03-13 15:00:00,811 [INFO] ══ Scally Tracker — 2026-03-13 03:00 PM CT ══
2026-03-13 15:00:00,814 [INFO] DB ready: /Users/sterling/app/scally-tracker/data/inventory.db
2026-03-13 15:00:02,628 [INFO] Fetched 641 products from BSC
2026-03-13 15:00:03,012 [INFO] ntfy 200: ⭐ Wishlisted Back in Stock!
2026-03-13 15:00:03,328 [INFO] ntfy 200: ⭐ Wishlisted Back in Stock!
2026-03-13 15:00:03,514 [INFO] Categories: {'apparel': 137, 'caps': 333, 'other': 17, 'pins': 147}
2026-03-13 15:00:03,525 [INFO] ══ Poll complete ══

/Users/sterling/Library/Python/3.9/lib/python/site-packages/urllib3/__init__.py:35: NotOpenSSLWarning: urllib3 v2 only supports OpenSSL 1.1.1+, currently the 'ssl' module is compiled with 'LibreSSL 2.8.3'. See: https://github.com/urllib3/urllib3/issues/3020
  warnings.warn(
2026-03-13 19:00:04,272 [INFO] ══ Scally Tracker — 2026-03-13 07:00 PM CT ══
2026-03-13 19:00:04,275 [INFO] DB ready: /Users/sterling/app/scally-tracker/data/inventory.db
2026-03-13 19:00:06,199 [INFO] Fetched 641 products from BSC
2026-03-13 19:00:06,426 [INFO] Categories: {'apparel': 137, 'caps': 333, 'other': 17, 'pins': 147}
2026-03-13 19:00:06,440 [INFO] ══ Poll complete ══

/Users/sterling/Library/Python/3.9/lib/python/site-packages/urllib3/__init__.py:35: NotOpenSSLWarning: urllib3 v2 only supports OpenSSL 1.1.1+, currently the 'ssl' module is compiled with 'LibreSSL 2.8.3'. See: https://github.com/urllib3/urllib3/issues/3020
  warnings.warn(
2026-03-14 07:00:06,108 [INFO] ══ Scally Tracker — 2026-03-14 07:00 AM CT ══
2026-03-14 07:00:06,111 [INFO] DB ready: /Users/sterling/app/scally-tracker/data/inventory.db
2026-03-14 07:00:08,018 [INFO] Fetched 641 products from BSC
2026-03-14 07:00:08,277 [INFO] Categories: {'apparel': 137, 'caps': 333, 'other': 17, 'pins': 147}
2026-03-14 07:00:08,288 [INFO] ══ Poll complete ══

/Users/sterling/Library/Python/3.9/lib/python/site-packages/urllib3/__init__.py:35: NotOpenSSLWarning: urllib3 v2 only supports OpenSSL 1.1.1+, currently the 'ssl' module is compiled with 'LibreSSL 2.8.3'. See: https://github.com/urllib3/urllib3/issues/3020
  warnings.warn(
2026-03-14 11:00:01,589 [INFO] ══ Scally Tracker — 2026-03-14 11:00 AM CT ══
2026-03-14 11:00:01,592 [INFO] DB ready: /Users/sterling/app/scally-tracker/data/inventory.db
2026-03-14 11:00:03,501 [INFO] Fetched 641 products from BSC
2026-03-14 11:00:03,732 [INFO] Categories: {'apparel': 137, 'caps': 333, 'other': 17, 'pins': 147}
2026-03-14 11:00:03,745 [INFO] ══ Poll complete ══

/Users/sterling/Library/Python/3.9/lib/python/site-packages/urllib3/__init__.py:35: NotOpenSSLWarning: urllib3 v2 only supports OpenSSL 1.1.1+, currently the 'ssl' module is compiled with 'LibreSSL 2.8.3'. See: https://github.com/urllib3/urllib3/issues/3020
  warnings.warn(
2026-03-14 15:00:04,664 [INFO] ══ Scally Tracker — 2026-03-14 03:00 PM CT ══
2026-03-14 15:00:04,667 [INFO] DB ready: /Users/sterling/app/scally-tracker/data/inventory.db
2026-03-14 15:00:06,490 [INFO] Fetched 641 products from BSC
2026-03-14 15:00:06,724 [INFO] Categories: {'apparel': 137, 'caps': 333, 'other': 17, 'pins': 147}
2026-03-14 15:00:06,738 [INFO] ══ Poll complete ══

/Users/sterling/Library/Python/3.9/lib/python/site-packages/urllib3/__init__.py:35: NotOpenSSLWarning: urllib3 v2 only supports OpenSSL 1.1.1+, currently the 'ssl' module is compiled with 'LibreSSL 2.8.3'. See: https://github.com/urllib3/urllib3/issues/3020
  warnings.warn(
2026-03-14 19:00:05,681 [INFO] ══ Scally Tracker — 2026-03-14 07:00 PM CT ══
2026-03-14 19:00:05,683 [INFO] DB ready: /Users/sterling/app/scally-tracker/data/inventory.db
2026-03-14 19:00:07,584 [INFO] Fetched 641 products from BSC
2026-03-14 19:00:07,824 [INFO] Categories: {'apparel': 137, 'caps': 333, 'other': 17, 'pins': 147}
2026-03-14 19:00:07,838 [INFO] ══ Poll complete ══

/Users/sterling/Library/Python/3.9/lib/python/site-packages/urllib3/__init__.py:35: NotOpenSSLWarning: urllib3 v2 only supports OpenSSL 1.1.1+, currently the 'ssl' module is compiled with 'LibreSSL 2.8.3'. See: https://github.com/urllib3/urllib3/issues/3020
  warnings.warn(
2026-03-15 07:00:05,740 [INFO] ══ Scally Tracker — 2026-03-15 07:00 AM CT ══
2026-03-15 07:00:05,744 [INFO] DB ready: /Users/sterling/app/scally-tracker/data/inventory.db
2026-03-15 07:00:07,581 [INFO] Fetched 641 products from BSC
2026-03-15 07:00:07,848 [INFO] Categories: {'apparel': 137, 'caps': 333, 'other': 17, 'pins': 147}
2026-03-15 07:00:07,862 [INFO] ══ Poll complete ══

/Users/sterling/Library/Python/3.9/lib/python/site-packages/urllib3/__init__.py:35: NotOpenSSLWarning: urllib3 v2 only supports OpenSSL 1.1.1+, currently the 'ssl' module is compiled with 'LibreSSL 2.8.3'. See: https://github.com/urllib3/urllib3/issues/3020
  warnings.warn(
2026-03-15 11:00:05,592 [INFO] ══ Scally Tracker — 2026-03-15 11:00 AM CT ══
2026-03-15 11:00:05,596 [INFO] DB ready: /Users/sterling/app/scally-tracker/data/inventory.db
2026-03-15 11:00:07,530 [INFO] Fetched 641 products from BSC
2026-03-15 11:00:07,777 [INFO] Categories: {'apparel': 137, 'caps': 333, 'other': 17, 'pins': 147}
2026-03-15 11:00:07,791 [INFO] ══ Poll complete ══

/Users/sterling/Library/Python/3.9/lib/python/site-packages/urllib3/__init__.py:35: NotOpenSSLWarning: urllib3 v2 only supports OpenSSL 1.1.1+, currently the 'ssl' module is compiled with 'LibreSSL 2.8.3'. See: https://github.com/urllib3/urllib3/issues/3020
  warnings.warn(
2026-03-15 19:00:03,604 [INFO] ══ Scally Tracker — 2026-03-15 07:00 PM CT ══
2026-03-15 19:00:03,607 [INFO] DB ready: /Users/sterling/app/scally-tracker/data/inventory.db
2026-03-15 19:00:05,547 [INFO] Fetched 641 products from BSC
2026-03-15 19:00:05,805 [INFO] Categories: {'apparel': 139, 'caps': 335, 'other': 17, 'pins': 150}
2026-03-15 19:00:05,820 [INFO] ══ Poll complete ══

/Users/sterling/Library/Python/3.9/lib/python/site-packages/urllib3/__init__.py:35: NotOpenSSLWarning: urllib3 v2 only supports OpenSSL 1.1.1+, currently the 'ssl' module is compiled with 'LibreSSL 2.8.3'. See: https://github.com/urllib3/urllib3/issues/3020
  warnings.warn(
2026-03-16 07:00:01,831 [INFO] ══ Scally Tracker — 2026-03-16 07:00 AM CT ══
2026-03-16 07:00:01,835 [INFO] DB ready: /Users/sterling/app/scally-tracker/data/inventory.db
2026-03-16 07:00:03,868 [INFO] Fetched 641 products from BSC
2026-03-16 07:00:04,521 [INFO] ntfy 200: 🎉 Back in Stock!
2026-03-16 07:00:04,925 [INFO] ntfy 200: 🎉 Back in Stock!
2026-03-16 07:00:05,059 [INFO] Categories: {'apparel': 139, 'caps': 335, 'other': 17, 'pins': 150}
2026-03-16 07:00:05,079 [INFO] ══ Poll complete ══

/Users/sterling/Library/Python/3.9/lib/python/site-packages/urllib3/__init__.py:35: NotOpenSSLWarning: urllib3 v2 only supports OpenSSL 1.1.1+, currently the 'ssl' module is compiled with 'LibreSSL 2.8.3'. See: https://github.com/urllib3/urllib3/issues/3020
  warnings.warn(
2026-03-16 11:00:03,725 [INFO] ══ Scally Tracker — 2026-03-16 11:00 AM CT ══
2026-03-16 11:00:03,727 [INFO] DB ready: /Users/sterling/app/scally-tracker/data/inventory.db
2026-03-16 11:00:05,644 [INFO] Fetched 641 products from BSC
2026-03-16 11:00:06,084 [INFO] ntfy 200: 🎉 Back in Stock!
2026-03-16 11:00:06,399 [INFO] ntfy 200: 🎉 Back in Stock!
2026-03-16 11:00:06,769 [INFO] ntfy 200: 🎉 Back in Stock!
2026-03-16 11:00:07,089 [INFO] ntfy 200: ⭐ Wishlisted Back in Stock!
2026-03-16 11:00:07,365 [INFO] ntfy 200: ⭐ Wishlisted Back in Stock!
2026-03-16 11:00:07,765 [INFO] ntfy 200: ⭐ Wishlisted Back in Stock!
2026-03-16 11:00:08,205 [INFO] ntfy 200: ⭐ Wishlisted Back in Stock!
2026-03-16 11:00:08,517 [INFO] ntfy 200: ⭐ Wishlisted Back in Stock!
2026-03-16 11:00:08,792 [INFO] ntfy 200: 🎉 Back in Stock!
2026-03-16 11:00:09,076 [INFO] ntfy 200: 🎉 Back in Stock!
2026-03-16 11:00:09,347 [INFO] ntfy 200: 🎉 Back in Stock!
2026-03-16 11:00:09,621 [INFO] ntfy 200: 🎉 Back in Stock!
2026-03-16 11:00:09,942 [INFO] ntfy 200: ⭐ Wishlisted Back in Stock!
2026-03-16 11:00:10,239 [INFO] ntfy 200: ⭐ Wishlisted Back in Stock!
2026-03-16 11:00:10,571 [INFO] ntfy 200: ⭐ Wishlisted Back in Stock!
2026-03-16 11:00:10,934 [INFO] ntfy 200: 🎉 Back in Stock!
2026-03-16 11:00:11,240 [INFO] ntfy 200: 🎉 Back in Stock!
2026-03-16 11:00:11,606 [INFO] ntfy 200: 🎉 Back in Stock!
2026-03-16 11:00:11,886 [INFO] ntfy 200: 🎉 Back in Stock!
2026-03-16 11:00:12,013 [INFO] Categories: {'apparel': 139, 'caps': 335, 'other': 17, 'pins': 150}
2026-03-16 11:00:12,044 [INFO] ══ Poll complete ══

/Users/sterling/Library/Python/3.9/lib/python/site-packages/urllib3/__init__.py:35: NotOpenSSLWarning: urllib3 v2 only supports OpenSSL 1.1.1+, currently the 'ssl' module is compiled with 'LibreSSL 2.8.3'. See: https://github.com/urllib3/urllib3/issues/3020
  warnings.warn(
2026-03-16 15:00:02,779 [INFO] ══ Scally Tracker — 2026-03-16 03:00 PM CT ══
2026-03-16 15:00:02,782 [INFO] DB ready: /Users/sterling/app/scally-tracker/data/inventory.db
2026-03-16 15:00:04,490 [INFO] Fetched 641 products from BSC
2026-03-16 15:00:05,020 [INFO] ntfy 200: 🎉 Back in Stock!
2026-03-16 15:00:05,538 [INFO] ntfy 200: 🎉 Back in Stock!
2026-03-16 15:00:05,981 [INFO] ntfy 200: 🎉 Back in Stock!
2026-03-16 15:00:06,373 [INFO] ntfy 200: 🎉 Back in Stock!
2026-03-16 15:00:06,780 [INFO] ntfy 200: 🎉 Back in Stock!
2026-03-16 15:00:07,099 [INFO] ntfy 200: 🎉 Back in Stock!
2026-03-16 15:00:07,364 [INFO] ntfy 200: 🎉 Back in Stock!
2026-03-16 15:00:07,628 [INFO] ntfy 200: 🎉 Back in Stock!
2026-03-16 15:00:07,902 [INFO] ntfy 200: 🎉 Back in Stock!
2026-03-16 15:00:08,183 [INFO] ntfy 200: 🎉 Back in Stock!
2026-03-16 15:00:08,466 [INFO] ntfy 200: 🎉 Back in Stock!
2026-03-16 15:00:08,920 [INFO] ntfy 200: 🎉 Back in Stock!
2026-03-16 15:00:09,216 [INFO] ntfy 200: 🎉 Back in Stock!
2026-03-16 15:00:09,564 [INFO] ntfy 200: 🎉 Back in Stock!
2026-03-16 15:00:09,854 [INFO] ntfy 200: 🎉 Back in Stock!
2026-03-16 15:00:10,117 [INFO] ntfy 200: 🎉 Back in Stock!
2026-03-16 15:00:10,406 [INFO] ntfy 200: 🎉 Back in Stock!
2026-03-16 15:00:10,662 [INFO] ntfy 200: 🎉 Back in Stock!
2026-03-16 15:00:10,927 [INFO] ntfy 200: 🎉 Back in Stock!
2026-03-16 15:00:11,198 [INFO] ntfy 200: 🎉 Back in Stock!
2026-03-16 15:00:11,459 [INFO] ntfy 200: 🎉 Back in Stock!
2026-03-16 15:00:11,729 [INFO] ntfy 200: 🎉 Back in Stock!
2026-03-16 15:00:11,996 [INFO] ntfy 200: 🎉 Back in Stock!
2026-03-16 15:00:12,257 [INFO] ntfy 200: 🎉 Back in Stock!
2026-03-16 15:00:12,558 [INFO] ntfy 200: 🎉 Back in Stock!
2026-03-16 15:00:12,830 [INFO] ntfy 200: 🎉 Back in Stock!
2026-03-16 15:00:13,101 [INFO] ntfy 200: 🎉 Back in Stock!
2026-03-16 15:00:13,377 [INFO] ntfy 200: 🎉 Back in Stock!
2026-03-16 15:00:13,642 [INFO] ntfy 200: 🎉 Back in Stock!
2026-03-16 15:00:13,912 [INFO] ntfy 200: 🎉 Back in Stock!
2026-03-16 15:00:14,181 [INFO] ntfy 200: 🎉 Back in Stock!
2026-03-16 15:00:14,458 [INFO] ntfy 200: 🎉 Back in Stock!
2026-03-16 15:00:14,796 [INFO] ntfy 200: 🎉 Back in Stock!
2026-03-16 15:00:15,055 [INFO] ntfy 200: 🎉 Back in Stock!
2026-03-16 15:00:15,323 [INFO] ntfy 200: 🎉 Back in Stock!
2026-03-16 15:00:15,678 [INFO] ntfy 200: 🎉 Back in Stock!
2026-03-16 15:00:15,975 [INFO] ntfy 200: 🎉 Back in Stock!
2026-03-16 15:00:16,285 [INFO] ntfy 200: 🎉 Back in Stock!
2026-03-16 15:00:16,563 [INFO] ntfy 200: 🎉 Back in Stock!
2026-03-16 15:00:16,830 [INFO] ntfy 200: 🎉 Back in Stock!
2026-03-16 15:00:17,156 [INFO] ntfy 200: 🎉 Back in Stock!
2026-03-16 15:00:17,163 [INFO] Categories: {'apparel': 139, 'caps': 335, 'other': 17, 'pins': 150}
2026-03-16 15:00:17,227 [INFO] ══ Poll complete ══

/Users/sterling/Library/Python/3.9/lib/python/site-packages/urllib3/__init__.py:35: NotOpenSSLWarning: urllib3 v2 only supports OpenSSL 1.1.1+, currently the 'ssl' module is compiled with 'LibreSSL 2.8.3'. See: https://github.com/urllib3/urllib3/issues/3020
  warnings.warn(
2026-03-16 19:00:02,815 [INFO] ══ Scally Tracker — 2026-03-16 07:00 PM CT ══
2026-03-16 19:00:02,819 [INFO] DB ready: /Users/sterling/app/scally-tracker/data/inventory.db
2026-03-16 19:00:04,643 [INFO] Fetched 641 products from BSC
2026-03-16 19:00:04,930 [INFO] Categories: {'apparel': 139, 'caps': 335, 'other': 17, 'pins': 150}
2026-03-16 19:00:04,948 [INFO] ══ Poll complete ══

/Users/sterling/Library/Python/3.9/lib/python/site-packages/urllib3/__init__.py:35: NotOpenSSLWarning: urllib3 v2 only supports OpenSSL 1.1.1+, currently the 'ssl' module is compiled with 'LibreSSL 2.8.3'. See: https://github.com/urllib3/urllib3/issues/3020
  warnings.warn(
2026-03-17 07:00:02,110 [INFO] ══ Scally Tracker — 2026-03-17 07:00 AM CT ══
2026-03-17 07:00:02,114 [INFO] DB ready: /Users/sterling/app/scally-tracker/data/inventory.db
2026-03-17 07:00:08,003 [INFO] Fetched 641 products from BSC
2026-03-17 07:00:08,825 [INFO] ntfy 200: 🎉 Back in Stock!
2026-03-17 07:00:08,847 [INFO] Categories: {'apparel': 139, 'caps': 335, 'other': 17, 'pins': 150}
2026-03-17 07:00:08,878 [INFO] ══ Poll complete ══

/Users/sterling/Library/Python/3.9/lib/python/site-packages/urllib3/__init__.py:35: NotOpenSSLWarning: urllib3 v2 only supports OpenSSL 1.1.1+, currently the 'ssl' module is compiled with 'LibreSSL 2.8.3'. See: https://github.com/urllib3/urllib3/issues/3020
  warnings.warn(
2026-03-17 11:00:02,130 [INFO] ══ Scally Tracker — 2026-03-17 11:00 AM CT ══
2026-03-17 11:00:02,132 [INFO] DB ready: /Users/sterling/app/scally-tracker/data/inventory.db
2026-03-17 11:00:04,048 [INFO] Fetched 641 products from BSC
2026-03-17 11:00:04,572 [INFO] ntfy 200: 🎉 Back in Stock!
2026-03-17 11:00:04,969 [INFO] ntfy 200: 🎉 Back in Stock!
2026-03-17 11:00:05,434 [INFO] ntfy 200: 🎉 Back in Stock!
2026-03-17 11:00:05,976 [INFO] ntfy 200: ⭐ Wishlisted Back in Stock!
2026-03-17 11:00:06,738 [INFO] ntfy 200: ⭐ Wishlisted Back in Stock!
2026-03-17 11:00:07,088 [INFO] ntfy 200: ⭐ Wishlisted Back in Stock!
2026-03-17 11:00:07,569 [INFO] ntfy 200: 🎉 Back in Stock!
2026-03-17 11:00:08,061 [INFO] ntfy 200: 🎉 Back in Stock!
2026-03-17 11:00:08,370 [INFO] ntfy 200: 🎉 Back in Stock!
2026-03-17 11:00:09,042 [INFO] ntfy 200: 🎉 Back in Stock!
2026-03-17 11:00:09,451 [INFO] ntfy 200: 🎉 Back in Stock!
2026-03-17 11:00:09,783 [INFO] ntfy 200: 🎉 Back in Stock!
2026-03-17 11:00:10,104 [INFO] ntfy 200: 🎉 Back in Stock!
2026-03-17 11:00:10,812 [INFO] ntfy 200: 🎉 Back in Stock!
2026-03-17 11:00:11,187 [INFO] ntfy 200: 🎉 Back in Stock!
2026-03-17 11:00:11,805 [INFO] ntfy 200: 🎉 Back in Stock!
2026-03-17 11:00:12,149 [INFO] ntfy 200: 🎉 Back in Stock!
2026-03-17 11:00:12,553 [INFO] ntfy 200: 🎉 Back in Stock!
2026-03-17 11:00:12,999 [INFO] ntfy 200: 🎉 Back in Stock!
2026-03-17 11:00:13,455 [INFO] ntfy 200: 🎉 Back in Stock!
2026-03-17 11:00:13,813 [INFO] ntfy 200: 🎉 Back in Stock!
2026-03-17 11:00:14,121 [INFO] ntfy 200: 🎉 Back in Stock!
2026-03-17 11:00:14,486 [INFO] ntfy 200: 🎉 Back in Stock!
2026-03-17 11:00:14,776 [INFO] ntfy 200: 🎉 Back in Stock!
2026-03-17 11:00:14,796 [INFO] Categories: {'apparel': 139, 'caps': 335, 'other': 17, 'pins': 150}
2026-03-17 11:00:14,826 [INFO] ══ Poll complete ══

/Users/sterling/Library/Python/3.9/lib/python/site-packages/urllib3/__init__.py:35: NotOpenSSLWarning: urllib3 v2 only supports OpenSSL 1.1.1+, currently the 'ssl' module is compiled with 'LibreSSL 2.8.3'. See: https://github.com/urllib3/urllib3/issues/3020
  warnings.warn(
2026-03-17 15:00:02,258 [INFO] ══ Scally Tracker — 2026-03-17 03:00 PM CT ══
2026-03-17 15:00:02,261 [INFO] DB ready: /Users/sterling/app/scally-tracker/data/inventory.db
2026-03-17 15:00:04,151 [INFO] Fetched 641 products from BSC
2026-03-17 15:00:04,824 [INFO] ntfy 200: 🎉 Back in Stock!
2026-03-17 15:00:05,259 [INFO] ntfy 200: 🎉 Back in Stock!
2026-03-17 15:00:05,927 [INFO] ntfy 200: 🎉 Back in Stock!
2026-03-17 15:00:06,370 [INFO] ntfy 200: 🎉 Back in Stock!
2026-03-17 15:00:07,049 [INFO] ntfy 200: ⭐ Wishlisted Back in Stock!
2026-03-17 15:00:07,371 [INFO] ntfy 200: 🎉 Back in Stock!
2026-03-17 15:00:07,893 [INFO] ntfy 200: 🎉 Back in Stock!
2026-03-17 15:00:08,181 [INFO] ntfy 200: 🎉 Back in Stock!
2026-03-17 15:00:08,588 [INFO] ntfy 200: 🎉 Back in Stock!
2026-03-17 15:00:09,039 [INFO] ntfy 200: 🎉 Back in Stock!
2026-03-17 15:00:09,089 [INFO] Categories: {'apparel': 139, 'caps': 335, 'other': 17, 'pins': 150}
2026-03-17 15:00:09,120 [INFO] ══ Poll complete ══

/Users/sterling/Library/Python/3.9/lib/python/site-packages/urllib3/__init__.py:35: NotOpenSSLWarning: urllib3 v2 only supports OpenSSL 1.1.1+, currently the 'ssl' module is compiled with 'LibreSSL 2.8.3'. See: https://github.com/urllib3/urllib3/issues/3020
  warnings.warn(
2026-03-17 19:00:02,319 [INFO] ══ Scally Tracker — 2026-03-17 07:00 PM CT ══
2026-03-17 19:00:02,323 [INFO] DB ready: /Users/sterling/app/scally-tracker/data/inventory.db
2026-03-17 19:00:04,050 [INFO] Fetched 641 products from BSC
2026-03-17 19:00:05,071 [INFO] ntfy 200: 🎉 Back in Stock!
2026-03-17 19:00:05,265 [INFO] Categories: {'apparel': 139, 'caps': 335, 'other': 17, 'pins': 150}
2026-03-17 19:00:05,287 [INFO] ══ Poll complete ══

/Users/sterling/Library/Python/3.9/lib/python/site-packages/urllib3/__init__.py:35: NotOpenSSLWarning: urllib3 v2 only supports OpenSSL 1.1.1+, currently the 'ssl' module is compiled with 'LibreSSL 2.8.3'. See: https://github.com/urllib3/urllib3/issues/3020
  warnings.warn(
2026-03-18 07:00:03,613 [INFO] ══ Scally Tracker — 2026-03-18 07:00 AM CT ══
2026-03-18 07:00:03,617 [INFO] DB ready: /Users/sterling/app/scally-tracker/data/inventory.db
2026-03-18 07:00:05,610 [INFO] Fetched 641 products from BSC
2026-03-18 07:00:06,041 [INFO] ntfy 200: ⭐ Wishlisted Back in Stock!
2026-03-18 07:00:06,383 [INFO] Categories: {'apparel': 139, 'caps': 335, 'other': 17, 'pins': 150}
2026-03-18 07:00:06,405 [INFO] ══ Poll complete ══

/Users/sterling/Library/Python/3.9/lib/python/site-packages/urllib3/__init__.py:35: NotOpenSSLWarning: urllib3 v2 only supports OpenSSL 1.1.1+, currently the 'ssl' module is compiled with 'LibreSSL 2.8.3'. See: https://github.com/urllib3/urllib3/issues/3020
  warnings.warn(
2026-03-18 11:00:01,594 [INFO] ══ Scally Tracker — 2026-03-18 11:00 AM CT ══
2026-03-18 11:00:01,596 [INFO] DB ready: /Users/sterling/app/scally-tracker/data/inventory.db
2026-03-18 11:00:03,449 [INFO] Fetched 649 products from BSC
2026-03-18 11:00:03,768 [INFO] Categories: {'apparel': 142, 'caps': 340, 'other': 17, 'pins': 150}
2026-03-18 11:00:03,788 [INFO] ══ Poll complete ══

/Users/sterling/Library/Python/3.9/lib/python/site-packages/urllib3/__init__.py:35: NotOpenSSLWarning: urllib3 v2 only supports OpenSSL 1.1.1+, currently the 'ssl' module is compiled with 'LibreSSL 2.8.3'. See: https://github.com/urllib3/urllib3/issues/3020
  warnings.warn(
2026-03-18 15:00:05,244 [INFO] ══ Scally Tracker — 2026-03-18 03:00 PM CT ══
2026-03-18 15:00:05,246 [INFO] DB ready: /Users/sterling/app/scally-tracker/data/inventory.db
2026-03-18 15:00:07,185 [INFO] Fetched 649 products from BSC
2026-03-18 15:00:07,689 [INFO] ntfy 200: 🎉 Back in Stock!
2026-03-18 15:00:08,013 [INFO] Categories: {'apparel': 142, 'caps': 340, 'other': 17, 'pins': 150}
2026-03-18 15:00:08,033 [INFO] ══ Poll complete ══

/Users/sterling/Library/Python/3.9/lib/python/site-packages/urllib3/__init__.py:35: NotOpenSSLWarning: urllib3 v2 only supports OpenSSL 1.1.1+, currently the 'ssl' module is compiled with 'LibreSSL 2.8.3'. See: https://github.com/urllib3/urllib3/issues/3020
  warnings.warn(
2026-03-18 19:00:06,310 [INFO] ══ Scally Tracker — 2026-03-18 07:00 PM CT ══
2026-03-18 19:00:06,313 [INFO] DB ready: /Users/sterling/app/scally-tracker/data/inventory.db
2026-03-18 19:00:08,172 [INFO] Fetched 649 products from BSC
2026-03-18 19:00:08,552 [INFO] Categories: {'apparel': 142, 'caps': 340, 'other': 17, 'pins': 150}
2026-03-18 19:00:08,571 [INFO] ══ Poll complete ══

/Users/sterling/Library/Python/3.9/lib/python/site-packages/urllib3/__init__.py:35: NotOpenSSLWarning: urllib3 v2 only supports OpenSSL 1.1.1+, currently the 'ssl' module is compiled with 'LibreSSL 2.8.3'. See: https://github.com/urllib3/urllib3/issues/3020
  warnings.warn(
2026-03-19 07:00:02,274 [INFO] ══ Scally Tracker — 2026-03-19 07:00 AM CT ══
2026-03-19 07:00:02,277 [INFO] DB ready: /Users/sterling/app/scally-tracker/data/inventory.db
2026-03-19 07:00:04,268 [INFO] Fetched 649 products from BSC
2026-03-19 07:00:04,776 [INFO] Categories: {'apparel': 142, 'caps': 340, 'other': 17, 'pins': 150}
2026-03-19 07:00:04,798 [INFO] ══ Poll complete ══

/Users/sterling/Library/Python/3.9/lib/python/site-packages/urllib3/__init__.py:35: NotOpenSSLWarning: urllib3 v2 only supports OpenSSL 1.1.1+, currently the 'ssl' module is compiled with 'LibreSSL 2.8.3'. See: https://github.com/urllib3/urllib3/issues/3020
  warnings.warn(
2026-03-19 11:00:06,306 [INFO] ══ Scally Tracker — 2026-03-19 11:00 AM CT ══
2026-03-19 11:00:06,308 [INFO] DB ready: /Users/sterling/app/scally-tracker/data/inventory.db
2026-03-19 11:00:08,289 [INFO] Fetched 649 products from BSC
2026-03-19 11:00:08,781 [INFO] ntfy 200: 🎉 Back in Stock!
2026-03-19 11:00:09,211 [INFO] ntfy 200: 🎉 Back in Stock!
2026-03-19 11:00:09,626 [INFO] ntfy 200: 🎉 Back in Stock!
2026-03-19 11:00:10,123 [INFO] ntfy 200: 🎉 Back in Stock!
2026-03-19 11:00:10,466 [INFO] ntfy 200: 🎉 Back in Stock!
2026-03-19 11:00:11,080 [INFO] ntfy 200: 🎉 Back in Stock!
2026-03-19 11:00:11,436 [INFO] ntfy 200: 🎉 Back in Stock!
2026-03-19 11:00:11,789 [INFO] ntfy 200: 🎉 Back in Stock!
2026-03-19 11:00:12,155 [INFO] ntfy 200: 🎉 Back in Stock!
2026-03-19 11:00:12,911 [INFO] ntfy 200: 🎉 Back in Stock!
2026-03-19 11:00:13,582 [INFO] ntfy 200: 🎉 Back in Stock!
2026-03-19 11:00:13,924 [INFO] ntfy 200: 🎉 Back in Stock!
2026-03-19 11:00:14,271 [INFO] ntfy 200: 🎉 Back in Stock!
2026-03-19 11:00:14,845 [INFO] ntfy 200: 🎉 Back in Stock!
2026-03-19 11:00:15,170 [INFO] ntfy 200: 🎉 Back in Stock!
2026-03-19 11:00:15,648 [INFO] ntfy 200: 🎉 Back in Stock!
2026-03-19 11:00:16,317 [INFO] ntfy 200: 🎉 Back in Stock!
2026-03-19 11:00:16,649 [INFO] ntfy 200: 🎉 Back in Stock!
2026-03-19 11:00:17,213 [INFO] ntfy 200: 🎉 Back in Stock!
2026-03-19 11:00:17,545 [INFO] ntfy 200: 🎉 Back in Stock!
2026-03-19 11:00:18,125 [INFO] ntfy 200: 🎉 Back in Stock!
2026-03-19 11:00:18,650 [INFO] ntfy 200: 🎉 Back in Stock!
2026-03-19 11:00:19,015 [INFO] ntfy 200: 🎉 Back in Stock!
2026-03-19 11:00:19,429 [INFO] ntfy 200: 🎉 Back in Stock!
2026-03-19 11:00:20,036 [INFO] ntfy 200: 🎉 Back in Stock!
2026-03-19 11:00:20,353 [INFO] ntfy 200: 🎉 Back in Stock!
2026-03-19 11:00:20,684 [INFO] ntfy 200: 🎉 Back in Stock!
2026-03-19 11:00:21,391 [INFO] ntfy 200: 🎉 Back in Stock!
2026-03-19 11:00:21,704 [INFO] ntfy 200: 🎉 Back in Stock!
2026-03-19 11:00:22,074 [INFO] ntfy 200: 🎉 Back in Stock!
2026-03-19 11:00:23,058 [INFO] ntfy 200: 🎉 Back in Stock!
2026-03-19 11:00:23,399 [INFO] ntfy 200: 🎉 Back in Stock!
2026-03-19 11:00:23,905 [INFO] ntfy 200: 🎉 Back in Stock!
2026-03-19 11:00:24,312 [INFO] ntfy 200: 🎉 Back in Stock!
2026-03-19 11:00:24,726 [INFO] ntfy 200: 🎉 Back in Stock!
2026-03-19 11:00:25,121 [INFO] ntfy 200: 🎉 Back in Stock!
2026-03-19 11:00:25,432 [INFO] ntfy 200: 🎉 Back in Stock!
2026-03-19 11:00:25,764 [INFO] ntfy 200: 🎉 Back in Stock!
2026-03-19 11:00:26,284 [INFO] ntfy 200: 🎉 Back in Stock!
2026-03-19 11:00:26,616 [INFO] ntfy 200: 🎉 Back in Stock!
2026-03-19 11:00:27,206 [INFO] ntfy 200: 🎉 Back in Stock!
2026-03-19 11:00:27,937 [INFO] ntfy 200: 🎉 Back in Stock!
2026-03-19 11:00:28,624 [INFO] ntfy 200: 🎉 Back in Stock!
2026-03-19 11:00:28,737 [INFO] Categories: {'apparel': 142, 'caps': 340, 'other': 17, 'pins': 150}
2026-03-19 11:00:28,809 [INFO] ══ Poll complete ══

/Users/sterling/Library/Python/3.9/lib/python/site-packages/urllib3/__init__.py:35: NotOpenSSLWarning: urllib3 v2 only supports OpenSSL 1.1.1+, currently the 'ssl' module is compiled with 'LibreSSL 2.8.3'. See: https://github.com/urllib3/urllib3/issues/3020
  warnings.warn(
2026-03-19 15:00:05,806 [INFO] ══ Scally Tracker — 2026-03-19 03:00 PM CT ══
2026-03-19 15:00:05,809 [INFO] DB ready: /Users/sterling/app/scally-tracker/data/inventory.db
2026-03-19 15:00:07,785 [INFO] Fetched 649 products from BSC
2026-03-19 15:00:08,575 [INFO] ntfy 200: 🎉 Back in Stock!
2026-03-19 15:00:08,905 [INFO] ntfy 200: 🎉 Back in Stock!
2026-03-19 15:00:09,239 [INFO] ntfy 200: 🎉 Back in Stock!
2026-03-19 15:00:09,815 [INFO] ntfy 200: 🎉 Back in Stock!
2026-03-19 15:00:10,544 [INFO] ntfy 200: 🎉 Back in Stock!
2026-03-19 15:00:10,878 [INFO] ntfy 200: 🎉 Back in Stock!
2026-03-19 15:00:11,212 [INFO] ntfy 200: 🎉 Back in Stock!
2026-03-19 15:00:11,553 [INFO] ntfy 200: 🎉 Back in Stock!
2026-03-19 15:00:11,914 [INFO] ntfy 200: 🎉 Back in Stock!
2026-03-19 15:00:12,271 [INFO] ntfy 200: 🎉 Back in Stock!
2026-03-19 15:00:12,649 [INFO] ntfy 200: 🎉 Back in Stock!
2026-03-19 15:00:12,996 [INFO] ntfy 200: 🎉 Back in Stock!
2026-03-19 15:00:13,346 [INFO] ntfy 200: 🎉 Back in Stock!
2026-03-19 15:00:13,679 [INFO] ntfy 200: 🎉 Back in Stock!
2026-03-19 15:00:14,009 [INFO] ntfy 200: 🎉 Back in Stock!
2026-03-19 15:00:14,775 [INFO] ntfy 200: 🎉 Back in Stock!
2026-03-19 15:00:15,168 [INFO] ntfy 200: 🎉 Back in Stock!
2026-03-19 15:00:15,519 [INFO] ntfy 200: 🎉 Back in Stock!
2026-03-19 15:00:15,888 [INFO] ntfy 200: 🎉 Back in Stock!
2026-03-19 15:00:16,333 [INFO] ntfy 200: 🎉 Back in Stock!
2026-03-19 15:00:16,379 [INFO] Categories: {'apparel': 142, 'caps': 340, 'other': 17, 'pins': 150}
2026-03-19 15:00:16,409 [INFO] ══ Poll complete ══

/Users/sterling/Library/Python/3.9/lib/python/site-packages/urllib3/__init__.py:35: NotOpenSSLWarning: urllib3 v2 only supports OpenSSL 1.1.1+, currently the 'ssl' module is compiled with 'LibreSSL 2.8.3'. See: https://github.com/urllib3/urllib3/issues/3020
  warnings.warn(
2026-03-19 19:00:05,817 [INFO] ══ Scally Tracker — 2026-03-19 07:00 PM CT ══
2026-03-19 19:00:05,819 [INFO] DB ready: /Users/sterling/app/scally-tracker/data/inventory.db
2026-03-19 19:00:07,797 [INFO] Fetched 649 products from BSC
2026-03-19 19:00:08,518 [INFO] ntfy 200: 🎉 Back in Stock!
2026-03-19 19:00:08,809 [INFO] Categories: {'apparel': 142, 'caps': 340, 'other': 17, 'pins': 150}
2026-03-19 19:00:08,833 [INFO] ══ Poll complete ══

/Users/sterling/Library/Python/3.9/lib/python/site-packages/urllib3/__init__.py:35: NotOpenSSLWarning: urllib3 v2 only supports OpenSSL 1.1.1+, currently the 'ssl' module is compiled with 'LibreSSL 2.8.3'. See: https://github.com/urllib3/urllib3/issues/3020
  warnings.warn(
2026-03-20 07:00:05,730 [INFO] ══ Scally Tracker — 2026-03-20 07:00 AM CT ══
2026-03-20 07:00:05,734 [INFO] DB ready: /Users/sterling/app/scally-tracker/data/inventory.db
2026-03-20 07:00:07,477 [INFO] Fetched 649 products from BSC
2026-03-20 07:00:07,884 [INFO] Categories: {'apparel': 142, 'caps': 340, 'other': 17, 'pins': 150}
2026-03-20 07:00:07,907 [INFO] ══ Poll complete ══

/Users/sterling/Library/Python/3.9/lib/python/site-packages/urllib3/__init__.py:35: NotOpenSSLWarning: urllib3 v2 only supports OpenSSL 1.1.1+, currently the 'ssl' module is compiled with 'LibreSSL 2.8.3'. See: https://github.com/urllib3/urllib3/issues/3020
  warnings.warn(
2026-03-20 11:00:05,305 [INFO] ══ Scally Tracker — 2026-03-20 11:00 AM CT ══
2026-03-20 11:00:05,307 [INFO] DB ready: /Users/sterling/app/scally-tracker/data/inventory.db
2026-03-20 11:00:07,029 [INFO] Fetched 652 products from BSC
2026-03-20 11:00:07,041 [INFO] NEW [apparel]: Boston Scally The Egghead Hoodie - Dusty Pink
2026-03-20 11:00:07,380 [INFO] ntfy 200: 🆕 New on BSC!
2026-03-20 11:00:07,386 [INFO] NEW [caps]: The Egghead Boston Scally Cap - Blue & Pastel Plaid
2026-03-20 11:00:07,822 [INFO] ntfy 200: 🆕 New on BSC!
2026-03-20 11:00:07,827 [INFO] RELEASE auto-added: The Egghead Boston Scally Cap - Blue & Pastel Plaid on 3/20/26
2026-03-20 11:00:07,829 [INFO] NEW [pins]: Boston Scally The Egghead Cap Pin
2026-03-20 11:00:08,161 [INFO] ntfy 200: 🆕 New on BSC!
2026-03-20 11:00:08,812 [INFO] ntfy 200: 🎉 Back in Stock!
2026-03-20 11:00:09,464 [INFO] ntfy 200: 🎉 Back in Stock!
2026-03-20 11:00:10,100 [INFO] ntfy 200: 🎉 Back in Stock!
2026-03-20 11:00:10,440 [INFO] ntfy 200: 🎉 Back in Stock!
2026-03-20 11:00:10,988 [INFO] ntfy 200: 🎉 Back in Stock!
2026-03-20 11:00:11,336 [INFO] ntfy 200: 🎉 Back in Stock!
2026-03-20 11:00:11,997 [INFO] ntfy 200: 🎉 Back in Stock!
2026-03-20 11:00:12,279 [INFO] ntfy 200: 🎉 Back in Stock!
2026-03-20 11:00:12,615 [INFO] ntfy 200: 🎉 Back in Stock!
2026-03-20 11:00:12,911 [INFO] ntfy 200: 🎉 Back in Stock!
2026-03-20 11:00:13,216 [INFO] ntfy 200: 🎉 Back in Stock!
2026-03-20 11:00:13,544 [INFO] ntfy 200: 🎉 Back in Stock!
2026-03-20 11:00:13,834 [INFO] ntfy 200: 🎉 Back in Stock!
2026-03-20 11:00:14,292 [INFO] ntfy 200: 🎉 Back in Stock!
2026-03-20 11:00:14,696 [INFO] ntfy 200: 🎉 Back in Stock!
2026-03-20 11:00:15,180 [INFO] ntfy 200: 🎉 Back in Stock!
2026-03-20 11:00:15,486 [INFO] ntfy 200: 🎉 Back in Stock!
2026-03-20 11:00:15,880 [INFO] ntfy 200: 🎉 Back in Stock!
2026-03-20 11:00:16,393 [INFO] ntfy 200: 🎉 Back in Stock!
2026-03-20 11:00:16,670 [INFO] ntfy 200: 🎉 Back in Stock!
2026-03-20 11:00:17,176 [INFO] ntfy 200: ⭐ Wishlisted Back in Stock!
2026-03-20 11:00:17,591 [INFO] ntfy 200: 🎉 Back in Stock!
2026-03-20 11:00:18,230 [INFO] ntfy 200: 🎉 Back in Stock!
2026-03-20 11:00:18,621 [INFO] ntfy 200: 🎉 Back in Stock!
2026-03-20 11:00:18,898 [INFO] ntfy 200: 🎉 Back in Stock!
2026-03-20 11:00:19,334 [INFO] ntfy 200: 🎉 Back in Stock!
2026-03-20 11:00:19,722 [INFO] ntfy 200: 🎉 Back in Stock!
2026-03-20 11:00:20,074 [INFO] ntfy 200: 🎉 Back in Stock!
2026-03-20 11:00:20,699 [INFO] ntfy 200: 🎉 Back in Stock!
2026-03-20 11:00:20,981 [INFO] ntfy 200: 🎉 Back in Stock!
2026-03-20 11:00:21,246 [INFO] ntfy 200: 🎉 Back in Stock!
2026-03-20 11:00:21,865 [INFO] ntfy 200: 🎉 Back in Stock!
2026-03-20 11:00:22,208 [INFO] ntfy 200: 🎉 Back in Stock!
2026-03-20 11:00:22,485 [INFO] ntfy 200: 🎉 Back in Stock!
2026-03-20 11:00:22,763 [INFO] ntfy 200: 🎉 Back in Stock!
2026-03-20 11:00:23,045 [INFO] ntfy 200: 🎉 Back in Stock!
2026-03-20 11:00:23,340 [INFO] ntfy 200: 🎉 Back in Stock!
2026-03-20 11:00:23,696 [INFO] ntfy 200: 🎉 Back in Stock!
2026-03-20 11:00:24,000 [INFO] ntfy 200: 🎉 Back in Stock!
2026-03-20 11:00:24,006 [INFO] Categories: {'apparel': 143, 'caps': 341, 'other': 17, 'pins': 151}
2026-03-20 11:00:24,110 [INFO] ══ Poll complete ══

/Users/sterling/Library/Python/3.9/lib/python/site-packages/urllib3/__init__.py:35: NotOpenSSLWarning: urllib3 v2 only supports OpenSSL 1.1.1+, currently the 'ssl' module is compiled with 'LibreSSL 2.8.3'. See: https://github.com/urllib3/urllib3/issues/3020
  warnings.warn(
2026-03-20 15:00:02,129 [INFO] ══ Scally Tracker — 2026-03-20 03:00 PM CT ══
2026-03-20 15:00:02,131 [INFO] DB ready: /Users/sterling/app/scally-tracker/data/inventory.db
2026-03-20 15:00:04,026 [INFO] Fetched 652 products from BSC
2026-03-20 15:00:04,789 [INFO] ntfy 200: 🎉 Back in Stock!
2026-03-20 15:00:05,113 [INFO] ntfy 200: 🎉 Back in Stock!
2026-03-20 15:00:05,506 [INFO] ntfy 200: 🎉 Back in Stock!
2026-03-20 15:00:05,873 [INFO] ntfy 200: 🎉 Back in Stock!
2026-03-20 15:00:06,291 [INFO] ntfy 200: 🎉 Back in Stock!
2026-03-20 15:00:06,688 [INFO] ntfy 200: 🎉 Back in Stock!
2026-03-20 15:00:07,114 [INFO] ntfy 200: ⭐ Wishlisted Back in Stock!
2026-03-20 15:00:07,506 [INFO] ntfy 200: 🎉 Back in Stock!
2026-03-20 15:00:08,135 [INFO] ntfy 200: 🎉 Back in Stock!
2026-03-20 15:00:08,459 [INFO] ntfy 200: 🎉 Back in Stock!
2026-03-20 15:00:08,776 [INFO] ntfy 200: 🎉 Back in Stock!
2026-03-20 15:00:09,152 [INFO] ntfy 200: 🎉 Back in Stock!
2026-03-20 15:00:09,853 [INFO] ntfy 200: 🎉 Back in Stock!
2026-03-20 15:00:10,174 [INFO] ntfy 200: 🎉 Back in Stock!
2026-03-20 15:00:10,497 [INFO] ntfy 200: 🎉 Back in Stock!
2026-03-20 15:00:10,794 [INFO] ntfy 200: 🎉 Back in Stock!
2026-03-20 15:00:11,091 [INFO] ntfy 200: 🎉 Back in Stock!
2026-03-20 15:00:11,469 [INFO] ntfy 200: 🎉 Back in Stock!
2026-03-20 15:00:11,865 [INFO] ntfy 200: 🎉 Back in Stock!
2026-03-20 15:00:12,284 [INFO] ntfy 200: 🎉 Back in Stock!
2026-03-20 15:00:12,701 [INFO] ntfy 200: 🎉 Back in Stock!
2026-03-20 15:00:13,082 [INFO] ntfy 200: 🎉 Back in Stock!
2026-03-20 15:00:13,357 [INFO] ntfy 200: 🎉 Back in Stock!
2026-03-20 15:00:13,655 [INFO] ntfy 200: 🎉 Back in Stock!
2026-03-20 15:00:13,945 [INFO] ntfy 200: 🎉 Back in Stock!
2026-03-20 15:00:14,248 [INFO] ntfy 200: 🎉 Back in Stock!
2026-03-20 15:00:14,526 [INFO] ntfy 200: 🎉 Back in Stock!
2026-03-20 15:00:14,796 [INFO] ntfy 200: 🎉 Back in Stock!
2026-03-20 15:00:14,800 [INFO] Categories: {'apparel': 143, 'caps': 341, 'other': 17, 'pins': 151}
2026-03-20 15:00:14,869 [INFO] ══ Poll complete ══

/Users/sterling/Library/Python/3.9/lib/python/site-packages/urllib3/__init__.py:35: NotOpenSSLWarning: urllib3 v2 only supports OpenSSL 1.1.1+, currently the 'ssl' module is compiled with 'LibreSSL 2.8.3'. See: https://github.com/urllib3/urllib3/issues/3020
  warnings.warn(
2026-03-20 19:00:02,232 [INFO] ══ Scally Tracker — 2026-03-20 07:00 PM CT ══
2026-03-20 19:00:02,236 [INFO] DB ready: /Users/sterling/app/scally-tracker/data/inventory.db
2026-03-20 19:00:03,970 [INFO] Fetched 652 products from BSC
2026-03-20 19:00:04,769 [INFO] ntfy 200: 🎉 Back in Stock!
2026-03-20 19:00:05,127 [INFO] Categories: {'apparel': 143, 'caps': 341, 'other': 17, 'pins': 151}
2026-03-20 19:00:05,151 [INFO] ══ Poll complete ══

/Users/sterling/Library/Python/3.9/lib/python/site-packages/urllib3/__init__.py:35: NotOpenSSLWarning: urllib3 v2 only supports OpenSSL 1.1.1+, currently the 'ssl' module is compiled with 'LibreSSL 2.8.3'. See: https://github.com/urllib3/urllib3/issues/3020
  warnings.warn(
2026-03-21 07:00:05,760 [INFO] ══ Scally Tracker — 2026-03-21 07:00 AM CT ══
2026-03-21 07:00:05,763 [INFO] DB ready: /Users/sterling/app/scally-tracker/data/inventory.db
2026-03-21 07:00:07,488 [INFO] Fetched 652 products from BSC
2026-03-21 07:00:07,922 [INFO] Categories: {'apparel': 143, 'caps': 341, 'other': 17, 'pins': 151}
2026-03-21 07:00:07,947 [INFO] ══ Poll complete ══

/Users/sterling/Library/Python/3.9/lib/python/site-packages/urllib3/__init__.py:35: NotOpenSSLWarning: urllib3 v2 only supports OpenSSL 1.1.1+, currently the 'ssl' module is compiled with 'LibreSSL 2.8.3'. See: https://github.com/urllib3/urllib3/issues/3020
  warnings.warn(
2026-03-21 11:00:04,922 [INFO] ══ Scally Tracker — 2026-03-21 11:00 AM CT ══
2026-03-21 11:00:04,924 [INFO] DB ready: /Users/sterling/app/scally-tracker/data/inventory.db
2026-03-21 11:00:06,752 [INFO] Fetched 652 products from BSC
2026-03-21 11:00:07,155 [INFO] Categories: {'apparel': 143, 'caps': 341, 'other': 17, 'pins': 151}
2026-03-21 11:00:07,180 [INFO] ══ Poll complete ══

/Users/sterling/Library/Python/3.9/lib/python/site-packages/urllib3/__init__.py:35: NotOpenSSLWarning: urllib3 v2 only supports OpenSSL 1.1.1+, currently the 'ssl' module is compiled with 'LibreSSL 2.8.3'. See: https://github.com/urllib3/urllib3/issues/3020
  warnings.warn(
2026-03-21 15:00:02,305 [INFO] ══ Scally Tracker — 2026-03-21 03:00 PM CT ══
2026-03-21 15:00:02,309 [INFO] DB ready: /Users/sterling/app/scally-tracker/data/inventory.db
2026-03-21 15:00:03,988 [INFO] Fetched 652 products from BSC
2026-03-21 15:00:04,372 [INFO] Categories: {'apparel': 143, 'caps': 341, 'other': 17, 'pins': 151}
2026-03-21 15:00:04,396 [INFO] ══ Poll complete ══

/Users/sterling/Library/Python/3.9/lib/python/site-packages/urllib3/__init__.py:35: NotOpenSSLWarning: urllib3 v2 only supports OpenSSL 1.1.1+, currently the 'ssl' module is compiled with 'LibreSSL 2.8.3'. See: https://github.com/urllib3/urllib3/issues/3020
  warnings.warn(
2026-03-21 19:00:05,537 [INFO] ══ Scally Tracker — 2026-03-21 07:00 PM CT ══
2026-03-21 19:00:05,540 [INFO] DB ready: /Users/sterling/app/scally-tracker/data/inventory.db
2026-03-21 19:00:07,598 [INFO] Fetched 652 products from BSC
2026-03-21 19:00:07,987 [INFO] Categories: {'apparel': 143, 'caps': 341, 'other': 17, 'pins': 151}
2026-03-21 19:00:08,012 [INFO] ══ Poll complete ══

/Users/sterling/Library/Python/3.9/lib/python/site-packages/urllib3/__init__.py:35: NotOpenSSLWarning: urllib3 v2 only supports OpenSSL 1.1.1+, currently the 'ssl' module is compiled with 'LibreSSL 2.8.3'. See: https://github.com/urllib3/urllib3/issues/3020
  warnings.warn(
2026-03-22 07:00:06,196 [INFO] ══ Scally Tracker — 2026-03-22 07:00 AM CT ══
2026-03-22 07:00:06,203 [INFO] DB ready: /Users/sterling/app/scally-tracker/data/inventory.db
2026-03-22 07:00:08,416 [INFO] Fetched 652 products from BSC
2026-03-22 07:00:08,817 [INFO] Categories: {'apparel': 143, 'caps': 341, 'other': 17, 'pins': 151}
2026-03-22 07:00:08,841 [INFO] ══ Poll complete ══

/Users/sterling/Library/Python/3.9/lib/python/site-packages/urllib3/__init__.py:35: NotOpenSSLWarning: urllib3 v2 only supports OpenSSL 1.1.1+, currently the 'ssl' module is compiled with 'LibreSSL 2.8.3'. See: https://github.com/urllib3/urllib3/issues/3020
  warnings.warn(
2026-03-22 11:00:05,564 [INFO] ══ Scally Tracker — 2026-03-22 11:00 AM CT ══
2026-03-22 11:00:05,566 [INFO] DB ready: /Users/sterling/app/scally-tracker/data/inventory.db
2026-03-22 11:00:07,270 [INFO] Fetched 652 products from BSC
2026-03-22 11:00:07,665 [INFO] Categories: {'apparel': 143, 'caps': 341, 'other': 17, 'pins': 151}
2026-03-22 11:00:07,692 [INFO] ══ Poll complete ══

/Users/sterling/Library/Python/3.9/lib/python/site-packages/urllib3/__init__.py:35: NotOpenSSLWarning: urllib3 v2 only supports OpenSSL 1.1.1+, currently the 'ssl' module is compiled with 'LibreSSL 2.8.3'. See: https://github.com/urllib3/urllib3/issues/3020
  warnings.warn(
2026-03-22 15:00:05,289 [INFO] ══ Scally Tracker — 2026-03-22 03:00 PM CT ══
2026-03-22 15:00:05,291 [INFO] DB ready: /Users/sterling/app/scally-tracker/data/inventory.db
2026-03-22 15:00:06,970 [INFO] Fetched 652 products from BSC
2026-03-22 15:00:07,362 [INFO] Categories: {'apparel': 143, 'caps': 341, 'other': 17, 'pins': 151}
2026-03-22 15:00:07,384 [INFO] ══ Poll complete ══

/Users/sterling/Library/Python/3.9/lib/python/site-packages/urllib3/__init__.py:35: NotOpenSSLWarning: urllib3 v2 only supports OpenSSL 1.1.1+, currently the 'ssl' module is compiled with 'LibreSSL 2.8.3'. See: https://github.com/urllib3/urllib3/issues/3020
  warnings.warn(
2026-03-22 19:00:07,306 [INFO] ══ Scally Tracker — 2026-03-22 07:00 PM CT ══
2026-03-22 19:00:07,324 [INFO] DB ready: /Users/sterling/app/scally-tracker/data/inventory.db
2026-03-22 19:00:09,903 [INFO] Fetched 652 products from BSC
2026-03-22 19:00:11,680 [INFO] Categories: {'apparel': 143, 'caps': 341, 'other': 17, 'pins': 151}
2026-03-22 19:00:11,721 [INFO] ══ Poll complete ══

/Users/sterling/Library/Python/3.9/lib/python/site-packages/urllib3/__init__.py:35: NotOpenSSLWarning: urllib3 v2 only supports OpenSSL 1.1.1+, currently the 'ssl' module is compiled with 'LibreSSL 2.8.3'. See: https://github.com/urllib3/urllib3/issues/3020
  warnings.warn(
2026-03-23 07:00:05,425 [INFO] ══ Scally Tracker — 2026-03-23 07:00 AM CT ══
2026-03-23 07:00:05,428 [INFO] DB ready: /Users/sterling/app/scally-tracker/data/inventory.db
2026-03-23 07:00:07,387 [INFO] Fetched 652 products from BSC
2026-03-23 07:00:07,797 [INFO] Categories: {'apparel': 143, 'caps': 341, 'other': 17, 'pins': 151}
2026-03-23 07:00:07,826 [INFO] ══ Poll complete ══

/Users/sterling/Library/Python/3.9/lib/python/site-packages/urllib3/__init__.py:35: NotOpenSSLWarning: urllib3 v2 only supports OpenSSL 1.1.1+, currently the 'ssl' module is compiled with 'LibreSSL 2.8.3'. See: https://github.com/urllib3/urllib3/issues/3020
  warnings.warn(
2026-03-23 11:00:01,764 [INFO] ══ Scally Tracker — 2026-03-23 11:00 AM CT ══
2026-03-23 11:00:01,767 [INFO] DB ready: /Users/sterling/app/scally-tracker/data/inventory.db
2026-03-23 11:00:03,626 [INFO] Fetched 652 products from BSC
2026-03-23 11:00:04,198 [INFO] ntfy 200: 🎉 Back in Stock!
2026-03-23 11:00:04,585 [INFO] ntfy 200: 🎉 Back in Stock!
2026-03-23 11:00:04,933 [INFO] ntfy 200: 🎉 Back in Stock!
2026-03-23 11:00:05,282 [INFO] ntfy 200: 🎉 Back in Stock!
2026-03-23 11:00:05,898 [INFO] ntfy 200: 🎉 Back in Stock!
2026-03-23 11:00:06,340 [INFO] ntfy 200: 🎉 Back in Stock!
2026-03-23 11:00:06,774 [INFO] ntfy 200: 🎉 Back in Stock!
2026-03-23 11:00:07,247 [INFO] ntfy 200: ⭐ Wishlisted Back in Stock!
2026-03-23 11:00:07,921 [INFO] ntfy 200: 🎉 Back in Stock!
2026-03-23 11:00:08,217 [INFO] ntfy 200: 🎉 Back in Stock!
2026-03-23 11:00:08,563 [INFO] ntfy 200: 🎉 Back in Stock!
2026-03-23 11:00:08,704 [INFO] Categories: {'apparel': 143, 'caps': 341, 'other': 17, 'pins': 151}
2026-03-23 11:00:08,734 [INFO] ══ Poll complete ══

/Users/sterling/Library/Python/3.9/lib/python/site-packages/urllib3/__init__.py:35: NotOpenSSLWarning: urllib3 v2 only supports OpenSSL 1.1.1+, currently the 'ssl' module is compiled with 'LibreSSL 2.8.3'. See: https://github.com/urllib3/urllib3/issues/3020
  warnings.warn(
2026-03-23 15:00:01,761 [INFO] ══ Scally Tracker — 2026-03-23 03:00 PM CT ══
2026-03-23 15:00:01,763 [INFO] DB ready: /Users/sterling/app/scally-tracker/data/inventory.db
2026-03-23 15:00:04,704 [INFO] Fetched 652 products from BSC
2026-03-23 15:00:05,217 [INFO] ntfy 200: 🎉 Back in Stock!
2026-03-23 15:00:05,579 [INFO] ntfy 200: 🎉 Back in Stock!
2026-03-23 15:00:05,928 [INFO] Categories: {'apparel': 143, 'caps': 341, 'other': 17, 'pins': 151}
2026-03-23 15:00:05,959 [INFO] ══ Poll complete ══

/Users/sterling/Library/Python/3.9/lib/python/site-packages/urllib3/__init__.py:35: NotOpenSSLWarning: urllib3 v2 only supports OpenSSL 1.1.1+, currently the 'ssl' module is compiled with 'LibreSSL 2.8.3'. See: https://github.com/urllib3/urllib3/issues/3020
  warnings.warn(
2026-03-23 19:00:01,947 [INFO] ══ Scally Tracker — 2026-03-23 07:00 PM CT ══
2026-03-23 19:00:01,952 [INFO] DB ready: /Users/sterling/app/scally-tracker/data/inventory.db
2026-03-23 19:00:04,357 [INFO] Fetched 652 products from BSC
2026-03-23 19:00:05,650 [INFO] ntfy 200: 🎉 Back in Stock!
2026-03-23 19:00:06,344 [INFO] ntfy 200: ⭐ Wishlisted Back in Stock
2026-03-23 19:00:06,505 [INFO] Categories: {'apparel': 143, 'caps': 341, 'other': 17, 'pins': 151}
2026-03-23 19:00:06,537 [INFO] ══ Poll complete ══

/Users/sterling/Library/Python/3.9/lib/python/site-packages/urllib3/__init__.py:35: NotOpenSSLWarning: urllib3 v2 only supports OpenSSL 1.1.1+, currently the 'ssl' module is compiled with 'LibreSSL 2.8.3'. See: https://github.com/urllib3/urllib3/issues/3020
  warnings.warn(
2026-03-24 07:00:04,299 [INFO] ══ Scally Tracker — 2026-03-24 07:00 AM CT ══
2026-03-24 07:00:04,304 [INFO] DB ready: /Users/sterling/app/scally-tracker/data/inventory.db
2026-03-24 07:00:06,132 [INFO] Fetched 652 products from BSC
2026-03-24 07:00:06,583 [INFO] Categories: {'apparel': 143, 'caps': 341, 'other': 17, 'pins': 151}
2026-03-24 07:00:06,612 [INFO] ══ Poll complete ══

/Users/sterling/Library/Python/3.9/lib/python/site-packages/urllib3/__init__.py:35: NotOpenSSLWarning: urllib3 v2 only supports OpenSSL 1.1.1+, currently the 'ssl' module is compiled with 'LibreSSL 2.8.3'. See: https://github.com/urllib3/urllib3/issues/3020
  warnings.warn(
2026-03-24 11:00:02,317 [INFO] ══ Scally Tracker — 2026-03-24 11:00 AM CT ══
2026-03-24 11:00:02,319 [INFO] DB ready: /Users/sterling/app/scally-tracker/data/inventory.db
2026-03-24 11:00:04,075 [INFO] Fetched 652 products from BSC
2026-03-24 11:00:04,574 [INFO] Categories: {'apparel': 143, 'caps': 341, 'other': 17, 'pins': 151}
2026-03-24 11:00:04,606 [INFO] ══ Poll complete ══

/Users/sterling/Library/Python/3.9/lib/python/site-packages/urllib3/__init__.py:35: NotOpenSSLWarning: urllib3 v2 only supports OpenSSL 1.1.1+, currently the 'ssl' module is compiled with 'LibreSSL 2.8.3'. See: https://github.com/urllib3/urllib3/issues/3020
  warnings.warn(
2026-03-24 15:00:11,420 [INFO] ══ Scally Tracker — 2026-03-24 03:00 PM CT ══
2026-03-24 15:00:11,562 [INFO] DB ready: /Users/sterling/app/scally-tracker/data/inventory.db
2026-03-24 15:00:15,993 [INFO] Fetched 652 products from BSC
2026-03-24 15:00:16,684 [INFO] ntfy 200: 🎉 Back in Stock!
2026-03-24 15:00:17,556 [INFO] ntfy 200: ⭐ Wishlisted Back in Stock
2026-03-24 15:00:18,053 [INFO] ntfy 200: 🎉 Back in Stock!
2026-03-24 15:00:18,393 [INFO] ntfy 200: 🎉 Back in Stock!
2026-03-24 15:00:18,943 [INFO] ntfy 200: 🎉 Back in Stock!
2026-03-24 15:00:19,273 [INFO] ntfy 200: 🎉 Back in Stock!
2026-03-24 15:00:19,597 [INFO] ntfy 200: 🎉 Back in Stock!
2026-03-24 15:00:19,937 [INFO] ntfy 200: 🎉 Back in Stock!
2026-03-24 15:00:20,582 [INFO] ntfy 200: 🎉 Back in Stock!
2026-03-24 15:00:20,895 [INFO] ntfy 200: 🎉 Back in Stock!
2026-03-24 15:00:21,249 [INFO] ntfy 200: 🎉 Back in Stock!
2026-03-24 15:00:21,679 [INFO] ntfy 200: 🎉 Back in Stock!
2026-03-24 15:00:22,053 [INFO] ntfy 200: 🎉 Back in Stock!
2026-03-24 15:00:22,812 [INFO] ntfy 200: 🎉 Back in Stock!
2026-03-24 15:00:24,898 [INFO] ntfy 200: 🎉 Back in Stock!
2026-03-24 15:00:27,335 [INFO] ntfy 200: 🎉 Back in Stock!
2026-03-24 15:00:28,744 [INFO] ntfy 200: 🎉 Back in Stock!
2026-03-24 15:00:29,301 [INFO] ntfy 200: 🎉 Back in Stock!
2026-03-24 15:00:29,738 [INFO] ntfy 200: 🎉 Back in Stock!
2026-03-24 15:00:30,187 [INFO] ntfy 200: 🎉 Back in Stock!
2026-03-24 15:00:30,512 [INFO] ntfy 200: 🎉 Back in Stock!
2026-03-24 15:00:30,927 [INFO] ntfy 200: 🎉 Back in Stock!
2026-03-24 15:00:36,051 [INFO] ntfy 200: 🎉 Back in Stock!
2026-03-24 15:00:40,389 [INFO] ntfy 200: 🎉 Back in Stock!
2026-03-24 15:00:41,137 [INFO] Categories: {'apparel': 143, 'caps': 341, 'other': 17, 'pins': 151}
2026-03-24 15:00:49,500 [INFO] ══ Poll complete ══

/Users/sterling/Library/Python/3.9/lib/python/site-packages/urllib3/__init__.py:35: NotOpenSSLWarning: urllib3 v2 only supports OpenSSL 1.1.1+, currently the 'ssl' module is compiled with 'LibreSSL 2.8.3'. See: https://github.com/urllib3/urllib3/issues/3020
  warnings.warn(
2026-03-24 19:00:12,271 [INFO] ══ Scally Tracker — 2026-03-24 07:00 PM CT ══
2026-03-24 19:00:12,347 [INFO] DB ready: /Users/sterling/app/scally-tracker/data/inventory.db
2026-03-24 19:00:15,020 [INFO] Fetched 652 products from BSC
2026-03-24 19:00:18,725 [INFO] ntfy 200: ⭐ Wishlisted Back in Stock
2026-03-24 19:00:27,434 [INFO] ntfy 200: ⭐ Wishlisted Back in Stock
2026-03-24 19:00:30,603 [INFO] Categories: {'apparel': 143, 'caps': 341, 'other': 17, 'pins': 151}
2026-03-24 19:00:32,593 [INFO] ══ Poll complete ══

/Users/sterling/Library/Python/3.9/lib/python/site-packages/urllib3/__init__.py:35: NotOpenSSLWarning: urllib3 v2 only supports OpenSSL 1.1.1+, currently the 'ssl' module is compiled with 'LibreSSL 2.8.3'. See: https://github.com/urllib3/urllib3/issues/3020
  warnings.warn(
2026-03-25 07:00:03,894 [INFO] ══ Scally Tracker — 2026-03-25 07:00 AM CT ══
2026-03-25 07:00:03,896 [INFO] DB ready: /Users/sterling/app/scally-tracker/data/inventory.db
2026-03-25 07:00:05,809 [INFO] Fetched 652 products from BSC
2026-03-25 07:00:06,277 [INFO] Categories: {'apparel': 143, 'caps': 341, 'other': 17, 'pins': 151}
2026-03-25 07:00:06,309 [INFO] ══ Poll complete ══

/Users/sterling/Library/Python/3.9/lib/python/site-packages/urllib3/__init__.py:35: NotOpenSSLWarning: urllib3 v2 only supports OpenSSL 1.1.1+, currently the 'ssl' module is compiled with 'LibreSSL 2.8.3'. See: https://github.com/urllib3/urllib3/issues/3020
  warnings.warn(
2026-03-25 09:30:02,038 [INFO] ══ Scally Tracker — 2026-03-25 09:30 AM CT ══
2026-03-25 09:30:02,042 [INFO] DB ready: /Users/sterling/app/scally-tracker/data/inventory.db
2026-03-25 09:30:03,926 [INFO] Fetched 652 products from BSC
2026-03-25 09:30:04,311 [INFO] ntfy 200: 🎉 Restock!
2026-03-25 09:30:04,637 [INFO] ntfy 200: 🎉 Restock!
2026-03-25 09:30:05,115 [INFO] ntfy 200: 🎉 Restock!
2026-03-25 09:30:05,538 [INFO] Categories: {'apparel': 143, 'caps': 341, 'other': 17, 'pins': 151}
2026-03-25 09:30:05,571 [INFO] ══ Poll complete ══

/Users/sterling/Library/Python/3.9/lib/python/site-packages/urllib3/__init__.py:35: NotOpenSSLWarning: urllib3 v2 only supports OpenSSL 1.1.1+, currently the 'ssl' module is compiled with 'LibreSSL 2.8.3'. See: https://github.com/urllib3/urllib3/issues/3020
  warnings.warn(
2026-03-25 10:00:14,066 [INFO] ══ Scally Tracker — 2026-03-25 10:00 AM CT ══
2026-03-25 10:00:14,135 [INFO] DB ready: /Users/sterling/app/scally-tracker/data/inventory.db
2026-03-25 10:00:19,737 [INFO] Fetched 652 products from BSC
2026-03-25 10:00:34,192 [INFO] Categories: {'apparel': 143, 'caps': 341, 'other': 17, 'pins': 151}
2026-03-25 10:00:37,091 [INFO] ══ Poll complete ══

/Users/sterling/Library/Python/3.9/lib/python/site-packages/urllib3/__init__.py:35: NotOpenSSLWarning: urllib3 v2 only supports OpenSSL 1.1.1+, currently the 'ssl' module is compiled with 'LibreSSL 2.8.3'. See: https://github.com/urllib3/urllib3/issues/3020
  warnings.warn(
2026-03-25 10:30:10,080 [INFO] ══ Scally Tracker — 2026-03-25 10:30 AM CT ══
2026-03-25 10:30:10,290 [INFO] DB ready: /Users/sterling/app/scally-tracker/data/inventory.db
2026-03-25 10:30:14,423 [INFO] Fetched 652 products from BSC
2026-03-25 10:30:40,776 [INFO] Categories: {'apparel': 143, 'caps': 341, 'other': 17, 'pins': 151}
2026-03-25 10:30:51,533 [INFO] ══ Poll complete ══

/Users/sterling/Library/Python/3.9/lib/python/site-packages/urllib3/__init__.py:35: NotOpenSSLWarning: urllib3 v2 only supports OpenSSL 1.1.1+, currently the 'ssl' module is compiled with 'LibreSSL 2.8.3'. See: https://github.com/urllib3/urllib3/issues/3020
  warnings.warn(
2026-03-25 11:00:16,521 [INFO] ══ Scally Tracker — 2026-03-25 11:00 AM CT ══
2026-03-25 11:00:17,051 [INFO] DB ready: /Users/sterling/app/scally-tracker/data/inventory.db
2026-03-25 11:00:23,006 [INFO] Fetched 652 products from BSC
2026-03-25 11:00:29,046 [INFO] ntfy 200: 🎉 Restock!
2026-03-25 11:01:18,837 [INFO] Categories: {'apparel': 143, 'caps': 341, 'other': 17, 'pins': 151}
2026-03-25 11:02:14,332 [INFO] ══ Poll complete ══

/Users/sterling/Library/Python/3.9/lib/python/site-packages/urllib3/__init__.py:35: NotOpenSSLWarning: urllib3 v2 only supports OpenSSL 1.1.1+, currently the 'ssl' module is compiled with 'LibreSSL 2.8.3'. See: https://github.com/urllib3/urllib3/issues/3020
  warnings.warn(
2026-03-25 11:30:09,511 [INFO] ══ Scally Tracker — 2026-03-25 11:30 AM CT ══
2026-03-25 11:30:09,638 [INFO] DB ready: /Users/sterling/app/scally-tracker/data/inventory.db
2026-03-25 11:30:13,216 [INFO] Fetched 652 products from BSC
2026-03-25 11:30:15,333 [INFO] ntfy 200: 🎉 Restock!
2026-03-25 11:30:15,633 [INFO] ntfy 200: 🎉 Restock!
2026-03-25 11:30:29,927 [INFO] Categories: {'apparel': 143, 'caps': 341, 'other': 17, 'pins': 151}
2026-03-25 11:30:31,469 [INFO] ══ Poll complete ══

/Users/sterling/Library/Python/3.9/lib/python/site-packages/urllib3/__init__.py:35: NotOpenSSLWarning: urllib3 v2 only supports OpenSSL 1.1.1+, currently the 'ssl' module is compiled with 'LibreSSL 2.8.3'. See: https://github.com/urllib3/urllib3/issues/3020
  warnings.warn(
2026-03-25 12:00:02,428 [INFO] ══ Scally Tracker — 2026-03-25 12:00 PM CT ══
2026-03-25 12:00:02,431 [INFO] DB ready: /Users/sterling/app/scally-tracker/data/inventory.db
2026-03-25 12:00:04,648 [INFO] Fetched 652 products from BSC
2026-03-25 12:00:05,179 [INFO] Categories: {'apparel': 143, 'caps': 341, 'other': 17, 'pins': 151}
2026-03-25 12:00:05,221 [INFO] ══ Poll complete ══

/Users/sterling/Library/Python/3.9/lib/python/site-packages/urllib3/__init__.py:35: NotOpenSSLWarning: urllib3 v2 only supports OpenSSL 1.1.1+, currently the 'ssl' module is compiled with 'LibreSSL 2.8.3'. See: https://github.com/urllib3/urllib3/issues/3020
  warnings.warn(
2026-03-25 12:30:00,437 [INFO] ══ Scally Tracker — 2026-03-25 12:30 PM CT ══
2026-03-25 12:30:00,440 [INFO] DB ready: /Users/sterling/app/scally-tracker/data/inventory.db
2026-03-25 12:30:02,207 [INFO] Fetched 652 products from BSC
2026-03-25 12:30:03,070 [INFO] ntfy 200: 🎉 Restock!
2026-03-25 12:30:04,228 [INFO] ntfy 200: 🎉 Restock!
2026-03-25 12:30:04,470 [INFO] Categories: {'apparel': 143, 'caps': 341, 'other': 17, 'pins': 151}
2026-03-25 12:30:04,528 [INFO] ══ Poll complete ══

/Users/sterling/Library/Python/3.9/lib/python/site-packages/urllib3/__init__.py:35: NotOpenSSLWarning: urllib3 v2 only supports OpenSSL 1.1.1+, currently the 'ssl' module is compiled with 'LibreSSL 2.8.3'. See: https://github.com/urllib3/urllib3/issues/3020
  warnings.warn(
2026-03-25 13:00:04,465 [INFO] ══ Scally Tracker — 2026-03-25 01:00 PM CT ══
2026-03-25 13:00:04,467 [INFO] DB ready: /Users/sterling/app/scally-tracker/data/inventory.db
2026-03-25 13:00:06,116 [INFO] Fetched 652 products from BSC
2026-03-25 13:00:06,525 [INFO] ntfy 200: 🎉 Restock!
2026-03-25 13:00:07,151 [INFO] Categories: {'apparel': 143, 'caps': 341, 'other': 17, 'pins': 151}
2026-03-25 13:00:07,200 [INFO] ══ Poll complete ══

/Users/sterling/Library/Python/3.9/lib/python/site-packages/urllib3/__init__.py:35: NotOpenSSLWarning: urllib3 v2 only supports OpenSSL 1.1.1+, currently the 'ssl' module is compiled with 'LibreSSL 2.8.3'. See: https://github.com/urllib3/urllib3/issues/3020
  warnings.warn(
2026-03-25 13:30:02,428 [INFO] ══ Scally Tracker — 2026-03-25 01:30 PM CT ══
2026-03-25 13:30:02,431 [INFO] DB ready: /Users/sterling/app/scally-tracker/data/inventory.db
2026-03-25 13:30:04,316 [INFO] Fetched 652 products from BSC
2026-03-25 13:30:04,755 [INFO] ntfy 200: 🎉 Restock!
2026-03-25 13:30:05,169 [INFO] Categories: {'apparel': 143, 'caps': 341, 'other': 17, 'pins': 151}
2026-03-25 13:30:05,216 [INFO] ══ Poll complete ══

/Users/sterling/Library/Python/3.9/lib/python/site-packages/urllib3/__init__.py:35: NotOpenSSLWarning: urllib3 v2 only supports OpenSSL 1.1.1+, currently the 'ssl' module is compiled with 'LibreSSL 2.8.3'. See: https://github.com/urllib3/urllib3/issues/3020
  warnings.warn(
2026-03-25 14:00:01,710 [INFO] ══ Scally Tracker — 2026-03-25 02:00 PM CT ══
2026-03-25 14:00:01,713 [INFO] DB ready: /Users/sterling/app/scally-tracker/data/inventory.db
2026-03-25 14:00:03,479 [INFO] Fetched 652 products from BSC
2026-03-25 14:00:03,889 [INFO] ntfy 200: 🎉 Restock!
2026-03-25 14:00:04,237 [INFO] ntfy 200: 🎉 Restock!
2026-03-25 14:00:04,603 [INFO] ntfy 200: 🎉 Restock!
2026-03-25 14:00:05,152 [INFO] ntfy 200: 🎉 Restock!
2026-03-25 14:00:05,597 [INFO] ntfy 200: 🎉 Restock!
2026-03-25 14:00:05,940 [INFO] ntfy 200: 🎉 Restock!
2026-03-25 14:00:06,160 [INFO] Categories: {'apparel': 143, 'caps': 341, 'other': 17, 'pins': 151}
2026-03-25 14:00:06,202 [INFO] ══ Poll complete ══

/Users/sterling/Library/Python/3.9/lib/python/site-packages/urllib3/__init__.py:35: NotOpenSSLWarning: urllib3 v2 only supports OpenSSL 1.1.1+, currently the 'ssl' module is compiled with 'LibreSSL 2.8.3'. See: https://github.com/urllib3/urllib3/issues/3020
  warnings.warn(
2026-03-25 14:30:00,717 [INFO] ══ Scally Tracker — 2026-03-25 02:30 PM CT ══
2026-03-25 14:30:00,720 [INFO] DB ready: /Users/sterling/app/scally-tracker/data/inventory.db
2026-03-25 14:30:02,558 [INFO] Fetched 652 products from BSC
2026-03-25 14:30:03,303 [INFO] ntfy 200: 🎉 Restock!
2026-03-25 14:30:03,510 [INFO] Categories: {'apparel': 143, 'caps': 341, 'other': 17, 'pins': 151}
2026-03-25 14:30:03,546 [INFO] ══ Poll complete ══

/Users/sterling/Library/Python/3.9/lib/python/site-packages/urllib3/__init__.py:35: NotOpenSSLWarning: urllib3 v2 only supports OpenSSL 1.1.1+, currently the 'ssl' module is compiled with 'LibreSSL 2.8.3'. See: https://github.com/urllib3/urllib3/issues/3020
  warnings.warn(
2026-03-25 15:00:04,800 [INFO] ══ Scally Tracker — 2026-03-25 03:00 PM CT ══
2026-03-25 15:00:04,802 [INFO] DB ready: /Users/sterling/app/scally-tracker/data/inventory.db
2026-03-25 15:00:06,477 [INFO] Fetched 652 products from BSC
2026-03-25 15:00:07,006 [INFO] ntfy 200: 🎉 Restock!
2026-03-25 15:00:07,251 [INFO] Categories: {'apparel': 143, 'caps': 341, 'other': 17, 'pins': 151}
2026-03-25 15:00:07,295 [INFO] ══ Poll complete ══

/Users/sterling/Library/Python/3.9/lib/python/site-packages/urllib3/__init__.py:35: NotOpenSSLWarning: urllib3 v2 only supports OpenSSL 1.1.1+, currently the 'ssl' module is compiled with 'LibreSSL 2.8.3'. See: https://github.com/urllib3/urllib3/issues/3020
  warnings.warn(
2026-03-25 15:30:00,852 [INFO] ══ Scally Tracker — 2026-03-25 03:30 PM CT ══
2026-03-25 15:30:00,854 [INFO] DB ready: /Users/sterling/app/scally-tracker/data/inventory.db
2026-03-25 15:30:02,814 [INFO] Fetched 652 products from BSC
2026-03-25 15:30:03,233 [INFO] Categories: {'apparel': 143, 'caps': 341, 'other': 17, 'pins': 151}
2026-03-25 15:30:03,277 [INFO] ══ Poll complete ══

/Users/sterling/Library/Python/3.9/lib/python/site-packages/urllib3/__init__.py:35: NotOpenSSLWarning: urllib3 v2 only supports OpenSSL 1.1.1+, currently the 'ssl' module is compiled with 'LibreSSL 2.8.3'. See: https://github.com/urllib3/urllib3/issues/3020
  warnings.warn(
2026-03-25 16:00:05,324 [INFO] ══ Scally Tracker — 2026-03-25 04:00 PM CT ══
2026-03-25 16:00:05,327 [INFO] DB ready: /Users/sterling/app/scally-tracker/data/inventory.db
2026-03-25 16:00:07,255 [INFO] Fetched 652 products from BSC
2026-03-25 16:00:07,667 [INFO] Categories: {'apparel': 143, 'caps': 341, 'other': 17, 'pins': 151}
2026-03-25 16:00:07,712 [INFO] ══ Poll complete ══

/Users/sterling/Library/Python/3.9/lib/python/site-packages/urllib3/__init__.py:35: NotOpenSSLWarning: urllib3 v2 only supports OpenSSL 1.1.1+, currently the 'ssl' module is compiled with 'LibreSSL 2.8.3'. See: https://github.com/urllib3/urllib3/issues/3020
  warnings.warn(
2026-03-25 16:30:06,438 [INFO] ══ Scally Tracker — 2026-03-25 04:30 PM CT ══
2026-03-25 16:30:06,445 [INFO] DB ready: /Users/sterling/app/scally-tracker/data/inventory.db
2026-03-25 16:30:08,265 [INFO] Fetched 652 products from BSC
2026-03-25 16:30:09,306 [INFO] Categories: {'apparel': 143, 'caps': 341, 'other': 17, 'pins': 151}
2026-03-25 16:30:09,352 [INFO] ══ Poll complete ══

/Users/sterling/Library/Python/3.9/lib/python/site-packages/urllib3/__init__.py:35: NotOpenSSLWarning: urllib3 v2 only supports OpenSSL 1.1.1+, currently the 'ssl' module is compiled with 'LibreSSL 2.8.3'. See: https://github.com/urllib3/urllib3/issues/3020
  warnings.warn(
2026-03-25 17:00:03,331 [INFO] ══ Scally Tracker — 2026-03-25 05:00 PM CT ══
2026-03-25 17:00:03,333 [INFO] DB ready: /Users/sterling/app/scally-tracker/data/inventory.db
2026-03-25 17:00:05,224 [INFO] Fetched 652 products from BSC
2026-03-25 17:00:05,665 [INFO] Categories: {'apparel': 143, 'caps': 341, 'other': 17, 'pins': 151}
2026-03-25 17:00:05,711 [INFO] ══ Poll complete ══

/Users/sterling/Library/Python/3.9/lib/python/site-packages/urllib3/__init__.py:35: NotOpenSSLWarning: urllib3 v2 only supports OpenSSL 1.1.1+, currently the 'ssl' module is compiled with 'LibreSSL 2.8.3'. See: https://github.com/urllib3/urllib3/issues/3020
  warnings.warn(
2026-03-25 17:30:04,765 [INFO] ══ Scally Tracker — 2026-03-25 05:30 PM CT ══
2026-03-25 17:30:04,767 [INFO] DB ready: /Users/sterling/app/scally-tracker/data/inventory.db
2026-03-25 17:30:06,705 [INFO] Fetched 652 products from BSC
2026-03-25 17:30:07,109 [INFO] ntfy 200: 🎉 Restock!
2026-03-25 17:30:07,406 [INFO] ntfy 200: 🎉 Restock!
2026-03-25 17:30:07,803 [INFO] Categories: {'apparel': 143, 'caps': 341, 'other': 17, 'pins': 151}
2026-03-25 17:30:07,850 [INFO] ══ Poll complete ══

/Users/sterling/Library/Python/3.9/lib/python/site-packages/urllib3/__init__.py:35: NotOpenSSLWarning: urllib3 v2 only supports OpenSSL 1.1.1+, currently the 'ssl' module is compiled with 'LibreSSL 2.8.3'. See: https://github.com/urllib3/urllib3/issues/3020
  warnings.warn(
2026-03-25 18:00:02,923 [INFO] ══ Scally Tracker — 2026-03-25 06:00 PM CT ══
2026-03-25 18:00:02,926 [INFO] DB ready: /Users/sterling/app/scally-tracker/data/inventory.db
2026-03-25 18:00:04,731 [INFO] Fetched 652 products from BSC
2026-03-25 18:00:05,169 [INFO] Categories: {'apparel': 143, 'caps': 341, 'other': 17, 'pins': 151}
2026-03-25 18:00:05,217 [INFO] ══ Poll complete ══

/Users/sterling/Library/Python/3.9/lib/python/site-packages/urllib3/__init__.py:35: NotOpenSSLWarning: urllib3 v2 only supports OpenSSL 1.1.1+, currently the 'ssl' module is compiled with 'LibreSSL 2.8.3'. See: https://github.com/urllib3/urllib3/issues/3020
  warnings.warn(
2026-03-25 18:30:05,690 [INFO] ══ Scally Tracker — 2026-03-25 06:30 PM CT ══
2026-03-25 18:30:05,693 [INFO] DB ready: /Users/sterling/app/scally-tracker/data/inventory.db
2026-03-25 18:30:09,490 [INFO] Fetched 652 products from BSC
2026-03-25 18:30:09,919 [INFO] Categories: {'apparel': 143, 'caps': 341, 'other': 17, 'pins': 151}
2026-03-25 18:30:09,965 [INFO] ══ Poll complete ══

/Users/sterling/Library/Python/3.9/lib/python/site-packages/urllib3/__init__.py:35: NotOpenSSLWarning: urllib3 v2 only supports OpenSSL 1.1.1+, currently the 'ssl' module is compiled with 'LibreSSL 2.8.3'. See: https://github.com/urllib3/urllib3/issues/3020
  warnings.warn(
2026-03-25 19:00:02,051 [INFO] ══ Scally Tracker — 2026-03-25 07:00 PM CT ══
2026-03-25 19:00:02,059 [INFO] DB ready: /Users/sterling/app/scally-tracker/data/inventory.db
2026-03-25 19:00:03,952 [INFO] Fetched 652 products from BSC
2026-03-25 19:00:05,555 [INFO] Categories: {'apparel': 143, 'caps': 341, 'other': 17, 'pins': 151}
2026-03-25 19:00:05,613 [INFO] ══ Poll complete ══

/Users/sterling/Library/Python/3.9/lib/python/site-packages/urllib3/__init__.py:35: NotOpenSSLWarning: urllib3 v2 only supports OpenSSL 1.1.1+, currently the 'ssl' module is compiled with 'LibreSSL 2.8.3'. See: https://github.com/urllib3/urllib3/issues/3020
  warnings.warn(
2026-03-26 07:00:03,540 [INFO] ══ Scally Tracker — 2026-03-26 07:00 AM CT ══
2026-03-26 07:00:03,544 [INFO] DB ready: /Users/sterling/app/scally-tracker/data/inventory.db
2026-03-26 07:00:06,379 [INFO] Fetched 652 products from BSC
2026-03-26 07:00:06,852 [INFO] Categories: {'apparel': 143, 'caps': 341, 'other': 17, 'pins': 151}
2026-03-26 07:00:06,901 [INFO] ══ Poll complete ══

/Users/sterling/Library/Python/3.9/lib/python/site-packages/urllib3/__init__.py:35: NotOpenSSLWarning: urllib3 v2 only supports OpenSSL 1.1.1+, currently the 'ssl' module is compiled with 'LibreSSL 2.8.3'. See: https://github.com/urllib3/urllib3/issues/3020
  warnings.warn(
2026-03-26 07:30:01,352 [INFO] ══ Scally Tracker — 2026-03-26 07:30 AM CT ══
2026-03-26 07:30:01,354 [INFO] DB ready: /Users/sterling/app/scally-tracker/data/inventory.db
2026-03-26 07:30:03,360 [INFO] Fetched 652 products from BSC
2026-03-26 07:30:03,796 [INFO] Categories: {'apparel': 143, 'caps': 341, 'other': 17, 'pins': 151}
2026-03-26 07:30:03,848 [INFO] ══ Poll complete ══

/Users/sterling/Library/Python/3.9/lib/python/site-packages/urllib3/__init__.py:35: NotOpenSSLWarning: urllib3 v2 only supports OpenSSL 1.1.1+, currently the 'ssl' module is compiled with 'LibreSSL 2.8.3'. See: https://github.com/urllib3/urllib3/issues/3020
  warnings.warn(
2026-03-26 08:00:01,507 [INFO] ══ Scally Tracker — 2026-03-26 08:00 AM CT ══
2026-03-26 08:00:01,510 [INFO] DB ready: /Users/sterling/app/scally-tracker/data/inventory.db
2026-03-26 08:00:03,143 [INFO] Fetched 652 products from BSC
2026-03-26 08:00:03,336 [INFO] Categories: {'apparel': 143, 'caps': 341, 'other': 17, 'pins': 151}
2026-03-26 08:00:03,388 [INFO] ══ Poll complete ══

/Users/sterling/Library/Python/3.9/lib/python/site-packages/urllib3/__init__.py:35: NotOpenSSLWarning: urllib3 v2 only supports OpenSSL 1.1.1+, currently the 'ssl' module is compiled with 'LibreSSL 2.8.3'. See: https://github.com/urllib3/urllib3/issues/3020
  warnings.warn(
2026-03-26 08:30:00,472 [INFO] ══ Scally Tracker — 2026-03-26 08:30 AM CT ══
2026-03-26 08:30:00,474 [INFO] DB ready: /Users/sterling/app/scally-tracker/data/inventory.db
2026-03-26 08:30:02,505 [INFO] Fetched 652 products from BSC
2026-03-26 08:30:03,028 [INFO] ntfy 200: 🎉 Restock!
2026-03-26 08:30:03,444 [INFO] Categories: {'apparel': 143, 'caps': 341, 'other': 17, 'pins': 151}
2026-03-26 08:30:03,499 [INFO] ══ Poll complete ══

/Users/sterling/Library/Python/3.9/lib/python/site-packages/urllib3/__init__.py:35: NotOpenSSLWarning: urllib3 v2 only supports OpenSSL 1.1.1+, currently the 'ssl' module is compiled with 'LibreSSL 2.8.3'. See: https://github.com/urllib3/urllib3/issues/3020
  warnings.warn(
2026-03-26 09:00:01,466 [INFO] ══ Scally Tracker — 2026-03-26 09:00 AM CT ══
2026-03-26 09:00:01,469 [INFO] DB ready: /Users/sterling/app/scally-tracker/data/inventory.db
2026-03-26 09:00:04,089 [INFO] Fetched 652 products from BSC
2026-03-26 09:00:04,597 [INFO] Categories: {'apparel': 143, 'caps': 341, 'other': 17, 'pins': 151}
2026-03-26 09:00:04,649 [INFO] ══ Poll complete ══

/Users/sterling/Library/Python/3.9/lib/python/site-packages/urllib3/__init__.py:35: NotOpenSSLWarning: urllib3 v2 only supports OpenSSL 1.1.1+, currently the 'ssl' module is compiled with 'LibreSSL 2.8.3'. See: https://github.com/urllib3/urllib3/issues/3020
  warnings.warn(
2026-03-26 09:30:05,151 [INFO] ══ Scally Tracker — 2026-03-26 09:30 AM CT ══
2026-03-26 09:30:05,153 [INFO] DB ready: /Users/sterling/app/scally-tracker/data/inventory.db
2026-03-26 09:30:06,967 [INFO] Fetched 652 products from BSC
2026-03-26 09:30:07,321 [INFO] ntfy 200: 🎉 Restock!
2026-03-26 09:30:07,764 [INFO] ntfy 200: 🎉 Restock!
2026-03-26 09:30:07,981 [INFO] Categories: {'apparel': 143, 'caps': 341, 'other': 17, 'pins': 151}
2026-03-26 09:30:08,036 [INFO] ══ Poll complete ══

/Users/sterling/Library/Python/3.9/lib/python/site-packages/urllib3/__init__.py:35: NotOpenSSLWarning: urllib3 v2 only supports OpenSSL 1.1.1+, currently the 'ssl' module is compiled with 'LibreSSL 2.8.3'. See: https://github.com/urllib3/urllib3/issues/3020
  warnings.warn(
2026-03-26 10:00:01,529 [INFO] ══ Scally Tracker — 2026-03-26 10:00 AM CT ══
2026-03-26 10:00:01,532 [INFO] DB ready: /Users/sterling/app/scally-tracker/data/inventory.db
2026-03-26 10:00:03,800 [INFO] Fetched 652 products from BSC
2026-03-26 10:00:04,286 [INFO] Categories: {'apparel': 143, 'caps': 341, 'other': 17, 'pins': 151}
2026-03-26 10:00:04,341 [INFO] ══ Poll complete ══

/Users/sterling/Library/Python/3.9/lib/python/site-packages/urllib3/__init__.py:35: NotOpenSSLWarning: urllib3 v2 only supports OpenSSL 1.1.1+, currently the 'ssl' module is compiled with 'LibreSSL 2.8.3'. See: https://github.com/urllib3/urllib3/issues/3020
  warnings.warn(
2026-03-26 10:30:00,485 [INFO] ══ Scally Tracker — 2026-03-26 10:30 AM CT ══
2026-03-26 10:30:00,502 [INFO] DB ready: /Users/sterling/app/scally-tracker/data/inventory.db
2026-03-26 10:30:02,420 [INFO] Fetched 652 products from BSC
2026-03-26 10:30:03,027 [INFO] ntfy 200: 🎉 Restock!
2026-03-26 10:30:03,451 [INFO] Categories: {'apparel': 143, 'caps': 341, 'other': 17, 'pins': 151}
2026-03-26 10:30:03,502 [INFO] ══ Poll complete ══

/Users/sterling/Library/Python/3.9/lib/python/site-packages/urllib3/__init__.py:35: NotOpenSSLWarning: urllib3 v2 only supports OpenSSL 1.1.1+, currently the 'ssl' module is compiled with 'LibreSSL 2.8.3'. See: https://github.com/urllib3/urllib3/issues/3020
  warnings.warn(
2026-03-26 11:00:01,506 [INFO] ══ Scally Tracker — 2026-03-26 11:00 AM CT ══
2026-03-26 11:00:01,509 [INFO] DB ready: /Users/sterling/app/scally-tracker/data/inventory.db
2026-03-26 11:00:03,232 [INFO] Fetched 652 products from BSC
2026-03-26 11:00:03,844 [INFO] ntfy 200: 🎉 Restock!
2026-03-26 11:00:04,444 [INFO] ntfy 200: 🎉 Restock!
2026-03-26 11:00:04,800 [INFO] ntfy 200: 🎉 Restock!
2026-03-26 11:00:05,190 [INFO] ntfy 200: 🎉 Restock!
2026-03-26 11:00:05,589 [INFO] Categories: {'apparel': 143, 'caps': 341, 'other': 17, 'pins': 151}
2026-03-26 11:00:05,644 [INFO] ══ Poll complete ══

/Users/sterling/Library/Python/3.9/lib/python/site-packages/urllib3/__init__.py:35: NotOpenSSLWarning: urllib3 v2 only supports OpenSSL 1.1.1+, currently the 'ssl' module is compiled with 'LibreSSL 2.8.3'. See: https://github.com/urllib3/urllib3/issues/3020
  warnings.warn(
2026-03-26 11:30:00,694 [INFO] ══ Scally Tracker — 2026-03-26 11:30 AM CT ══
2026-03-26 11:30:00,696 [INFO] DB ready: /Users/sterling/app/scally-tracker/data/inventory.db
2026-03-26 11:30:01,587 [ERROR] Fetch error page 2: 503 Server Error: Service Unavailable for url: https://bostonscally.com/products.json?limit=250&page=2
2026-03-26 11:30:01,587 [INFO] Fetched 250 products from BSC
2026-03-26 11:30:01,847 [INFO] Categories: {'apparel': 143, 'caps': 341, 'other': 17, 'pins': 151}
2026-03-26 11:30:01,938 [INFO] ══ Poll complete ══

/Users/sterling/Library/Python/3.9/lib/python/site-packages/urllib3/__init__.py:35: NotOpenSSLWarning: urllib3 v2 only supports OpenSSL 1.1.1+, currently the 'ssl' module is compiled with 'LibreSSL 2.8.3'. See: https://github.com/urllib3/urllib3/issues/3020
  warnings.warn(
2026-03-26 12:00:01,665 [INFO] ══ Scally Tracker — 2026-03-26 12:00 PM CT ══
2026-03-26 12:00:01,668 [INFO] DB ready: /Users/sterling/app/scally-tracker/data/inventory.db
2026-03-26 12:00:04,214 [INFO] Fetched 652 products from BSC
2026-03-26 12:00:04,723 [INFO] Categories: {'apparel': 143, 'caps': 341, 'other': 17, 'pins': 151}
2026-03-26 12:00:04,777 [INFO] ══ Poll complete ══

/Users/sterling/Library/Python/3.9/lib/python/site-packages/urllib3/__init__.py:35: NotOpenSSLWarning: urllib3 v2 only supports OpenSSL 1.1.1+, currently the 'ssl' module is compiled with 'LibreSSL 2.8.3'. See: https://github.com/urllib3/urllib3/issues/3020
  warnings.warn(
2026-03-26 12:30:01,693 [INFO] ══ Scally Tracker — 2026-03-26 12:30 PM CT ══
2026-03-26 12:30:01,695 [INFO] DB ready: /Users/sterling/app/scally-tracker/data/inventory.db
2026-03-26 12:30:03,982 [INFO] Fetched 652 products from BSC
2026-03-26 12:30:04,419 [INFO] Categories: {'apparel': 143, 'caps': 341, 'other': 17, 'pins': 151}
2026-03-26 12:30:04,472 [INFO] ══ Poll complete ══

/Users/sterling/Library/Python/3.9/lib/python/site-packages/urllib3/__init__.py:35: NotOpenSSLWarning: urllib3 v2 only supports OpenSSL 1.1.1+, currently the 'ssl' module is compiled with 'LibreSSL 2.8.3'. See: https://github.com/urllib3/urllib3/issues/3020
  warnings.warn(
2026-03-26 13:00:01,709 [INFO] ══ Scally Tracker — 2026-03-26 01:00 PM CT ══
2026-03-26 13:00:01,711 [INFO] DB ready: /Users/sterling/app/scally-tracker/data/inventory.db
2026-03-26 13:00:03,481 [INFO] Fetched 652 products from BSC
2026-03-26 13:00:03,939 [INFO] Categories: {'apparel': 143, 'caps': 341, 'other': 17, 'pins': 151}
2026-03-26 13:00:03,993 [INFO] ══ Poll complete ══

/Users/sterling/Library/Python/3.9/lib/python/site-packages/urllib3/__init__.py:35: NotOpenSSLWarning: urllib3 v2 only supports OpenSSL 1.1.1+, currently the 'ssl' module is compiled with 'LibreSSL 2.8.3'. See: https://github.com/urllib3/urllib3/issues/3020
  warnings.warn(
2026-03-26 13:30:03,686 [INFO] ══ Scally Tracker — 2026-03-26 01:30 PM CT ══
2026-03-26 13:30:03,688 [INFO] DB ready: /Users/sterling/app/scally-tracker/data/inventory.db
2026-03-26 13:30:05,301 [INFO] Fetched 652 products from BSC
2026-03-26 13:30:05,656 [INFO] ntfy 200: 🎉 Restock!
2026-03-26 13:30:06,084 [INFO] Categories: {'apparel': 143, 'caps': 341, 'other': 17, 'pins': 151}
2026-03-26 13:30:06,140 [INFO] ══ Poll complete ══

/Users/sterling/Library/Python/3.9/lib/python/site-packages/urllib3/__init__.py:35: NotOpenSSLWarning: urllib3 v2 only supports OpenSSL 1.1.1+, currently the 'ssl' module is compiled with 'LibreSSL 2.8.3'. See: https://github.com/urllib3/urllib3/issues/3020
  warnings.warn(
2026-03-26 14:00:01,757 [INFO] ══ Scally Tracker — 2026-03-26 02:00 PM CT ══
2026-03-26 14:00:01,759 [INFO] DB ready: /Users/sterling/app/scally-tracker/data/inventory.db
2026-03-26 14:00:03,168 [ERROR] Fetch error page 2: 503 Server Error: Service Unavailable for url: https://bostonscally.com/products.json?limit=250&page=2
2026-03-26 14:00:03,168 [INFO] Fetched 250 products from BSC
2026-03-26 14:00:03,927 [INFO] ntfy 200: 🎉 Restock!
2026-03-26 14:00:04,403 [INFO] Categories: {'apparel': 143, 'caps': 341, 'other': 17, 'pins': 151}
2026-03-26 14:00:04,462 [INFO] ══ Poll complete ══

/Users/sterling/Library/Python/3.9/lib/python/site-packages/urllib3/__init__.py:35: NotOpenSSLWarning: urllib3 v2 only supports OpenSSL 1.1.1+, currently the 'ssl' module is compiled with 'LibreSSL 2.8.3'. See: https://github.com/urllib3/urllib3/issues/3020
  warnings.warn(
2026-03-26 14:30:01,764 [INFO] ══ Scally Tracker — 2026-03-26 02:30 PM CT ══
2026-03-26 14:30:01,767 [INFO] DB ready: /Users/sterling/app/scally-tracker/data/inventory.db
2026-03-26 14:30:03,966 [INFO] Fetched 652 products from BSC
2026-03-26 14:30:04,504 [INFO] ntfy 200: 🎉 Restock!
2026-03-26 14:30:04,942 [INFO] Categories: {'apparel': 143, 'caps': 341, 'other': 17, 'pins': 151}
2026-03-26 14:30:04,998 [INFO] ══ Poll complete ══

/Users/sterling/Library/Python/3.9/lib/python/site-packages/urllib3/__init__.py:35: NotOpenSSLWarning: urllib3 v2 only supports OpenSSL 1.1.1+, currently the 'ssl' module is compiled with 'LibreSSL 2.8.3'. See: https://github.com/urllib3/urllib3/issues/3020
  warnings.warn(
2026-03-26 15:00:01,730 [INFO] ══ Scally Tracker — 2026-03-26 03:00 PM CT ══
2026-03-26 15:00:01,735 [INFO] DB ready: /Users/sterling/app/scally-tracker/data/inventory.db
2026-03-26 15:00:03,538 [INFO] Fetched 652 products from BSC
2026-03-26 15:00:04,006 [INFO] Categories: {'apparel': 143, 'caps': 341, 'other': 17, 'pins': 151}
2026-03-26 15:00:04,063 [INFO] ══ Poll complete ══

/Users/sterling/Library/Python/3.9/lib/python/site-packages/urllib3/__init__.py:35: NotOpenSSLWarning: urllib3 v2 only supports OpenSSL 1.1.1+, currently the 'ssl' module is compiled with 'LibreSSL 2.8.3'. See: https://github.com/urllib3/urllib3/issues/3020
  warnings.warn(
2026-03-26 15:30:00,843 [INFO] ══ Scally Tracker — 2026-03-26 03:30 PM CT ══
2026-03-26 15:30:00,845 [INFO] DB ready: /Users/sterling/app/scally-tracker/data/inventory.db
2026-03-26 15:30:01,015 [ERROR] Fetch error page 1: 503 Server Error: Service Unavailable for url: https://bostonscally.com/products.json?limit=250&page=1
2026-03-26 15:30:01,015 [INFO] Fetched 0 products from BSC
2026-03-26 15:30:01,016 [WARNING] No products returned — aborting
/Users/sterling/Library/Python/3.9/lib/python/site-packages/urllib3/__init__.py:35: NotOpenSSLWarning: urllib3 v2 only supports OpenSSL 1.1.1+, currently the 'ssl' module is compiled with 'LibreSSL 2.8.3'. See: https://github.com/urllib3/urllib3/issues/3020
  warnings.warn(
2026-03-26 16:00:01,836 [INFO] ══ Scally Tracker — 2026-03-26 04:00 PM CT ══
2026-03-26 16:00:01,840 [INFO] DB ready: /Users/sterling/app/scally-tracker/data/inventory.db
2026-03-26 16:00:05,060 [INFO] Fetched 652 products from BSC
2026-03-26 16:00:05,528 [INFO] Categories: {'apparel': 143, 'caps': 341, 'other': 17, 'pins': 151}
2026-03-26 16:00:05,584 [INFO] ══ Poll complete ══

/Users/sterling/Library/Python/3.9/lib/python/site-packages/urllib3/__init__.py:35: NotOpenSSLWarning: urllib3 v2 only supports OpenSSL 1.1.1+, currently the 'ssl' module is compiled with 'LibreSSL 2.8.3'. See: https://github.com/urllib3/urllib3/issues/3020
  warnings.warn(
2026-03-26 16:30:00,449 [INFO] ══ Scally Tracker — 2026-03-26 04:30 PM CT ══
2026-03-26 16:30:00,451 [INFO] DB ready: /Users/sterling/app/scally-tracker/data/inventory.db
2026-03-26 16:30:00,628 [ERROR] Fetch error page 1: 503 Server Error: Service Unavailable for url: https://bostonscally.com/products.json?limit=250&page=1
2026-03-26 16:30:00,629 [INFO] Fetched 0 products from BSC
2026-03-26 16:30:00,630 [WARNING] No products returned — aborting
/Users/sterling/Library/Python/3.9/lib/python/site-packages/urllib3/__init__.py:35: NotOpenSSLWarning: urllib3 v2 only supports OpenSSL 1.1.1+, currently the 'ssl' module is compiled with 'LibreSSL 2.8.3'. See: https://github.com/urllib3/urllib3/issues/3020
  warnings.warn(
2026-03-26 17:00:01,759 [INFO] ══ Scally Tracker — 2026-03-26 05:00 PM CT ══
2026-03-26 17:00:01,761 [INFO] DB ready: /Users/sterling/app/scally-tracker/data/inventory.db
2026-03-26 17:00:04,147 [INFO] Fetched 652 products from BSC
2026-03-26 17:00:04,614 [INFO] Categories: {'apparel': 143, 'caps': 341, 'other': 17, 'pins': 151}
2026-03-26 17:00:04,671 [INFO] ══ Poll complete ══

/Users/sterling/Library/Python/3.9/lib/python/site-packages/urllib3/__init__.py:35: NotOpenSSLWarning: urllib3 v2 only supports OpenSSL 1.1.1+, currently the 'ssl' module is compiled with 'LibreSSL 2.8.3'. See: https://github.com/urllib3/urllib3/issues/3020
  warnings.warn(
2026-03-26 17:30:05,628 [INFO] ══ Scally Tracker — 2026-03-26 05:30 PM CT ══
2026-03-26 17:30:05,631 [INFO] DB ready: /Users/sterling/app/scally-tracker/data/inventory.db
2026-03-26 17:30:07,661 [INFO] Fetched 652 products from BSC
2026-03-26 17:30:08,127 [INFO] Categories: {'apparel': 143, 'caps': 341, 'other': 17, 'pins': 151}
2026-03-26 17:30:08,185 [INFO] ══ Poll complete ══

/Users/sterling/Library/Python/3.9/lib/python/site-packages/urllib3/__init__.py:35: NotOpenSSLWarning: urllib3 v2 only supports OpenSSL 1.1.1+, currently the 'ssl' module is compiled with 'LibreSSL 2.8.3'. See: https://github.com/urllib3/urllib3/issues/3020
  warnings.warn(
2026-03-26 18:00:02,915 [INFO] ══ Scally Tracker — 2026-03-26 06:00 PM CT ══
2026-03-26 18:00:02,918 [INFO] DB ready: /Users/sterling/app/scally-tracker/data/inventory.db
2026-03-26 18:00:04,771 [INFO] Fetched 652 products from BSC
2026-03-26 18:00:05,244 [INFO] Categories: {'apparel': 143, 'caps': 341, 'other': 17, 'pins': 151}
2026-03-26 18:00:05,305 [INFO] ══ Poll complete ══

/Users/sterling/Library/Python/3.9/lib/python/site-packages/urllib3/__init__.py:35: NotOpenSSLWarning: urllib3 v2 only supports OpenSSL 1.1.1+, currently the 'ssl' module is compiled with 'LibreSSL 2.8.3'. See: https://github.com/urllib3/urllib3/issues/3020
  warnings.warn(
2026-03-26 18:30:01,970 [INFO] ══ Scally Tracker — 2026-03-26 06:30 PM CT ══
2026-03-26 18:30:01,973 [INFO] DB ready: /Users/sterling/app/scally-tracker/data/inventory.db
2026-03-26 18:30:03,770 [INFO] Fetched 652 products from BSC
2026-03-26 18:30:04,236 [INFO] Categories: {'apparel': 143, 'caps': 341, 'other': 17, 'pins': 151}
2026-03-26 18:30:04,323 [INFO] ══ Poll complete ══

/Users/sterling/Library/Python/3.9/lib/python/site-packages/urllib3/__init__.py:35: NotOpenSSLWarning: urllib3 v2 only supports OpenSSL 1.1.1+, currently the 'ssl' module is compiled with 'LibreSSL 2.8.3'. See: https://github.com/urllib3/urllib3/issues/3020
  warnings.warn(
2026-03-26 19:00:03,931 [INFO] ══ Scally Tracker — 2026-03-26 07:00 PM CT ══
2026-03-26 19:00:03,934 [INFO] DB ready: /Users/sterling/app/scally-tracker/data/inventory.db
2026-03-26 19:00:05,637 [INFO] Fetched 652 products from BSC
2026-03-26 19:00:06,045 [INFO] ntfy 200: 🎉 Restock!
2026-03-26 19:00:06,468 [INFO] Categories: {'apparel': 143, 'caps': 341, 'other': 17, 'pins': 151}
2026-03-26 19:00:06,539 [INFO] ══ Poll complete ══

/Users/sterling/Library/Python/3.9/lib/python/site-packages/urllib3/__init__.py:35: NotOpenSSLWarning: urllib3 v2 only supports OpenSSL 1.1.1+, currently the 'ssl' module is compiled with 'LibreSSL 2.8.3'. See: https://github.com/urllib3/urllib3/issues/3020
  warnings.warn(
2026-03-27 07:00:04,543 [INFO] ══ Scally Tracker — 2026-03-27 07:00 AM CT ══
2026-03-27 07:00:04,547 [INFO] DB ready: /Users/sterling/app/scally-tracker/data/inventory.db
2026-03-27 07:00:08,454 [INFO] Fetched 652 products from BSC
2026-03-27 07:00:08,823 [INFO] ntfy 200: 🎉 Restock!
2026-03-27 07:00:09,302 [INFO] Categories: {'apparel': 143, 'caps': 341, 'other': 17, 'pins': 151}
2026-03-27 07:00:09,364 [INFO] ══ Poll complete ══

/Users/sterling/Library/Python/3.9/lib/python/site-packages/urllib3/__init__.py:35: NotOpenSSLWarning: urllib3 v2 only supports OpenSSL 1.1.1+, currently the 'ssl' module is compiled with 'LibreSSL 2.8.3'. See: https://github.com/urllib3/urllib3/issues/3020
  warnings.warn(
2026-03-27 07:30:01,557 [INFO] ══ Scally Tracker — 2026-03-27 07:30 AM CT ══
2026-03-27 07:30:01,560 [INFO] DB ready: /Users/sterling/app/scally-tracker/data/inventory.db
2026-03-27 07:30:03,403 [INFO] Fetched 652 products from BSC
2026-03-27 07:30:03,884 [INFO] Categories: {'apparel': 143, 'caps': 341, 'other': 17, 'pins': 151}
2026-03-27 07:30:03,947 [INFO] ══ Poll complete ══

/Users/sterling/Library/Python/3.9/lib/python/site-packages/urllib3/__init__.py:35: NotOpenSSLWarning: urllib3 v2 only supports OpenSSL 1.1.1+, currently the 'ssl' module is compiled with 'LibreSSL 2.8.3'. See: https://github.com/urllib3/urllib3/issues/3020
  warnings.warn(
2026-03-27 08:00:01,556 [INFO] ══ Scally Tracker — 2026-03-27 08:00 AM CT ══
2026-03-27 08:00:01,559 [INFO] DB ready: /Users/sterling/app/scally-tracker/data/inventory.db
2026-03-27 08:00:03,263 [INFO] Fetched 652 products from BSC
2026-03-27 08:00:03,751 [INFO] Categories: {'apparel': 143, 'caps': 341, 'other': 17, 'pins': 151}
2026-03-27 08:00:03,813 [INFO] ══ Poll complete ══

/Users/sterling/Library/Python/3.9/lib/python/site-packages/urllib3/__init__.py:35: NotOpenSSLWarning: urllib3 v2 only supports OpenSSL 1.1.1+, currently the 'ssl' module is compiled with 'LibreSSL 2.8.3'. See: https://github.com/urllib3/urllib3/issues/3020
  warnings.warn(
2026-03-27 08:30:00,460 [INFO] ══ Scally Tracker — 2026-03-27 08:30 AM CT ══
2026-03-27 08:30:00,462 [INFO] DB ready: /Users/sterling/app/scally-tracker/data/inventory.db
2026-03-27 08:30:02,380 [INFO] Fetched 652 products from BSC
2026-03-27 08:30:02,862 [INFO] Categories: {'apparel': 143, 'caps': 341, 'other': 17, 'pins': 151}
2026-03-27 08:30:02,927 [INFO] ══ Poll complete ══

/Users/sterling/Library/Python/3.9/lib/python/site-packages/urllib3/__init__.py:35: NotOpenSSLWarning: urllib3 v2 only supports OpenSSL 1.1.1+, currently the 'ssl' module is compiled with 'LibreSSL 2.8.3'. See: https://github.com/urllib3/urllib3/issues/3020
  warnings.warn(
2026-03-27 09:00:01,490 [INFO] ══ Scally Tracker — 2026-03-27 09:00 AM CT ══
2026-03-27 09:00:01,493 [INFO] DB ready: /Users/sterling/app/scally-tracker/data/inventory.db
2026-03-27 09:00:03,229 [INFO] Fetched 652 products from BSC
2026-03-27 09:00:03,767 [INFO] ntfy 200: 🎉 Restock!
2026-03-27 09:00:04,179 [INFO] ntfy 200: 🎉 Restock!
2026-03-27 09:00:04,607 [INFO] Categories: {'apparel': 143, 'caps': 341, 'other': 17, 'pins': 151}
2026-03-27 09:00:04,671 [INFO] ══ Poll complete ══

/Users/sterling/Library/Python/3.9/lib/python/site-packages/urllib3/__init__.py:35: NotOpenSSLWarning: urllib3 v2 only supports OpenSSL 1.1.1+, currently the 'ssl' module is compiled with 'LibreSSL 2.8.3'. See: https://github.com/urllib3/urllib3/issues/3020
  warnings.warn(
2026-03-27 09:30:01,595 [INFO] ══ Scally Tracker — 2026-03-27 09:30 AM CT ══
2026-03-27 09:30:01,598 [INFO] DB ready: /Users/sterling/app/scally-tracker/data/inventory.db
2026-03-27 09:30:03,444 [INFO] Fetched 652 products from BSC
2026-03-27 09:30:04,041 [INFO] Categories: {'apparel': 143, 'caps': 341, 'other': 17, 'pins': 151}
2026-03-27 09:30:04,105 [INFO] ══ Poll complete ══

/Users/sterling/Library/Python/3.9/lib/python/site-packages/urllib3/__init__.py:35: NotOpenSSLWarning: urllib3 v2 only supports OpenSSL 1.1.1+, currently the 'ssl' module is compiled with 'LibreSSL 2.8.3'. See: https://github.com/urllib3/urllib3/issues/3020
  warnings.warn(
2026-03-27 10:00:05,450 [INFO] ══ Scally Tracker — 2026-03-27 10:00 AM CT ══
2026-03-27 10:00:05,452 [INFO] DB ready: /Users/sterling/app/scally-tracker/data/inventory.db
2026-03-27 10:00:07,092 [INFO] Fetched 652 products from BSC
2026-03-27 10:00:07,505 [INFO] ntfy 200: 🎉 Restock!
2026-03-27 10:00:07,949 [INFO] Categories: {'apparel': 143, 'caps': 341, 'other': 17, 'pins': 151}
2026-03-27 10:00:08,013 [INFO] ══ Poll complete ══

/Users/sterling/Library/Python/3.9/lib/python/site-packages/urllib3/__init__.py:35: NotOpenSSLWarning: urllib3 v2 only supports OpenSSL 1.1.1+, currently the 'ssl' module is compiled with 'LibreSSL 2.8.3'. See: https://github.com/urllib3/urllib3/issues/3020
  warnings.warn(
2026-03-27 10:30:00,616 [INFO] ══ Scally Tracker — 2026-03-27 10:30 AM CT ══
2026-03-27 10:30:00,618 [INFO] DB ready: /Users/sterling/app/scally-tracker/data/inventory.db
2026-03-27 10:30:02,607 [INFO] Fetched 652 products from BSC
2026-03-27 10:30:03,164 [INFO] ntfy 200: 🎉 Restock!
2026-03-27 10:30:03,626 [INFO] Categories: {'apparel': 143, 'caps': 341, 'other': 17, 'pins': 151}
2026-03-27 10:30:03,693 [INFO] ══ Poll complete ══

/Users/sterling/Library/Python/3.9/lib/python/site-packages/urllib3/__init__.py:35: NotOpenSSLWarning: urllib3 v2 only supports OpenSSL 1.1.1+, currently the 'ssl' module is compiled with 'LibreSSL 2.8.3'. See: https://github.com/urllib3/urllib3/issues/3020
  warnings.warn(
2026-03-27 11:00:01,798 [INFO] ══ Scally Tracker — 2026-03-27 11:00 AM CT ══
2026-03-27 11:00:01,801 [INFO] DB ready: /Users/sterling/app/scally-tracker/data/inventory.db
2026-03-27 11:00:03,546 [INFO] Fetched 654 products from BSC
2026-03-27 11:00:03,551 [INFO] NEW [pins]: Boston Scally The Runaway Pin Set
2026-03-27 11:00:03,933 [INFO] ntfy 200: 🆕 New on BSC!
2026-03-27 11:00:03,938 [INFO] NEW [caps]: The Runaway Boston Scally Cap - Patchwork
2026-03-27 11:00:04,278 [INFO] ntfy 200: 🆕 New on BSC!
2026-03-27 11:00:04,282 [INFO] RELEASE auto-added: The Runaway - Patchwork on 3/27/26
2026-03-27 11:00:04,758 [INFO] Categories: {'apparel': 143, 'caps': 342, 'other': 17, 'pins': 152}
2026-03-27 11:00:04,827 [INFO] ══ Poll complete ══

/Users/sterling/Library/Python/3.9/lib/python/site-packages/urllib3/__init__.py:35: NotOpenSSLWarning: urllib3 v2 only supports OpenSSL 1.1.1+, currently the 'ssl' module is compiled with 'LibreSSL 2.8.3'. See: https://github.com/urllib3/urllib3/issues/3020
  warnings.warn(
2026-03-27 11:30:00,724 [INFO] ══ Scally Tracker — 2026-03-27 11:30 AM CT ══
2026-03-27 11:30:00,727 [INFO] DB ready: /Users/sterling/app/scally-tracker/data/inventory.db
2026-03-27 11:30:02,549 [INFO] Fetched 654 products from BSC
2026-03-27 11:30:02,953 [INFO] ntfy 200: 🎉 Restock!
2026-03-27 11:30:03,281 [INFO] ntfy 200: 🎉 Restock!
2026-03-27 11:30:03,785 [INFO] ntfy 200: 🎉 Restock!
2026-03-27 11:30:04,066 [INFO] Categories: {'apparel': 143, 'caps': 342, 'other': 17, 'pins': 152}
2026-03-27 11:30:04,131 [INFO] ══ Poll complete ══

/Users/sterling/Library/Python/3.9/lib/python/site-packages/urllib3/__init__.py:35: NotOpenSSLWarning: urllib3 v2 only supports OpenSSL 1.1.1+, currently the 'ssl' module is compiled with 'LibreSSL 2.8.3'. See: https://github.com/urllib3/urllib3/issues/3020
  warnings.warn(
2026-03-27 12:00:03,585 [INFO] ══ Scally Tracker — 2026-03-27 12:00 PM CT ══
2026-03-27 12:00:03,587 [INFO] DB ready: /Users/sterling/app/scally-tracker/data/inventory.db
2026-03-27 12:00:05,252 [INFO] Fetched 654 products from BSC
2026-03-27 12:00:05,857 [INFO] ntfy 200: ⭐ Wishlisted Restock!
2026-03-27 12:00:06,092 [INFO] Categories: {'apparel': 143, 'caps': 342, 'other': 17, 'pins': 152}
2026-03-27 12:00:06,161 [INFO] ══ Poll complete ══

/Users/sterling/Library/Python/3.9/lib/python/site-packages/urllib3/__init__.py:35: NotOpenSSLWarning: urllib3 v2 only supports OpenSSL 1.1.1+, currently the 'ssl' module is compiled with 'LibreSSL 2.8.3'. See: https://github.com/urllib3/urllib3/issues/3020
  warnings.warn(
2026-03-27 12:30:01,708 [INFO] ══ Scally Tracker — 2026-03-27 12:30 PM CT ══
2026-03-27 12:30:01,711 [INFO] DB ready: /Users/sterling/app/scally-tracker/data/inventory.db
2026-03-27 12:30:03,432 [INFO] Fetched 654 products from BSC
2026-03-27 12:30:03,969 [INFO] Categories: {'apparel': 143, 'caps': 342, 'other': 17, 'pins': 152}
2026-03-27 12:30:04,040 [INFO] ══ Poll complete ══

/Users/sterling/Library/Python/3.9/lib/python/site-packages/urllib3/__init__.py:35: NotOpenSSLWarning: urllib3 v2 only supports OpenSSL 1.1.1+, currently the 'ssl' module is compiled with 'LibreSSL 2.8.3'. See: https://github.com/urllib3/urllib3/issues/3020
  warnings.warn(
2026-03-27 13:00:01,639 [INFO] ══ Scally Tracker — 2026-03-27 01:00 PM CT ══
2026-03-27 13:00:01,641 [INFO] DB ready: /Users/sterling/app/scally-tracker/data/inventory.db
2026-03-27 13:00:04,713 [INFO] Fetched 654 products from BSC
2026-03-27 13:00:05,110 [INFO] ntfy 200: 🎉 Restock!
2026-03-27 13:00:05,629 [INFO] Categories: {'apparel': 143, 'caps': 342, 'other': 17, 'pins': 152}
2026-03-27 13:00:05,693 [INFO] ══ Poll complete ══

/Users/sterling/Library/Python/3.9/lib/python/site-packages/urllib3/__init__.py:35: NotOpenSSLWarning: urllib3 v2 only supports OpenSSL 1.1.1+, currently the 'ssl' module is compiled with 'LibreSSL 2.8.3'. See: https://github.com/urllib3/urllib3/issues/3020
  warnings.warn(
2026-03-27 13:30:00,707 [INFO] ══ Scally Tracker — 2026-03-27 01:30 PM CT ══
2026-03-27 13:30:00,710 [INFO] DB ready: /Users/sterling/app/scally-tracker/data/inventory.db
2026-03-27 13:30:02,492 [INFO] Fetched 654 products from BSC
2026-03-27 13:30:02,881 [INFO] Categories: {'apparel': 143, 'caps': 342, 'other': 17, 'pins': 152}
2026-03-27 13:30:02,950 [INFO] ══ Poll complete ══

/Users/sterling/Library/Python/3.9/lib/python/site-packages/urllib3/__init__.py:35: NotOpenSSLWarning: urllib3 v2 only supports OpenSSL 1.1.1+, currently the 'ssl' module is compiled with 'LibreSSL 2.8.3'. See: https://github.com/urllib3/urllib3/issues/3020
  warnings.warn(
2026-03-27 14:00:02,618 [INFO] ══ Scally Tracker — 2026-03-27 02:00 PM CT ══
2026-03-27 14:00:02,621 [INFO] DB ready: /Users/sterling/app/scally-tracker/data/inventory.db
2026-03-27 14:00:04,344 [INFO] Fetched 655 products from BSC
2026-03-27 14:00:04,352 [INFO] NEW [caps]: The Blue House Peaky Boston Scally Cap - Plaid
2026-03-27 14:00:04,702 [INFO] ntfy 200: 🆕 New on BSC!
2026-03-27 14:00:04,705 [INFO] RELEASE auto-added: The Blue House Peaky - Plaid on 3/27/26
2026-03-27 14:00:05,200 [INFO] Categories: {'apparel': 143, 'caps': 343, 'other': 17, 'pins': 152}
2026-03-27 14:00:05,266 [INFO] ══ Poll complete ══

/Users/sterling/Library/Python/3.9/lib/python/site-packages/urllib3/__init__.py:35: NotOpenSSLWarning: urllib3 v2 only supports OpenSSL 1.1.1+, currently the 'ssl' module is compiled with 'LibreSSL 2.8.3'. See: https://github.com/urllib3/urllib3/issues/3020
  warnings.warn(
2026-03-27 14:30:03,718 [INFO] ══ Scally Tracker — 2026-03-27 02:30 PM CT ══
2026-03-27 14:30:03,720 [INFO] DB ready: /Users/sterling/app/scally-tracker/data/inventory.db
2026-03-27 14:30:05,590 [INFO] Fetched 655 products from BSC
2026-03-27 14:30:06,086 [INFO] Categories: {'apparel': 143, 'caps': 343, 'other': 17, 'pins': 152}
2026-03-27 14:30:06,156 [INFO] ══ Poll complete ══

/Users/sterling/Library/Python/3.9/lib/python/site-packages/urllib3/__init__.py:35: NotOpenSSLWarning: urllib3 v2 only supports OpenSSL 1.1.1+, currently the 'ssl' module is compiled with 'LibreSSL 2.8.3'. See: https://github.com/urllib3/urllib3/issues/3020
  warnings.warn(
2026-03-27 15:00:05,275 [INFO] ══ Scally Tracker — 2026-03-27 03:00 PM CT ══
2026-03-27 15:00:05,278 [INFO] DB ready: /Users/sterling/app/scally-tracker/data/inventory.db
2026-03-27 15:00:06,946 [INFO] Fetched 655 products from BSC
2026-03-27 15:00:07,445 [INFO] Categories: {'apparel': 143, 'caps': 343, 'other': 17, 'pins': 152}
2026-03-27 15:00:07,516 [INFO] ══ Poll complete ══

/Users/sterling/Library/Python/3.9/lib/python/site-packages/urllib3/__init__.py:35: NotOpenSSLWarning: urllib3 v2 only supports OpenSSL 1.1.1+, currently the 'ssl' module is compiled with 'LibreSSL 2.8.3'. See: https://github.com/urllib3/urllib3/issues/3020
  warnings.warn(
2026-03-27 15:30:06,203 [INFO] ══ Scally Tracker — 2026-03-27 03:30 PM CT ══
2026-03-27 15:30:06,206 [INFO] DB ready: /Users/sterling/app/scally-tracker/data/inventory.db
2026-03-27 15:30:08,240 [INFO] Fetched 655 products from BSC
2026-03-27 15:30:08,783 [INFO] Categories: {'apparel': 143, 'caps': 343, 'other': 17, 'pins': 152}
2026-03-27 15:30:08,854 [INFO] ══ Poll complete ══

/Users/sterling/Library/Python/3.9/lib/python/site-packages/urllib3/__init__.py:35: NotOpenSSLWarning: urllib3 v2 only supports OpenSSL 1.1.1+, currently the 'ssl' module is compiled with 'LibreSSL 2.8.3'. See: https://github.com/urllib3/urllib3/issues/3020
  warnings.warn(
2026-03-27 16:00:06,225 [INFO] ══ Scally Tracker — 2026-03-27 04:00 PM CT ══
2026-03-27 16:00:06,227 [INFO] DB ready: /Users/sterling/app/scally-tracker/data/inventory.db
2026-03-27 16:00:08,239 [INFO] Fetched 655 products from BSC
2026-03-27 16:00:08,781 [INFO] Categories: {'apparel': 143, 'caps': 343, 'other': 17, 'pins': 152}
2026-03-27 16:00:08,852 [INFO] ══ Poll complete ══

/Users/sterling/Library/Python/3.9/lib/python/site-packages/urllib3/__init__.py:35: NotOpenSSLWarning: urllib3 v2 only supports OpenSSL 1.1.1+, currently the 'ssl' module is compiled with 'LibreSSL 2.8.3'. See: https://github.com/urllib3/urllib3/issues/3020
  warnings.warn(
2026-03-27 16:30:06,272 [INFO] ══ Scally Tracker — 2026-03-27 04:30 PM CT ══
2026-03-27 16:30:06,274 [INFO] DB ready: /Users/sterling/app/scally-tracker/data/inventory.db
2026-03-27 16:30:08,343 [INFO] Fetched 655 products from BSC
2026-03-27 16:30:08,884 [INFO] Categories: {'apparel': 143, 'caps': 343, 'other': 17, 'pins': 152}
2026-03-27 16:30:08,954 [INFO] ══ Poll complete ══

/Users/sterling/Library/Python/3.9/lib/python/site-packages/urllib3/__init__.py:35: NotOpenSSLWarning: urllib3 v2 only supports OpenSSL 1.1.1+, currently the 'ssl' module is compiled with 'LibreSSL 2.8.3'. See: https://github.com/urllib3/urllib3/issues/3020
  warnings.warn(
2026-03-27 17:00:06,145 [INFO] ══ Scally Tracker — 2026-03-27 05:00 PM CT ══
2026-03-27 17:00:06,147 [INFO] DB ready: /Users/sterling/app/scally-tracker/data/inventory.db
2026-03-27 17:00:08,165 [INFO] Fetched 655 products from BSC
2026-03-27 17:00:08,678 [INFO] Categories: {'apparel': 143, 'caps': 343, 'other': 17, 'pins': 152}
2026-03-27 17:00:08,750 [INFO] ══ Poll complete ══

/Users/sterling/Library/Python/3.9/lib/python/site-packages/urllib3/__init__.py:35: NotOpenSSLWarning: urllib3 v2 only supports OpenSSL 1.1.1+, currently the 'ssl' module is compiled with 'LibreSSL 2.8.3'. See: https://github.com/urllib3/urllib3/issues/3020
  warnings.warn(
2026-03-27 17:30:06,230 [INFO] ══ Scally Tracker — 2026-03-27 05:30 PM CT ══
2026-03-27 17:30:06,232 [INFO] DB ready: /Users/sterling/app/scally-tracker/data/inventory.db
2026-03-27 17:30:09,027 [INFO] Fetched 655 products from BSC
2026-03-27 17:30:09,536 [INFO] Categories: {'apparel': 143, 'caps': 343, 'other': 17, 'pins': 152}
2026-03-27 17:30:09,608 [INFO] ══ Poll complete ══

/Users/sterling/Library/Python/3.9/lib/python/site-packages/urllib3/__init__.py:35: NotOpenSSLWarning: urllib3 v2 only supports OpenSSL 1.1.1+, currently the 'ssl' module is compiled with 'LibreSSL 2.8.3'. See: https://github.com/urllib3/urllib3/issues/3020
  warnings.warn(
2026-03-27 18:00:06,233 [INFO] ══ Scally Tracker — 2026-03-27 06:00 PM CT ══
2026-03-27 18:00:06,237 [INFO] DB ready: /Users/sterling/app/scally-tracker/data/inventory.db
2026-03-27 18:00:08,033 [INFO] Fetched 655 products from BSC
2026-03-27 18:00:08,457 [INFO] ntfy 200: 🎉 Restock!
2026-03-27 18:00:08,938 [INFO] Categories: {'apparel': 143, 'caps': 343, 'other': 17, 'pins': 152}
2026-03-27 18:00:09,010 [INFO] ══ Poll complete ══

/Users/sterling/Library/Python/3.9/lib/python/site-packages/urllib3/__init__.py:35: NotOpenSSLWarning: urllib3 v2 only supports OpenSSL 1.1.1+, currently the 'ssl' module is compiled with 'LibreSSL 2.8.3'. See: https://github.com/urllib3/urllib3/issues/3020
  warnings.warn(
2026-03-27 18:30:06,227 [INFO] ══ Scally Tracker — 2026-03-27 06:30 PM CT ══
2026-03-27 18:30:06,229 [INFO] DB ready: /Users/sterling/app/scally-tracker/data/inventory.db
2026-03-27 18:30:07,932 [INFO] Fetched 655 products from BSC
2026-03-27 18:30:08,456 [INFO] Categories: {'apparel': 143, 'caps': 343, 'other': 17, 'pins': 152}
2026-03-27 18:30:08,527 [INFO] ══ Poll complete ══

/Users/sterling/Library/Python/3.9/lib/python/site-packages/urllib3/__init__.py:35: NotOpenSSLWarning: urllib3 v2 only supports OpenSSL 1.1.1+, currently the 'ssl' module is compiled with 'LibreSSL 2.8.3'. See: https://github.com/urllib3/urllib3/issues/3020
  warnings.warn(
2026-03-27 19:00:05,253 [INFO] ══ Scally Tracker — 2026-03-27 07:00 PM CT ══
2026-03-27 19:00:05,256 [INFO] DB ready: /Users/sterling/app/scally-tracker/data/inventory.db
2026-03-27 19:00:06,995 [INFO] Fetched 655 products from BSC
2026-03-27 19:00:07,504 [INFO] Categories: {'apparel': 143, 'caps': 343, 'other': 17, 'pins': 152}
2026-03-27 19:00:07,578 [INFO] ══ Poll complete ══

/Users/sterling/Library/Python/3.9/lib/python/site-packages/urllib3/__init__.py:35: NotOpenSSLWarning: urllib3 v2 only supports OpenSSL 1.1.1+, currently the 'ssl' module is compiled with 'LibreSSL 2.8.3'. See: https://github.com/urllib3/urllib3/issues/3020
  warnings.warn(
2026-03-28 07:00:02,303 [INFO] ══ Scally Tracker — 2026-03-28 07:00 AM CT ══
2026-03-28 07:00:02,306 [INFO] DB ready: /Users/sterling/app/scally-tracker/data/inventory.db
2026-03-28 07:00:05,946 [INFO] Fetched 655 products from BSC
2026-03-28 07:00:06,505 [INFO] Categories: {'apparel': 143, 'caps': 343, 'other': 17, 'pins': 152}
2026-03-28 07:00:06,578 [INFO] ══ Poll complete ══

/Users/sterling/Library/Python/3.9/lib/python/site-packages/urllib3/__init__.py:35: NotOpenSSLWarning: urllib3 v2 only supports OpenSSL 1.1.1+, currently the 'ssl' module is compiled with 'LibreSSL 2.8.3'. See: https://github.com/urllib3/urllib3/issues/3020
  warnings.warn(
2026-03-28 07:30:01,224 [INFO] ══ Scally Tracker — 2026-03-28 07:30 AM CT ══
2026-03-28 07:30:01,227 [INFO] DB ready: /Users/sterling/app/scally-tracker/data/inventory.db
2026-03-28 07:30:03,364 [INFO] Fetched 655 products from BSC
2026-03-28 07:30:03,893 [INFO] Categories: {'apparel': 143, 'caps': 343, 'other': 17, 'pins': 152}
2026-03-28 07:30:03,967 [INFO] ══ Poll complete ══

/Users/sterling/Library/Python/3.9/lib/python/site-packages/urllib3/__init__.py:35: NotOpenSSLWarning: urllib3 v2 only supports OpenSSL 1.1.1+, currently the 'ssl' module is compiled with 'LibreSSL 2.8.3'. See: https://github.com/urllib3/urllib3/issues/3020
  warnings.warn(
2026-03-28 08:00:02,250 [INFO] ══ Scally Tracker — 2026-03-28 08:00 AM CT ══
2026-03-28 08:00:02,253 [INFO] DB ready: /Users/sterling/app/scally-tracker/data/inventory.db
2026-03-28 08:00:05,312 [INFO] Fetched 655 products from BSC
2026-03-28 08:00:05,840 [INFO] Categories: {'apparel': 143, 'caps': 343, 'other': 17, 'pins': 152}
2026-03-28 08:00:05,915 [INFO] ══ Poll complete ══

/Users/sterling/Library/Python/3.9/lib/python/site-packages/urllib3/__init__.py:35: NotOpenSSLWarning: urllib3 v2 only supports OpenSSL 1.1.1+, currently the 'ssl' module is compiled with 'LibreSSL 2.8.3'. See: https://github.com/urllib3/urllib3/issues/3020
  warnings.warn(
2026-03-28 08:30:03,227 [INFO] ══ Scally Tracker — 2026-03-28 08:30 AM CT ══
2026-03-28 08:30:03,229 [INFO] DB ready: /Users/sterling/app/scally-tracker/data/inventory.db
2026-03-28 08:30:06,003 [INFO] Fetched 655 products from BSC
2026-03-28 08:30:06,616 [INFO] Categories: {'apparel': 143, 'caps': 343, 'other': 17, 'pins': 152}
2026-03-28 08:30:06,711 [INFO] ══ Poll complete ══

/Users/sterling/Library/Python/3.9/lib/python/site-packages/urllib3/__init__.py:35: NotOpenSSLWarning: urllib3 v2 only supports OpenSSL 1.1.1+, currently the 'ssl' module is compiled with 'LibreSSL 2.8.3'. See: https://github.com/urllib3/urllib3/issues/3020
  warnings.warn(
2026-03-28 09:00:02,229 [INFO] ══ Scally Tracker — 2026-03-28 09:00 AM CT ══
2026-03-28 09:00:02,232 [INFO] DB ready: /Users/sterling/app/scally-tracker/data/inventory.db
2026-03-28 09:00:13,782 [INFO] Fetched 655 products from BSC
2026-03-28 09:00:14,361 [INFO] Categories: {'apparel': 143, 'caps': 343, 'other': 17, 'pins': 152}
2026-03-28 09:00:14,439 [INFO] ══ Poll complete ══

/Users/sterling/Library/Python/3.9/lib/python/site-packages/urllib3/__init__.py:35: NotOpenSSLWarning: urllib3 v2 only supports OpenSSL 1.1.1+, currently the 'ssl' module is compiled with 'LibreSSL 2.8.3'. See: https://github.com/urllib3/urllib3/issues/3020
  warnings.warn(
2026-03-28 09:30:03,295 [INFO] ══ Scally Tracker — 2026-03-28 09:30 AM CT ══
2026-03-28 09:30:03,298 [INFO] DB ready: /Users/sterling/app/scally-tracker/data/inventory.db
2026-03-28 09:30:06,676 [INFO] Fetched 655 products from BSC
2026-03-28 09:30:07,217 [INFO] Categories: {'apparel': 143, 'caps': 343, 'other': 17, 'pins': 152}
2026-03-28 09:30:07,296 [INFO] ══ Poll complete ══

/Users/sterling/Library/Python/3.9/lib/python/site-packages/urllib3/__init__.py:35: NotOpenSSLWarning: urllib3 v2 only supports OpenSSL 1.1.1+, currently the 'ssl' module is compiled with 'LibreSSL 2.8.3'. See: https://github.com/urllib3/urllib3/issues/3020
  warnings.warn(
2026-03-28 10:00:06,238 [INFO] ══ Scally Tracker — 2026-03-28 10:00 AM CT ══
2026-03-28 10:00:06,240 [INFO] DB ready: /Users/sterling/app/scally-tracker/data/inventory.db
2026-03-28 10:00:07,155 [ERROR] Fetch error page 2: 503 Server Error: Service Unavailable for url: https://bostonscally.com/products.json?limit=250&page=2
2026-03-28 10:00:07,155 [INFO] Fetched 250 products from BSC
2026-03-28 10:00:07,400 [INFO] Categories: {'apparel': 143, 'caps': 343, 'other': 17, 'pins': 152}
2026-03-28 10:00:07,452 [INFO] ══ Poll complete ══

/Users/sterling/Library/Python/3.9/lib/python/site-packages/urllib3/__init__.py:35: NotOpenSSLWarning: urllib3 v2 only supports OpenSSL 1.1.1+, currently the 'ssl' module is compiled with 'LibreSSL 2.8.3'. See: https://github.com/urllib3/urllib3/issues/3020
  warnings.warn(
2026-03-28 10:30:06,257 [INFO] ══ Scally Tracker — 2026-03-28 10:30 AM CT ══
2026-03-28 10:30:06,260 [INFO] DB ready: /Users/sterling/app/scally-tracker/data/inventory.db
2026-03-28 10:30:06,458 [ERROR] Fetch error page 1: 503 Server Error: Service Unavailable for url: https://bostonscally.com/products.json?limit=250&page=1
2026-03-28 10:30:06,458 [INFO] Fetched 0 products from BSC
2026-03-28 10:30:06,460 [WARNING] No products returned — aborting
/Users/sterling/Library/Python/3.9/lib/python/site-packages/urllib3/__init__.py:35: NotOpenSSLWarning: urllib3 v2 only supports OpenSSL 1.1.1+, currently the 'ssl' module is compiled with 'LibreSSL 2.8.3'. See: https://github.com/urllib3/urllib3/issues/3020
  warnings.warn(
2026-03-28 11:00:06,146 [INFO] ══ Scally Tracker — 2026-03-28 11:00 AM CT ══
2026-03-28 11:00:06,148 [INFO] DB ready: /Users/sterling/app/scally-tracker/data/inventory.db
2026-03-28 11:00:09,182 [ERROR] Fetch error page 4: 503 Server Error: Service Unavailable for url: https://bostonscally.com/products.json?limit=250&page=4
2026-03-28 11:00:09,183 [INFO] Fetched 655 products from BSC
2026-03-28 11:00:09,724 [INFO] Categories: {'apparel': 143, 'caps': 343, 'other': 17, 'pins': 152}
2026-03-28 11:00:09,803 [INFO] ══ Poll complete ══

/Users/sterling/Library/Python/3.9/lib/python/site-packages/urllib3/__init__.py:35: NotOpenSSLWarning: urllib3 v2 only supports OpenSSL 1.1.1+, currently the 'ssl' module is compiled with 'LibreSSL 2.8.3'. See: https://github.com/urllib3/urllib3/issues/3020
  warnings.warn(
2026-03-28 11:30:03,279 [INFO] ══ Scally Tracker — 2026-03-28 11:30 AM CT ══
2026-03-28 11:30:03,282 [INFO] DB ready: /Users/sterling/app/scally-tracker/data/inventory.db
2026-03-28 11:30:06,126 [ERROR] Fetch error page 4: 503 Server Error: Service Unavailable for url: https://bostonscally.com/products.json?limit=250&page=4
2026-03-28 11:30:06,126 [INFO] Fetched 655 products from BSC
2026-03-28 11:30:06,664 [INFO] Categories: {'apparel': 143, 'caps': 343, 'other': 17, 'pins': 152}
2026-03-28 11:30:06,740 [INFO] ══ Poll complete ══

/Users/sterling/Library/Python/3.9/lib/python/site-packages/urllib3/__init__.py:35: NotOpenSSLWarning: urllib3 v2 only supports OpenSSL 1.1.1+, currently the 'ssl' module is compiled with 'LibreSSL 2.8.3'. See: https://github.com/urllib3/urllib3/issues/3020
  warnings.warn(
2026-03-28 12:00:06,262 [INFO] ══ Scally Tracker — 2026-03-28 12:00 PM CT ══
2026-03-28 12:00:06,264 [INFO] DB ready: /Users/sterling/app/scally-tracker/data/inventory.db
2026-03-28 12:00:09,464 [ERROR] Fetch error page 4: 503 Server Error: Service Unavailable for url: https://bostonscally.com/products.json?limit=250&page=4
2026-03-28 12:00:09,465 [INFO] Fetched 655 products from BSC
2026-03-28 12:00:09,995 [INFO] Categories: {'apparel': 143, 'caps': 343, 'other': 17, 'pins': 152}
2026-03-28 12:00:10,070 [INFO] ══ Poll complete ══

/Users/sterling/Library/Python/3.9/lib/python/site-packages/urllib3/__init__.py:35: NotOpenSSLWarning: urllib3 v2 only supports OpenSSL 1.1.1+, currently the 'ssl' module is compiled with 'LibreSSL 2.8.3'. See: https://github.com/urllib3/urllib3/issues/3020
  warnings.warn(
2026-03-28 12:30:06,307 [INFO] ══ Scally Tracker — 2026-03-28 12:30 PM CT ══
2026-03-28 12:30:06,310 [INFO] DB ready: /Users/sterling/app/scally-tracker/data/inventory.db
2026-03-28 12:30:09,471 [ERROR] Fetch error page 4: 503 Server Error: Service Unavailable for url: https://bostonscally.com/products.json?limit=250&page=4
2026-03-28 12:30:09,471 [INFO] Fetched 655 products from BSC
2026-03-28 12:30:10,001 [INFO] Categories: {'apparel': 143, 'caps': 343, 'other': 17, 'pins': 152}
2026-03-28 12:30:10,075 [INFO] ══ Poll complete ══

/Users/sterling/Library/Python/3.9/lib/python/site-packages/urllib3/__init__.py:35: NotOpenSSLWarning: urllib3 v2 only supports OpenSSL 1.1.1+, currently the 'ssl' module is compiled with 'LibreSSL 2.8.3'. See: https://github.com/urllib3/urllib3/issues/3020
  warnings.warn(
2026-03-28 13:00:06,251 [INFO] ══ Scally Tracker — 2026-03-28 01:00 PM CT ══
2026-03-28 13:00:06,253 [INFO] DB ready: /Users/sterling/app/scally-tracker/data/inventory.db
2026-03-28 13:00:06,539 [ERROR] Fetch error page 1: 503 Server Error: Service Unavailable for url: https://bostonscally.com/products.json?limit=250&page=1
2026-03-28 13:00:06,539 [INFO] Fetched 0 products from BSC
2026-03-28 13:00:06,541 [WARNING] No products returned — aborting
/Users/sterling/Library/Python/3.9/lib/python/site-packages/urllib3/__init__.py:35: NotOpenSSLWarning: urllib3 v2 only supports OpenSSL 1.1.1+, currently the 'ssl' module is compiled with 'LibreSSL 2.8.3'. See: https://github.com/urllib3/urllib3/issues/3020
  warnings.warn(
2026-03-28 13:30:06,254 [INFO] ══ Scally Tracker — 2026-03-28 01:30 PM CT ══
2026-03-28 13:30:06,256 [INFO] DB ready: /Users/sterling/app/scally-tracker/data/inventory.db
2026-03-28 13:30:10,795 [INFO] Fetched 655 products from BSC
2026-03-28 13:30:11,342 [INFO] Categories: {'apparel': 143, 'caps': 343, 'other': 17, 'pins': 152}
2026-03-28 13:30:11,421 [INFO] ══ Poll complete ══

/Users/sterling/Library/Python/3.9/lib/python/site-packages/urllib3/__init__.py:35: NotOpenSSLWarning: urllib3 v2 only supports OpenSSL 1.1.1+, currently the 'ssl' module is compiled with 'LibreSSL 2.8.3'. See: https://github.com/urllib3/urllib3/issues/3020
  warnings.warn(
2026-03-28 14:00:06,296 [INFO] ══ Scally Tracker — 2026-03-28 02:00 PM CT ══
2026-03-28 14:00:06,298 [INFO] DB ready: /Users/sterling/app/scally-tracker/data/inventory.db
2026-03-28 14:00:08,035 [INFO] Fetched 655 products from BSC
2026-03-28 14:00:08,571 [INFO] Categories: {'apparel': 143, 'caps': 343, 'other': 17, 'pins': 152}
2026-03-28 14:00:08,645 [INFO] ══ Poll complete ══

/Users/sterling/Library/Python/3.9/lib/python/site-packages/urllib3/__init__.py:35: NotOpenSSLWarning: urllib3 v2 only supports OpenSSL 1.1.1+, currently the 'ssl' module is compiled with 'LibreSSL 2.8.3'. See: https://github.com/urllib3/urllib3/issues/3020
  warnings.warn(
2026-03-28 14:30:06,303 [INFO] ══ Scally Tracker — 2026-03-28 02:30 PM CT ══
2026-03-28 14:30:06,305 [INFO] DB ready: /Users/sterling/app/scally-tracker/data/inventory.db
2026-03-28 14:30:08,176 [INFO] Fetched 655 products from BSC
2026-03-28 14:30:08,709 [INFO] Categories: {'apparel': 143, 'caps': 343, 'other': 17, 'pins': 152}
2026-03-28 14:30:08,784 [INFO] ══ Poll complete ══

/Users/sterling/Library/Python/3.9/lib/python/site-packages/urllib3/__init__.py:35: NotOpenSSLWarning: urllib3 v2 only supports OpenSSL 1.1.1+, currently the 'ssl' module is compiled with 'LibreSSL 2.8.3'. See: https://github.com/urllib3/urllib3/issues/3020
  warnings.warn(
2026-03-28 15:00:06,284 [INFO] ══ Scally Tracker — 2026-03-28 03:00 PM CT ══
2026-03-28 15:00:06,287 [INFO] DB ready: /Users/sterling/app/scally-tracker/data/inventory.db
2026-03-28 15:00:08,182 [ERROR] Fetch error page 3: 503 Server Error: Service Unavailable for url: https://bostonscally.com/products.json?limit=250&page=3
2026-03-28 15:00:08,183 [INFO] Fetched 500 products from BSC
2026-03-28 15:00:08,592 [INFO] Categories: {'apparel': 143, 'caps': 343, 'other': 17, 'pins': 152}
2026-03-28 15:00:08,657 [INFO] ══ Poll complete ══

/Users/sterling/Library/Python/3.9/lib/python/site-packages/urllib3/__init__.py:35: NotOpenSSLWarning: urllib3 v2 only supports OpenSSL 1.1.1+, currently the 'ssl' module is compiled with 'LibreSSL 2.8.3'. See: https://github.com/urllib3/urllib3/issues/3020
  warnings.warn(
2026-03-28 15:30:06,213 [INFO] ══ Scally Tracker — 2026-03-28 03:30 PM CT ══
2026-03-28 15:30:06,216 [INFO] DB ready: /Users/sterling/app/scally-tracker/data/inventory.db
2026-03-28 15:30:06,379 [ERROR] Fetch error page 1: 503 Server Error: Service Unavailable for url: https://bostonscally.com/products.json?limit=250&page=1
2026-03-28 15:30:06,379 [INFO] Fetched 0 products from BSC
2026-03-28 15:30:06,380 [WARNING] No products returned — aborting
/Users/sterling/Library/Python/3.9/lib/python/site-packages/urllib3/__init__.py:35: NotOpenSSLWarning: urllib3 v2 only supports OpenSSL 1.1.1+, currently the 'ssl' module is compiled with 'LibreSSL 2.8.3'. See: https://github.com/urllib3/urllib3/issues/3020
  warnings.warn(
2026-03-28 16:00:06,240 [INFO] ══ Scally Tracker — 2026-03-28 04:00 PM CT ══
2026-03-28 16:00:06,242 [INFO] DB ready: /Users/sterling/app/scally-tracker/data/inventory.db
2026-03-28 16:00:08,824 [ERROR] Fetch error page 3: 503 Server Error: Service Unavailable for url: https://bostonscally.com/products.json?limit=250&page=3
2026-03-28 16:00:08,825 [INFO] Fetched 500 products from BSC
2026-03-28 16:00:09,291 [INFO] Categories: {'apparel': 143, 'caps': 343, 'other': 17, 'pins': 152}
2026-03-28 16:00:09,358 [INFO] ══ Poll complete ══

/Users/sterling/Library/Python/3.9/lib/python/site-packages/urllib3/__init__.py:35: NotOpenSSLWarning: urllib3 v2 only supports OpenSSL 1.1.1+, currently the 'ssl' module is compiled with 'LibreSSL 2.8.3'. See: https://github.com/urllib3/urllib3/issues/3020
  warnings.warn(
2026-03-28 16:30:06,334 [INFO] ══ Scally Tracker — 2026-03-28 04:30 PM CT ══
2026-03-28 16:30:06,336 [INFO] DB ready: /Users/sterling/app/scally-tracker/data/inventory.db
2026-03-28 16:30:08,342 [ERROR] Fetch error page 4: 503 Server Error: Service Unavailable for url: https://bostonscally.com/products.json?limit=250&page=4
2026-03-28 16:30:08,342 [INFO] Fetched 655 products from BSC
2026-03-28 16:30:08,879 [INFO] Categories: {'apparel': 143, 'caps': 343, 'other': 17, 'pins': 152}
2026-03-28 16:30:08,953 [INFO] ══ Poll complete ══

/Users/sterling/Library/Python/3.9/lib/python/site-packages/urllib3/__init__.py:35: NotOpenSSLWarning: urllib3 v2 only supports OpenSSL 1.1.1+, currently the 'ssl' module is compiled with 'LibreSSL 2.8.3'. See: https://github.com/urllib3/urllib3/issues/3020
  warnings.warn(
2026-03-28 17:00:05,357 [INFO] ══ Scally Tracker — 2026-03-28 05:00 PM CT ══
2026-03-28 17:00:05,360 [INFO] DB ready: /Users/sterling/app/scally-tracker/data/inventory.db
2026-03-28 17:00:07,083 [INFO] Fetched 655 products from BSC
2026-03-28 17:00:07,663 [INFO] Categories: {'apparel': 143, 'caps': 343, 'other': 17, 'pins': 152}
2026-03-28 17:00:07,744 [INFO] ══ Poll complete ══

/Users/sterling/Library/Python/3.9/lib/python/site-packages/urllib3/__init__.py:35: NotOpenSSLWarning: urllib3 v2 only supports OpenSSL 1.1.1+, currently the 'ssl' module is compiled with 'LibreSSL 2.8.3'. See: https://github.com/urllib3/urllib3/issues/3020
  warnings.warn(
2026-03-28 17:30:05,641 [INFO] ══ Scally Tracker — 2026-03-28 05:30 PM CT ══
2026-03-28 17:30:05,643 [INFO] DB ready: /Users/sterling/app/scally-tracker/data/inventory.db
2026-03-28 17:30:07,134 [INFO] Fetched 655 products from BSC
2026-03-28 17:30:07,709 [INFO] Categories: {'apparel': 143, 'caps': 343, 'other': 17, 'pins': 152}
2026-03-28 17:30:07,785 [INFO] ══ Poll complete ══

/Users/sterling/Library/Python/3.9/lib/python/site-packages/urllib3/__init__.py:35: NotOpenSSLWarning: urllib3 v2 only supports OpenSSL 1.1.1+, currently the 'ssl' module is compiled with 'LibreSSL 2.8.3'. See: https://github.com/urllib3/urllib3/issues/3020
  warnings.warn(
2026-03-28 18:00:05,268 [INFO] ══ Scally Tracker — 2026-03-28 06:00 PM CT ══
2026-03-28 18:00:05,272 [INFO] DB ready: /Users/sterling/app/scally-tracker/data/inventory.db
2026-03-28 18:00:07,466 [INFO] Fetched 655 products from BSC
2026-03-28 18:00:08,006 [INFO] Categories: {'apparel': 143, 'caps': 343, 'other': 17, 'pins': 152}
2026-03-28 18:00:08,079 [INFO] ══ Poll complete ══

/Users/sterling/Library/Python/3.9/lib/python/site-packages/urllib3/__init__.py:35: NotOpenSSLWarning: urllib3 v2 only supports OpenSSL 1.1.1+, currently the 'ssl' module is compiled with 'LibreSSL 2.8.3'. See: https://github.com/urllib3/urllib3/issues/3020
  warnings.warn(
2026-03-28 18:30:06,221 [INFO] ══ Scally Tracker — 2026-03-28 06:30 PM CT ══
2026-03-28 18:30:06,224 [INFO] DB ready: /Users/sterling/app/scally-tracker/data/inventory.db
2026-03-28 18:30:11,987 [INFO] Fetched 655 products from BSC
2026-03-28 18:30:12,594 [INFO] Categories: {'apparel': 143, 'caps': 343, 'other': 17, 'pins': 152}
2026-03-28 18:30:12,672 [INFO] ══ Poll complete ══

/Users/sterling/Library/Python/3.9/lib/python/site-packages/urllib3/__init__.py:35: NotOpenSSLWarning: urllib3 v2 only supports OpenSSL 1.1.1+, currently the 'ssl' module is compiled with 'LibreSSL 2.8.3'. See: https://github.com/urllib3/urllib3/issues/3020
  warnings.warn(
2026-03-28 19:00:06,194 [INFO] ══ Scally Tracker — 2026-03-28 07:00 PM CT ══
2026-03-28 19:00:06,197 [INFO] DB ready: /Users/sterling/app/scally-tracker/data/inventory.db
2026-03-28 19:00:09,318 [INFO] Fetched 655 products from BSC
2026-03-28 19:00:09,946 [INFO] Categories: {'apparel': 143, 'caps': 343, 'other': 17, 'pins': 152}
2026-03-28 19:00:10,025 [INFO] ══ Poll complete ══

/Users/sterling/Library/Python/3.9/lib/python/site-packages/urllib3/__init__.py:35: NotOpenSSLWarning: urllib3 v2 only supports OpenSSL 1.1.1+, currently the 'ssl' module is compiled with 'LibreSSL 2.8.3'. See: https://github.com/urllib3/urllib3/issues/3020
  warnings.warn(
2026-03-29 07:00:06,256 [INFO] ══ Scally Tracker — 2026-03-29 07:00 AM CT ══
2026-03-29 07:00:06,260 [INFO] DB ready: /Users/sterling/app/scally-tracker/data/inventory.db
2026-03-29 07:00:06,448 [ERROR] Fetch error page 1: 503 Server Error: Service Unavailable for url: https://bostonscally.com/products.json?limit=250&page=1
2026-03-29 07:00:06,448 [INFO] Fetched 0 products from BSC
2026-03-29 07:00:06,450 [WARNING] No products returned — aborting
/Users/sterling/Library/Python/3.9/lib/python/site-packages/urllib3/__init__.py:35: NotOpenSSLWarning: urllib3 v2 only supports OpenSSL 1.1.1+, currently the 'ssl' module is compiled with 'LibreSSL 2.8.3'. See: https://github.com/urllib3/urllib3/issues/3020
  warnings.warn(
2026-03-29 07:30:06,186 [INFO] ══ Scally Tracker — 2026-03-29 07:30 AM CT ══
2026-03-29 07:30:06,189 [INFO] DB ready: /Users/sterling/app/scally-tracker/data/inventory.db
2026-03-29 07:30:14,352 [INFO] Fetched 655 products from BSC
2026-03-29 07:30:14,943 [INFO] Categories: {'apparel': 143, 'caps': 343, 'other': 17, 'pins': 152}
2026-03-29 07:30:15,027 [INFO] ══ Poll complete ══

/Users/sterling/Library/Python/3.9/lib/python/site-packages/urllib3/__init__.py:35: NotOpenSSLWarning: urllib3 v2 only supports OpenSSL 1.1.1+, currently the 'ssl' module is compiled with 'LibreSSL 2.8.3'. See: https://github.com/urllib3/urllib3/issues/3020
  warnings.warn(
2026-03-29 08:00:06,226 [INFO] ══ Scally Tracker — 2026-03-29 08:00 AM CT ══
2026-03-29 08:00:06,229 [INFO] DB ready: /Users/sterling/app/scally-tracker/data/inventory.db
2026-03-29 08:00:10,354 [INFO] Fetched 655 products from BSC
2026-03-29 08:00:10,937 [INFO] Categories: {'apparel': 143, 'caps': 343, 'other': 17, 'pins': 152}
2026-03-29 08:00:11,019 [INFO] ══ Poll complete ══

/Users/sterling/Library/Python/3.9/lib/python/site-packages/urllib3/__init__.py:35: NotOpenSSLWarning: urllib3 v2 only supports OpenSSL 1.1.1+, currently the 'ssl' module is compiled with 'LibreSSL 2.8.3'. See: https://github.com/urllib3/urllib3/issues/3020
  warnings.warn(
2026-03-29 08:30:06,180 [INFO] ══ Scally Tracker — 2026-03-29 08:30 AM CT ══
2026-03-29 08:30:06,182 [INFO] DB ready: /Users/sterling/app/scally-tracker/data/inventory.db
2026-03-29 08:30:07,100 [ERROR] Fetch error page 2: 503 Server Error: Service Unavailable for url: https://bostonscally.com/products.json?limit=250&page=2
2026-03-29 08:30:07,100 [INFO] Fetched 250 products from BSC
2026-03-29 08:30:07,357 [INFO] Categories: {'apparel': 143, 'caps': 343, 'other': 17, 'pins': 152}
2026-03-29 08:30:07,420 [INFO] ══ Poll complete ══

/Users/sterling/Library/Python/3.9/lib/python/site-packages/urllib3/__init__.py:35: NotOpenSSLWarning: urllib3 v2 only supports OpenSSL 1.1.1+, currently the 'ssl' module is compiled with 'LibreSSL 2.8.3'. See: https://github.com/urllib3/urllib3/issues/3020
  warnings.warn(
2026-03-29 09:00:06,188 [INFO] ══ Scally Tracker — 2026-03-29 09:00 AM CT ══
2026-03-29 09:00:06,191 [INFO] DB ready: /Users/sterling/app/scally-tracker/data/inventory.db
2026-03-29 09:00:09,898 [INFO] Fetched 655 products from BSC
2026-03-29 09:00:10,456 [INFO] Categories: {'apparel': 143, 'caps': 343, 'other': 17, 'pins': 152}
2026-03-29 09:00:10,538 [INFO] ══ Poll complete ══

/Users/sterling/Library/Python/3.9/lib/python/site-packages/urllib3/__init__.py:35: NotOpenSSLWarning: urllib3 v2 only supports OpenSSL 1.1.1+, currently the 'ssl' module is compiled with 'LibreSSL 2.8.3'. See: https://github.com/urllib3/urllib3/issues/3020
  warnings.warn(
2026-03-29 09:30:06,170 [INFO] ══ Scally Tracker — 2026-03-29 09:30 AM CT ══
2026-03-29 09:30:06,173 [INFO] DB ready: /Users/sterling/app/scally-tracker/data/inventory.db
2026-03-29 09:30:09,339 [INFO] Fetched 655 products from BSC
2026-03-29 09:30:09,887 [INFO] Categories: {'apparel': 143, 'caps': 343, 'other': 17, 'pins': 152}
2026-03-29 09:30:09,970 [INFO] ══ Poll complete ══

/Users/sterling/Library/Python/3.9/lib/python/site-packages/urllib3/__init__.py:35: NotOpenSSLWarning: urllib3 v2 only supports OpenSSL 1.1.1+, currently the 'ssl' module is compiled with 'LibreSSL 2.8.3'. See: https://github.com/urllib3/urllib3/issues/3020
  warnings.warn(
2026-03-29 10:00:03,367 [INFO] ══ Scally Tracker — 2026-03-29 10:00 AM CT ══
2026-03-29 10:00:03,458 [INFO] DB ready: /Users/sterling/app/scally-tracker/data/inventory.db
2026-03-29 10:00:06,620 [INFO] Fetched 655 products from BSC
2026-03-29 10:00:07,165 [INFO] Categories: {'apparel': 143, 'caps': 343, 'other': 17, 'pins': 152}
2026-03-29 10:00:07,247 [INFO] ══ Poll complete ══

/Users/sterling/Library/Python/3.9/lib/python/site-packages/urllib3/__init__.py:35: NotOpenSSLWarning: urllib3 v2 only supports OpenSSL 1.1.1+, currently the 'ssl' module is compiled with 'LibreSSL 2.8.3'. See: https://github.com/urllib3/urllib3/issues/3020
  warnings.warn(
2026-03-29 10:30:06,227 [INFO] ══ Scally Tracker — 2026-03-29 10:30 AM CT ══
2026-03-29 10:30:06,230 [INFO] DB ready: /Users/sterling/app/scally-tracker/data/inventory.db
2026-03-29 10:30:09,307 [INFO] Fetched 655 products from BSC
2026-03-29 10:30:09,891 [INFO] Categories: {'apparel': 143, 'caps': 343, 'other': 17, 'pins': 152}
2026-03-29 10:30:09,979 [INFO] ══ Poll complete ══

/Users/sterling/Library/Python/3.9/lib/python/site-packages/urllib3/__init__.py:35: NotOpenSSLWarning: urllib3 v2 only supports OpenSSL 1.1.1+, currently the 'ssl' module is compiled with 'LibreSSL 2.8.3'. See: https://github.com/urllib3/urllib3/issues/3020
  warnings.warn(
2026-03-29 11:00:06,116 [INFO] ══ Scally Tracker — 2026-03-29 11:00 AM CT ══
2026-03-29 11:00:06,118 [INFO] DB ready: /Users/sterling/app/scally-tracker/data/inventory.db
2026-03-29 11:00:06,790 [ERROR] Fetch error page 2: 503 Server Error: Service Unavailable for url: https://bostonscally.com/products.json?limit=250&page=2
2026-03-29 11:00:06,790 [INFO] Fetched 250 products from BSC
2026-03-29 11:00:07,052 [INFO] Categories: {'apparel': 143, 'caps': 343, 'other': 17, 'pins': 152}
2026-03-29 11:00:07,116 [INFO] ══ Poll complete ══

/Users/sterling/Library/Python/3.9/lib/python/site-packages/urllib3/__init__.py:35: NotOpenSSLWarning: urllib3 v2 only supports OpenSSL 1.1.1+, currently the 'ssl' module is compiled with 'LibreSSL 2.8.3'. See: https://github.com/urllib3/urllib3/issues/3020
  warnings.warn(
2026-03-29 11:30:03,141 [INFO] ══ Scally Tracker — 2026-03-29 11:30 AM CT ══
2026-03-29 11:30:03,143 [INFO] DB ready: /Users/sterling/app/scally-tracker/data/inventory.db
2026-03-29 11:30:06,626 [INFO] Fetched 655 products from BSC
2026-03-29 11:30:07,183 [INFO] Categories: {'apparel': 143, 'caps': 343, 'other': 17, 'pins': 152}
2026-03-29 11:30:07,279 [INFO] ══ Poll complete ══

/Users/sterling/Library/Python/3.9/lib/python/site-packages/urllib3/__init__.py:35: NotOpenSSLWarning: urllib3 v2 only supports OpenSSL 1.1.1+, currently the 'ssl' module is compiled with 'LibreSSL 2.8.3'. See: https://github.com/urllib3/urllib3/issues/3020
  warnings.warn(
2026-03-29 12:00:02,194 [INFO] ══ Scally Tracker — 2026-03-29 12:00 PM CT ══
2026-03-29 12:00:02,196 [INFO] DB ready: /Users/sterling/app/scally-tracker/data/inventory.db
2026-03-29 12:00:04,537 [INFO] Fetched 655 products from BSC
2026-03-29 12:00:05,103 [INFO] Categories: {'apparel': 143, 'caps': 343, 'other': 17, 'pins': 152}
2026-03-29 12:00:05,183 [INFO] ══ Poll complete ══

/Users/sterling/Library/Python/3.9/lib/python/site-packages/urllib3/__init__.py:35: NotOpenSSLWarning: urllib3 v2 only supports OpenSSL 1.1.1+, currently the 'ssl' module is compiled with 'LibreSSL 2.8.3'. See: https://github.com/urllib3/urllib3/issues/3020
  warnings.warn(
2026-03-29 12:30:01,222 [INFO] ══ Scally Tracker — 2026-03-29 12:30 PM CT ══
2026-03-29 12:30:01,224 [INFO] DB ready: /Users/sterling/app/scally-tracker/data/inventory.db
2026-03-29 12:30:02,026 [ERROR] Fetch error page 2: 503 Server Error: Service Unavailable for url: https://bostonscally.com/products.json?limit=250&page=2
2026-03-29 12:30:02,026 [INFO] Fetched 250 products from BSC
2026-03-29 12:30:02,292 [INFO] Categories: {'apparel': 143, 'caps': 343, 'other': 17, 'pins': 152}
2026-03-29 12:30:02,353 [INFO] ══ Poll complete ══

/Users/sterling/Library/Python/3.9/lib/python/site-packages/urllib3/__init__.py:35: NotOpenSSLWarning: urllib3 v2 only supports OpenSSL 1.1.1+, currently the 'ssl' module is compiled with 'LibreSSL 2.8.3'. See: https://github.com/urllib3/urllib3/issues/3020
  warnings.warn(
2026-03-29 13:00:02,964 [INFO] ══ Scally Tracker — 2026-03-29 01:00 PM CT ══
2026-03-29 13:00:02,968 [INFO] DB ready: /Users/sterling/app/scally-tracker/data/inventory.db
2026-03-29 13:00:04,790 [ERROR] Fetch error page 2: 503 Server Error: Service Unavailable for url: https://bostonscally.com/products.json?limit=250&page=2
2026-03-29 13:00:04,791 [INFO] Fetched 250 products from BSC
2026-03-29 13:00:05,093 [INFO] Categories: {'apparel': 143, 'caps': 343, 'other': 17, 'pins': 152}
2026-03-29 13:00:05,158 [INFO] ══ Poll complete ══

/Users/sterling/Library/Python/3.9/lib/python/site-packages/urllib3/__init__.py:35: NotOpenSSLWarning: urllib3 v2 only supports OpenSSL 1.1.1+, currently the 'ssl' module is compiled with 'LibreSSL 2.8.3'. See: https://github.com/urllib3/urllib3/issues/3020
  warnings.warn(
2026-03-29 13:30:00,788 [INFO] ══ Scally Tracker — 2026-03-29 01:30 PM CT ══
2026-03-29 13:30:00,792 [INFO] DB ready: /Users/sterling/app/scally-tracker/data/inventory.db
2026-03-29 13:30:02,411 [ERROR] Fetch error page 3: 503 Server Error: Service Unavailable for url: https://bostonscally.com/products.json?limit=250&page=3
2026-03-29 13:30:02,411 [INFO] Fetched 500 products from BSC
2026-03-29 13:30:02,852 [INFO] Categories: {'apparel': 143, 'caps': 343, 'other': 17, 'pins': 152}
2026-03-29 13:30:02,927 [INFO] ══ Poll complete ══

/Users/sterling/Library/Python/3.9/lib/python/site-packages/urllib3/__init__.py:35: NotOpenSSLWarning: urllib3 v2 only supports OpenSSL 1.1.1+, currently the 'ssl' module is compiled with 'LibreSSL 2.8.3'. See: https://github.com/urllib3/urllib3/issues/3020
  warnings.warn(
2026-03-29 14:00:01,800 [INFO] ══ Scally Tracker — 2026-03-29 02:00 PM CT ══
2026-03-29 14:00:01,803 [INFO] DB ready: /Users/sterling/app/scally-tracker/data/inventory.db
2026-03-29 14:00:03,881 [INFO] Fetched 655 products from BSC
2026-03-29 14:00:04,501 [INFO] Categories: {'apparel': 143, 'caps': 343, 'other': 17, 'pins': 152}
2026-03-29 14:00:04,598 [INFO] ══ Poll complete ══

/Users/sterling/Library/Python/3.9/lib/python/site-packages/urllib3/__init__.py:35: NotOpenSSLWarning: urllib3 v2 only supports OpenSSL 1.1.1+, currently the 'ssl' module is compiled with 'LibreSSL 2.8.3'. See: https://github.com/urllib3/urllib3/issues/3020
  warnings.warn(
2026-03-29 14:30:00,846 [INFO] ══ Scally Tracker — 2026-03-29 02:30 PM CT ══
2026-03-29 14:30:00,849 [INFO] DB ready: /Users/sterling/app/scally-tracker/data/inventory.db
2026-03-29 14:30:01,043 [ERROR] Fetch error page 1: 503 Server Error: Service Unavailable for url: https://bostonscally.com/products.json?limit=250&page=1
2026-03-29 14:30:01,043 [INFO] Fetched 0 products from BSC
2026-03-29 14:30:01,045 [WARNING] No products returned — aborting
/Users/sterling/Library/Python/3.9/lib/python/site-packages/urllib3/__init__.py:35: NotOpenSSLWarning: urllib3 v2 only supports OpenSSL 1.1.1+, currently the 'ssl' module is compiled with 'LibreSSL 2.8.3'. See: https://github.com/urllib3/urllib3/issues/3020
  warnings.warn(
2026-03-29 15:00:05,805 [INFO] ══ Scally Tracker — 2026-03-29 03:00 PM CT ══
2026-03-29 15:00:05,807 [INFO] DB ready: /Users/sterling/app/scally-tracker/data/inventory.db
2026-03-29 15:00:07,913 [ERROR] Fetch error page 4: 503 Server Error: Service Unavailable for url: https://bostonscally.com/products.json?limit=250&page=4
2026-03-29 15:00:07,914 [INFO] Fetched 655 products from BSC
2026-03-29 15:00:08,531 [INFO] Categories: {'apparel': 143, 'caps': 343, 'other': 17, 'pins': 152}
2026-03-29 15:00:08,630 [INFO] ══ Poll complete ══

/Users/sterling/Library/Python/3.9/lib/python/site-packages/urllib3/__init__.py:35: NotOpenSSLWarning: urllib3 v2 only supports OpenSSL 1.1.1+, currently the 'ssl' module is compiled with 'LibreSSL 2.8.3'. See: https://github.com/urllib3/urllib3/issues/3020
  warnings.warn(
2026-03-29 15:30:04,801 [INFO] ══ Scally Tracker — 2026-03-29 03:30 PM CT ══
2026-03-29 15:30:04,803 [INFO] DB ready: /Users/sterling/app/scally-tracker/data/inventory.db
2026-03-29 15:30:08,098 [INFO] Fetched 655 products from BSC
2026-03-29 15:30:08,754 [INFO] Categories: {'apparel': 143, 'caps': 343, 'other': 17, 'pins': 152}
2026-03-29 15:30:08,839 [INFO] ══ Poll complete ══

/Users/sterling/Library/Python/3.9/lib/python/site-packages/urllib3/__init__.py:35: NotOpenSSLWarning: urllib3 v2 only supports OpenSSL 1.1.1+, currently the 'ssl' module is compiled with 'LibreSSL 2.8.3'. See: https://github.com/urllib3/urllib3/issues/3020
  warnings.warn(
2026-03-29 16:00:01,794 [INFO] ══ Scally Tracker — 2026-03-29 04:00 PM CT ══
2026-03-29 16:00:01,796 [INFO] DB ready: /Users/sterling/app/scally-tracker/data/inventory.db
2026-03-29 16:00:04,690 [INFO] Fetched 655 products from BSC
2026-03-29 16:00:05,319 [INFO] Categories: {'apparel': 143, 'caps': 343, 'other': 17, 'pins': 152}
2026-03-29 16:00:05,417 [INFO] ══ Poll complete ══

/Users/sterling/Library/Python/3.9/lib/python/site-packages/urllib3/__init__.py:35: NotOpenSSLWarning: urllib3 v2 only supports OpenSSL 1.1.1+, currently the 'ssl' module is compiled with 'LibreSSL 2.8.3'. See: https://github.com/urllib3/urllib3/issues/3020
  warnings.warn(
2026-03-29 16:30:00,775 [INFO] ══ Scally Tracker — 2026-03-29 04:30 PM CT ══
2026-03-29 16:30:00,777 [INFO] DB ready: /Users/sterling/app/scally-tracker/data/inventory.db
2026-03-29 16:30:03,918 [ERROR] Fetch error page 4: 503 Server Error: Service Unavailable for url: https://bostonscally.com/products.json?limit=250&page=4
2026-03-29 16:30:03,920 [INFO] Fetched 655 products from BSC
2026-03-29 16:30:04,545 [INFO] Categories: {'apparel': 143, 'caps': 343, 'other': 17, 'pins': 152}
2026-03-29 16:30:04,642 [INFO] ══ Poll complete ══

/Users/sterling/Library/Python/3.9/lib/python/site-packages/urllib3/__init__.py:35: NotOpenSSLWarning: urllib3 v2 only supports OpenSSL 1.1.1+, currently the 'ssl' module is compiled with 'LibreSSL 2.8.3'. See: https://github.com/urllib3/urllib3/issues/3020
  warnings.warn(
2026-03-29 17:00:04,852 [INFO] ══ Scally Tracker — 2026-03-29 05:00 PM CT ══
2026-03-29 17:00:04,854 [INFO] DB ready: /Users/sterling/app/scally-tracker/data/inventory.db
2026-03-29 17:00:07,300 [ERROR] Fetch error page 4: 503 Server Error: Service Unavailable for url: https://bostonscally.com/products.json?limit=250&page=4
2026-03-29 17:00:07,301 [INFO] Fetched 655 products from BSC
2026-03-29 17:00:07,939 [INFO] Categories: {'apparel': 143, 'caps': 343, 'other': 17, 'pins': 152}
2026-03-29 17:00:08,043 [INFO] ══ Poll complete ══

/Users/sterling/Library/Python/3.9/lib/python/site-packages/urllib3/__init__.py:35: NotOpenSSLWarning: urllib3 v2 only supports OpenSSL 1.1.1+, currently the 'ssl' module is compiled with 'LibreSSL 2.8.3'. See: https://github.com/urllib3/urllib3/issues/3020
  warnings.warn(
2026-03-29 17:30:05,809 [INFO] ══ Scally Tracker — 2026-03-29 05:30 PM CT ══
2026-03-29 17:30:05,812 [INFO] DB ready: /Users/sterling/app/scally-tracker/data/inventory.db
2026-03-29 17:30:10,207 [INFO] Fetched 655 products from BSC
2026-03-29 17:30:10,771 [INFO] Categories: {'apparel': 143, 'caps': 343, 'other': 17, 'pins': 152}
2026-03-29 17:30:10,855 [INFO] ══ Poll complete ══

/Users/sterling/Library/Python/3.9/lib/python/site-packages/urllib3/__init__.py:35: NotOpenSSLWarning: urllib3 v2 only supports OpenSSL 1.1.1+, currently the 'ssl' module is compiled with 'LibreSSL 2.8.3'. See: https://github.com/urllib3/urllib3/issues/3020
  warnings.warn(
2026-03-29 18:00:04,882 [INFO] ══ Scally Tracker — 2026-03-29 06:00 PM CT ══
2026-03-29 18:00:04,885 [INFO] DB ready: /Users/sterling/app/scally-tracker/data/inventory.db
2026-03-29 18:00:06,327 [ERROR] Fetch error page 3: 503 Server Error: Service Unavailable for url: https://bostonscally.com/products.json?limit=250&page=3
2026-03-29 18:00:06,327 [INFO] Fetched 500 products from BSC
2026-03-29 18:00:06,785 [INFO] Categories: {'apparel': 143, 'caps': 343, 'other': 17, 'pins': 152}
2026-03-29 18:00:06,860 [INFO] ══ Poll complete ══

/Users/sterling/Library/Python/3.9/lib/python/site-packages/urllib3/__init__.py:35: NotOpenSSLWarning: urllib3 v2 only supports OpenSSL 1.1.1+, currently the 'ssl' module is compiled with 'LibreSSL 2.8.3'. See: https://github.com/urllib3/urllib3/issues/3020
  warnings.warn(
2026-03-29 18:30:05,769 [INFO] ══ Scally Tracker — 2026-03-29 06:30 PM CT ══
2026-03-29 18:30:05,772 [INFO] DB ready: /Users/sterling/app/scally-tracker/data/inventory.db
2026-03-29 18:30:09,883 [INFO] Fetched 655 products from BSC
2026-03-29 18:30:10,502 [INFO] Categories: {'apparel': 143, 'caps': 343, 'other': 17, 'pins': 152}
2026-03-29 18:30:10,597 [INFO] ══ Poll complete ══

/Users/sterling/Library/Python/3.9/lib/python/site-packages/urllib3/__init__.py:35: NotOpenSSLWarning: urllib3 v2 only supports OpenSSL 1.1.1+, currently the 'ssl' module is compiled with 'LibreSSL 2.8.3'. See: https://github.com/urllib3/urllib3/issues/3020
  warnings.warn(
2026-03-29 19:00:04,874 [INFO] ══ Scally Tracker — 2026-03-29 07:00 PM CT ══
2026-03-29 19:00:04,876 [INFO] DB ready: /Users/sterling/app/scally-tracker/data/inventory.db
2026-03-29 19:00:07,472 [INFO] Fetched 655 products from BSC
2026-03-29 19:00:08,070 [INFO] Categories: {'apparel': 143, 'caps': 343, 'other': 17, 'pins': 152}
2026-03-29 19:00:08,159 [INFO] ══ Poll complete ══

/Users/sterling/Library/Python/3.9/lib/python/site-packages/urllib3/__init__.py:35: NotOpenSSLWarning: urllib3 v2 only supports OpenSSL 1.1.1+, currently the 'ssl' module is compiled with 'LibreSSL 2.8.3'. See: https://github.com/urllib3/urllib3/issues/3020
  warnings.warn(
2026-03-30 07:00:01,373 [INFO] ══ Scally Tracker — 2026-03-30 07:00 AM CT ══
2026-03-30 07:00:01,377 [INFO] DB ready: /Users/sterling/app/scally-tracker/data/inventory.db
2026-03-30 07:00:05,139 [INFO] Fetched 655 products from BSC
2026-03-30 07:00:05,842 [INFO] Categories: {'apparel': 143, 'caps': 343, 'other': 17, 'pins': 152}
2026-03-30 07:00:05,943 [INFO] ══ Poll complete ══

/Users/sterling/Library/Python/3.9/lib/python/site-packages/urllib3/__init__.py:35: NotOpenSSLWarning: urllib3 v2 only supports OpenSSL 1.1.1+, currently the 'ssl' module is compiled with 'LibreSSL 2.8.3'. See: https://github.com/urllib3/urllib3/issues/3020
  warnings.warn(
2026-03-30 07:30:03,464 [INFO] ══ Scally Tracker — 2026-03-30 07:30 AM CT ══
2026-03-30 07:30:03,467 [INFO] DB ready: /Users/sterling/app/scally-tracker/data/inventory.db
2026-03-30 07:30:06,508 [INFO] Fetched 655 products from BSC
2026-03-30 07:30:07,155 [INFO] Categories: {'apparel': 143, 'caps': 343, 'other': 17, 'pins': 152}
2026-03-30 07:30:07,259 [INFO] ══ Poll complete ══

/Users/sterling/Library/Python/3.9/lib/python/site-packages/urllib3/__init__.py:35: NotOpenSSLWarning: urllib3 v2 only supports OpenSSL 1.1.1+, currently the 'ssl' module is compiled with 'LibreSSL 2.8.3'. See: https://github.com/urllib3/urllib3/issues/3020
  warnings.warn(
2026-03-30 08:00:01,493 [INFO] ══ Scally Tracker — 2026-03-30 08:00 AM CT ══
2026-03-30 08:00:01,496 [INFO] DB ready: /Users/sterling/app/scally-tracker/data/inventory.db
2026-03-30 08:00:01,680 [ERROR] Fetch error page 1: 503 Server Error: Service Unavailable for url: https://bostonscally.com/products.json?limit=250&page=1
2026-03-30 08:00:01,680 [INFO] Fetched 0 products from BSC
2026-03-30 08:00:01,682 [WARNING] No products returned — aborting
/Users/sterling/Library/Python/3.9/lib/python/site-packages/urllib3/__init__.py:35: NotOpenSSLWarning: urllib3 v2 only supports OpenSSL 1.1.1+, currently the 'ssl' module is compiled with 'LibreSSL 2.8.3'. See: https://github.com/urllib3/urllib3/issues/3020
  warnings.warn(
2026-03-30 08:30:00,341 [INFO] ══ Scally Tracker — 2026-03-30 08:30 AM CT ══
2026-03-30 08:30:00,344 [INFO] DB ready: /Users/sterling/app/scally-tracker/data/inventory.db
2026-03-30 08:30:00,541 [ERROR] Fetch error page 1: 503 Server Error: Service Unavailable for url: https://bostonscally.com/products.json?limit=250&page=1
2026-03-30 08:30:00,541 [INFO] Fetched 0 products from BSC
2026-03-30 08:30:00,543 [WARNING] No products returned — aborting
/Users/sterling/Library/Python/3.9/lib/python/site-packages/urllib3/__init__.py:35: NotOpenSSLWarning: urllib3 v2 only supports OpenSSL 1.1.1+, currently the 'ssl' module is compiled with 'LibreSSL 2.8.3'. See: https://github.com/urllib3/urllib3/issues/3020
  warnings.warn(
2026-03-30 09:00:03,519 [INFO] ══ Scally Tracker — 2026-03-30 09:00 AM CT ══
2026-03-30 09:00:03,522 [INFO] DB ready: /Users/sterling/app/scally-tracker/data/inventory.db
2026-03-30 09:00:05,473 [INFO] Fetched 655 products from BSC
2026-03-30 09:00:06,502 [INFO] ntfy 200: 🎉 Restock!
2026-03-30 09:00:07,065 [INFO] ntfy 200: 🎉 Restock!
2026-03-30 09:00:07,442 [INFO] Categories: {'apparel': 143, 'caps': 343, 'other': 17, 'pins': 152}
2026-03-30 09:00:07,547 [INFO] ══ Poll complete ══

/Users/sterling/Library/Python/3.9/lib/python/site-packages/urllib3/__init__.py:35: NotOpenSSLWarning: urllib3 v2 only supports OpenSSL 1.1.1+, currently the 'ssl' module is compiled with 'LibreSSL 2.8.3'. See: https://github.com/urllib3/urllib3/issues/3020
  warnings.warn(
2026-03-30 09:30:00,251 [INFO] ══ Scally Tracker — 2026-03-30 09:30 AM CT ══
2026-03-30 09:30:00,253 [INFO] DB ready: /Users/sterling/app/scally-tracker/data/inventory.db
2026-03-30 09:30:01,877 [INFO] Fetched 655 products from BSC
2026-03-30 09:30:02,531 [INFO] Categories: {'apparel': 143, 'caps': 343, 'other': 17, 'pins': 152}
2026-03-30 09:30:02,634 [INFO] ══ Poll complete ══

/Users/sterling/Library/Python/3.9/lib/python/site-packages/urllib3/__init__.py:35: NotOpenSSLWarning: urllib3 v2 only supports OpenSSL 1.1.1+, currently the 'ssl' module is compiled with 'LibreSSL 2.8.3'. See: https://github.com/urllib3/urllib3/issues/3020
  warnings.warn(
2026-03-30 10:00:01,394 [INFO] ══ Scally Tracker — 2026-03-30 10:00 AM CT ══
2026-03-30 10:00:01,396 [INFO] DB ready: /Users/sterling/app/scally-tracker/data/inventory.db
2026-03-30 10:00:03,051 [INFO] Fetched 655 products from BSC
2026-03-30 10:00:03,502 [INFO] ntfy 200: 🎉 Restock!
2026-03-30 10:00:04,155 [INFO] Categories: {'apparel': 143, 'caps': 343, 'other': 17, 'pins': 152}
2026-03-30 10:00:04,251 [INFO] ══ Poll complete ══

/Users/sterling/Library/Python/3.9/lib/python/site-packages/urllib3/__init__.py:35: NotOpenSSLWarning: urllib3 v2 only supports OpenSSL 1.1.1+, currently the 'ssl' module is compiled with 'LibreSSL 2.8.3'. See: https://github.com/urllib3/urllib3/issues/3020
  warnings.warn(
2026-03-30 10:30:00,241 [INFO] ══ Scally Tracker — 2026-03-30 10:30 AM CT ══
2026-03-30 10:30:00,244 [INFO] DB ready: /Users/sterling/app/scally-tracker/data/inventory.db
2026-03-30 10:30:01,864 [INFO] Fetched 655 products from BSC
2026-03-30 10:30:02,512 [INFO] Categories: {'apparel': 143, 'caps': 343, 'other': 17, 'pins': 152}
2026-03-30 10:30:02,613 [INFO] ══ Poll complete ══

/Users/sterling/Library/Python/3.9/lib/python/site-packages/urllib3/__init__.py:35: NotOpenSSLWarning: urllib3 v2 only supports OpenSSL 1.1.1+, currently the 'ssl' module is compiled with 'LibreSSL 2.8.3'. See: https://github.com/urllib3/urllib3/issues/3020
  warnings.warn(
2026-03-30 11:00:01,416 [INFO] ══ Scally Tracker — 2026-03-30 11:00 AM CT ══
2026-03-30 11:00:01,419 [INFO] DB ready: /Users/sterling/app/scally-tracker/data/inventory.db
2026-03-30 11:00:03,069 [INFO] Fetched 655 products from BSC
2026-03-30 11:00:03,737 [INFO] Categories: {'apparel': 143, 'caps': 343, 'other': 17, 'pins': 152}
2026-03-30 11:00:03,831 [INFO] ══ Poll complete ══

/Users/sterling/Library/Python/3.9/lib/python/site-packages/urllib3/__init__.py:35: NotOpenSSLWarning: urllib3 v2 only supports OpenSSL 1.1.1+, currently the 'ssl' module is compiled with 'LibreSSL 2.8.3'. See: https://github.com/urllib3/urllib3/issues/3020
  warnings.warn(
2026-03-30 11:30:00,365 [INFO] ══ Scally Tracker — 2026-03-30 11:30 AM CT ══
2026-03-30 11:30:00,367 [INFO] DB ready: /Users/sterling/app/scally-tracker/data/inventory.db
2026-03-30 11:30:02,012 [INFO] Fetched 655 products from BSC
2026-03-30 11:30:02,635 [INFO] Categories: {'apparel': 143, 'caps': 343, 'other': 17, 'pins': 152}
2026-03-30 11:30:02,735 [INFO] ══ Poll complete ══

/Users/sterling/Library/Python/3.9/lib/python/site-packages/urllib3/__init__.py:35: NotOpenSSLWarning: urllib3 v2 only supports OpenSSL 1.1.1+, currently the 'ssl' module is compiled with 'LibreSSL 2.8.3'. See: https://github.com/urllib3/urllib3/issues/3020
  warnings.warn(
2026-03-30 12:00:01,358 [INFO] ══ Scally Tracker — 2026-03-30 12:00 PM CT ══
2026-03-30 12:00:01,360 [INFO] DB ready: /Users/sterling/app/scally-tracker/data/inventory.db
2026-03-30 12:00:02,957 [INFO] Fetched 655 products from BSC
2026-03-30 12:00:03,603 [INFO] Categories: {'apparel': 143, 'caps': 343, 'other': 17, 'pins': 152}
2026-03-30 12:00:03,706 [INFO] ══ Poll complete ══

/Users/sterling/Library/Python/3.9/lib/python/site-packages/urllib3/__init__.py:35: NotOpenSSLWarning: urllib3 v2 only supports OpenSSL 1.1.1+, currently the 'ssl' module is compiled with 'LibreSSL 2.8.3'. See: https://github.com/urllib3/urllib3/issues/3020
  warnings.warn(
2026-03-30 12:30:00,310 [INFO] ══ Scally Tracker — 2026-03-30 12:30 PM CT ══
2026-03-30 12:30:00,314 [INFO] DB ready: /Users/sterling/app/scally-tracker/data/inventory.db
2026-03-30 12:30:01,890 [INFO] Fetched 655 products from BSC
2026-03-30 12:30:02,904 [INFO] ntfy 200: 🎉 Restock!
2026-03-30 12:30:03,439 [INFO] ntfy 200: 🎉 Restock!
2026-03-30 12:30:03,819 [INFO] Categories: {'apparel': 143, 'caps': 343, 'other': 17, 'pins': 152}
2026-03-30 12:30:03,925 [INFO] ══ Poll complete ══

/Users/sterling/Library/Python/3.9/lib/python/site-packages/urllib3/__init__.py:35: NotOpenSSLWarning: urllib3 v2 only supports OpenSSL 1.1.1+, currently the 'ssl' module is compiled with 'LibreSSL 2.8.3'. See: https://github.com/urllib3/urllib3/issues/3020
  warnings.warn(
2026-03-30 13:00:01,540 [INFO] ══ Scally Tracker — 2026-03-30 01:00 PM CT ══
2026-03-30 13:00:01,543 [INFO] DB ready: /Users/sterling/app/scally-tracker/data/inventory.db
2026-03-30 13:00:03,174 [INFO] Fetched 655 products from BSC
2026-03-30 13:00:03,849 [INFO] Categories: {'apparel': 143, 'caps': 343, 'other': 17, 'pins': 152}
2026-03-30 13:00:03,959 [INFO] ══ Poll complete ══

/Users/sterling/Library/Python/3.9/lib/python/site-packages/urllib3/__init__.py:35: NotOpenSSLWarning: urllib3 v2 only supports OpenSSL 1.1.1+, currently the 'ssl' module is compiled with 'LibreSSL 2.8.3'. See: https://github.com/urllib3/urllib3/issues/3020
  warnings.warn(
2026-03-30 13:30:00,638 [INFO] ══ Scally Tracker — 2026-03-30 01:30 PM CT ══
2026-03-30 13:30:00,640 [INFO] DB ready: /Users/sterling/app/scally-tracker/data/inventory.db
2026-03-30 13:30:01,397 [ERROR] Fetch error page 2: 503 Server Error: Service Unavailable for url: https://bostonscally.com/products.json?limit=250&page=2
2026-03-30 13:30:01,398 [INFO] Fetched 250 products from BSC
2026-03-30 13:30:01,639 [INFO] Categories: {'apparel': 143, 'caps': 343, 'other': 17, 'pins': 152}
2026-03-30 13:30:01,717 [INFO] ══ Poll complete ══

/Users/sterling/Library/Python/3.9/lib/python/site-packages/urllib3/__init__.py:35: NotOpenSSLWarning: urllib3 v2 only supports OpenSSL 1.1.1+, currently the 'ssl' module is compiled with 'LibreSSL 2.8.3'. See: https://github.com/urllib3/urllib3/issues/3020
  warnings.warn(
2026-03-30 14:00:01,554 [INFO] ══ Scally Tracker — 2026-03-30 02:00 PM CT ══
2026-03-30 14:00:01,556 [INFO] DB ready: /Users/sterling/app/scally-tracker/data/inventory.db
2026-03-30 14:00:04,811 [INFO] Fetched 655 products from BSC
2026-03-30 14:00:05,603 [INFO] ntfy 200: 🎉 Restock!
2026-03-30 14:00:05,844 [INFO] Categories: {'apparel': 143, 'caps': 343, 'other': 17, 'pins': 152}
2026-03-30 14:00:05,953 [INFO] ══ Poll complete ══

/Users/sterling/Library/Python/3.9/lib/python/site-packages/urllib3/__init__.py:35: NotOpenSSLWarning: urllib3 v2 only supports OpenSSL 1.1.1+, currently the 'ssl' module is compiled with 'LibreSSL 2.8.3'. See: https://github.com/urllib3/urllib3/issues/3020
  warnings.warn(
2026-03-30 14:30:02,617 [INFO] ══ Scally Tracker — 2026-03-30 02:30 PM CT ══
2026-03-30 14:30:02,620 [INFO] DB ready: /Users/sterling/app/scally-tracker/data/inventory.db
2026-03-30 14:30:02,814 [ERROR] Fetch error page 1: 503 Server Error: Service Unavailable for url: https://bostonscally.com/products.json?limit=250&page=1
2026-03-30 14:30:02,815 [INFO] Fetched 0 products from BSC
2026-03-30 14:30:02,817 [WARNING] No products returned — aborting
/Users/sterling/Library/Python/3.9/lib/python/site-packages/urllib3/__init__.py:35: NotOpenSSLWarning: urllib3 v2 only supports OpenSSL 1.1.1+, currently the 'ssl' module is compiled with 'LibreSSL 2.8.3'. See: https://github.com/urllib3/urllib3/issues/3020
  warnings.warn(
2026-03-30 15:00:02,533 [INFO] ══ Scally Tracker — 2026-03-30 03:00 PM CT ══
2026-03-30 15:00:02,536 [INFO] DB ready: /Users/sterling/app/scally-tracker/data/inventory.db
2026-03-30 15:00:04,182 [INFO] Fetched 655 products from BSC
2026-03-30 15:00:04,848 [INFO] Categories: {'apparel': 143, 'caps': 343, 'other': 17, 'pins': 152}
2026-03-30 15:00:04,954 [INFO] ══ Poll complete ══

/Users/sterling/Library/Python/3.9/lib/python/site-packages/urllib3/__init__.py:35: NotOpenSSLWarning: urllib3 v2 only supports OpenSSL 1.1.1+, currently the 'ssl' module is compiled with 'LibreSSL 2.8.3'. See: https://github.com/urllib3/urllib3/issues/3020
  warnings.warn(
2026-03-30 15:30:02,542 [INFO] ══ Scally Tracker — 2026-03-30 03:30 PM CT ══
2026-03-30 15:30:02,545 [INFO] DB ready: /Users/sterling/app/scally-tracker/data/inventory.db
2026-03-30 15:30:04,190 [INFO] Fetched 655 products from BSC
2026-03-30 15:30:04,599 [INFO] ntfy 200: ⭐ Wishlisted Restock!
2026-03-30 15:30:05,205 [INFO] Categories: {'apparel': 143, 'caps': 343, 'other': 17, 'pins': 152}
2026-03-30 15:30:05,317 [INFO] ══ Poll complete ══

/Users/sterling/Library/Python/3.9/lib/python/site-packages/urllib3/__init__.py:35: NotOpenSSLWarning: urllib3 v2 only supports OpenSSL 1.1.1+, currently the 'ssl' module is compiled with 'LibreSSL 2.8.3'. See: https://github.com/urllib3/urllib3/issues/3020
  warnings.warn(
2026-03-30 16:00:02,682 [INFO] ══ Scally Tracker — 2026-03-30 04:00 PM CT ══
2026-03-30 16:00:02,684 [INFO] DB ready: /Users/sterling/app/scally-tracker/data/inventory.db
2026-03-30 16:00:04,506 [INFO] Fetched 655 products from BSC
2026-03-30 16:00:05,164 [INFO] Categories: {'apparel': 143, 'caps': 343, 'other': 17, 'pins': 152}
2026-03-30 16:00:05,271 [INFO] ══ Poll complete ══

/Users/sterling/Library/Python/3.9/lib/python/site-packages/urllib3/__init__.py:35: NotOpenSSLWarning: urllib3 v2 only supports OpenSSL 1.1.1+, currently the 'ssl' module is compiled with 'LibreSSL 2.8.3'. See: https://github.com/urllib3/urllib3/issues/3020
  warnings.warn(
2026-03-30 16:30:02,683 [INFO] ══ Scally Tracker — 2026-03-30 04:30 PM CT ══
2026-03-30 16:30:02,685 [INFO] DB ready: /Users/sterling/app/scally-tracker/data/inventory.db
2026-03-30 16:30:04,481 [INFO] Fetched 655 products from BSC
2026-03-30 16:30:05,136 [INFO] Categories: {'apparel': 143, 'caps': 343, 'other': 17, 'pins': 152}
2026-03-30 16:30:05,241 [INFO] ══ Poll complete ══

/Users/sterling/Library/Python/3.9/lib/python/site-packages/urllib3/__init__.py:35: NotOpenSSLWarning: urllib3 v2 only supports OpenSSL 1.1.1+, currently the 'ssl' module is compiled with 'LibreSSL 2.8.3'. See: https://github.com/urllib3/urllib3/issues/3020
  warnings.warn(
2026-03-30 17:00:01,541 [INFO] ══ Scally Tracker — 2026-03-30 05:00 PM CT ══
2026-03-30 17:00:01,543 [INFO] DB ready: /Users/sterling/app/scally-tracker/data/inventory.db
2026-03-30 17:00:03,565 [INFO] Fetched 655 products from BSC
2026-03-30 17:00:04,231 [INFO] Categories: {'apparel': 143, 'caps': 343, 'other': 17, 'pins': 152}
2026-03-30 17:00:04,341 [INFO] ══ Poll complete ══

/Users/sterling/Library/Python/3.9/lib/python/site-packages/urllib3/__init__.py:35: NotOpenSSLWarning: urllib3 v2 only supports OpenSSL 1.1.1+, currently the 'ssl' module is compiled with 'LibreSSL 2.8.3'. See: https://github.com/urllib3/urllib3/issues/3020
  warnings.warn(
2026-03-30 17:30:01,474 [INFO] ══ Scally Tracker — 2026-03-30 05:30 PM CT ══
2026-03-30 17:30:01,476 [INFO] DB ready: /Users/sterling/app/scally-tracker/data/inventory.db
2026-03-30 17:30:03,561 [INFO] Fetched 655 products from BSC
2026-03-30 17:30:04,183 [INFO] Categories: {'apparel': 143, 'caps': 343, 'other': 17, 'pins': 152}
2026-03-30 17:30:04,293 [INFO] ══ Poll complete ══

/Users/sterling/Library/Python/3.9/lib/python/site-packages/urllib3/__init__.py:35: NotOpenSSLWarning: urllib3 v2 only supports OpenSSL 1.1.1+, currently the 'ssl' module is compiled with 'LibreSSL 2.8.3'. See: https://github.com/urllib3/urllib3/issues/3020
  warnings.warn(
2026-03-30 18:00:01,579 [INFO] ══ Scally Tracker — 2026-03-30 06:00 PM CT ══
2026-03-30 18:00:01,581 [INFO] DB ready: /Users/sterling/app/scally-tracker/data/inventory.db
2026-03-30 18:00:03,905 [INFO] Fetched 655 products from BSC
2026-03-30 18:00:04,334 [INFO] Categories: {'apparel': 143, 'caps': 343, 'other': 17, 'pins': 152}
2026-03-30 18:00:04,445 [INFO] ══ Poll complete ══

/Users/sterling/Library/Python/3.9/lib/python/site-packages/urllib3/__init__.py:35: NotOpenSSLWarning: urllib3 v2 only supports OpenSSL 1.1.1+, currently the 'ssl' module is compiled with 'LibreSSL 2.8.3'. See: https://github.com/urllib3/urllib3/issues/3020
  warnings.warn(
2026-03-30 18:30:04,733 [INFO] ══ Scally Tracker — 2026-03-30 06:30 PM CT ══
2026-03-30 18:30:04,737 [INFO] DB ready: /Users/sterling/app/scally-tracker/data/inventory.db
2026-03-30 18:30:07,672 [INFO] Fetched 655 products from BSC
2026-03-30 18:30:08,341 [INFO] Categories: {'apparel': 143, 'caps': 343, 'other': 17, 'pins': 152}
2026-03-30 18:30:08,453 [INFO] ══ Poll complete ══

/Users/sterling/Library/Python/3.9/lib/python/site-packages/urllib3/__init__.py:35: NotOpenSSLWarning: urllib3 v2 only supports OpenSSL 1.1.1+, currently the 'ssl' module is compiled with 'LibreSSL 2.8.3'. See: https://github.com/urllib3/urllib3/issues/3020
  warnings.warn(
2026-03-30 19:00:03,785 [INFO] ══ Scally Tracker — 2026-03-30 07:00 PM CT ══
2026-03-30 19:00:03,788 [INFO] DB ready: /Users/sterling/app/scally-tracker/data/inventory.db
2026-03-30 19:00:05,806 [INFO] Fetched 655 products from BSC
2026-03-30 19:00:06,467 [INFO] Categories: {'apparel': 143, 'caps': 343, 'other': 17, 'pins': 152}
2026-03-30 19:00:06,570 [INFO] ══ Poll complete ══

/Users/sterling/Library/Python/3.9/lib/python/site-packages/urllib3/__init__.py:35: NotOpenSSLWarning: urllib3 v2 only supports OpenSSL 1.1.1+, currently the 'ssl' module is compiled with 'LibreSSL 2.8.3'. See: https://github.com/urllib3/urllib3/issues/3020
  warnings.warn(
2026-03-31 07:00:02,311 [INFO] ══ Scally Tracker — 2026-03-31 07:00 AM CT ══
2026-03-31 07:00:02,314 [INFO] DB ready: /Users/sterling/app/scally-tracker/data/inventory.db
2026-03-31 07:00:03,983 [INFO] Fetched 655 products from BSC
2026-03-31 07:00:04,717 [INFO] Categories: {'apparel': 143, 'caps': 343, 'other': 17, 'pins': 152}
2026-03-31 07:00:04,832 [INFO] ══ Poll complete ══

/Users/sterling/Library/Python/3.9/lib/python/site-packages/urllib3/__init__.py:35: NotOpenSSLWarning: urllib3 v2 only supports OpenSSL 1.1.1+, currently the 'ssl' module is compiled with 'LibreSSL 2.8.3'. See: https://github.com/urllib3/urllib3/issues/3020
  warnings.warn(
2026-03-31 07:30:03,128 [INFO] ══ Scally Tracker — 2026-03-31 07:30 AM CT ══
2026-03-31 07:30:03,131 [INFO] DB ready: /Users/sterling/app/scally-tracker/data/inventory.db
2026-03-31 07:30:05,786 [INFO] Fetched 655 products from BSC
2026-03-31 07:30:06,460 [INFO] Categories: {'apparel': 143, 'caps': 343, 'other': 17, 'pins': 152}
2026-03-31 07:30:06,576 [INFO] ══ Poll complete ══

/Users/sterling/Library/Python/3.9/lib/python/site-packages/urllib3/__init__.py:35: NotOpenSSLWarning: urllib3 v2 only supports OpenSSL 1.1.1+, currently the 'ssl' module is compiled with 'LibreSSL 2.8.3'. See: https://github.com/urllib3/urllib3/issues/3020
  warnings.warn(
2026-03-31 08:00:05,267 [INFO] ══ Scally Tracker — 2026-03-31 08:00 AM CT ══
2026-03-31 08:00:05,270 [INFO] DB ready: /Users/sterling/app/scally-tracker/data/inventory.db
2026-03-31 08:00:06,801 [INFO] Fetched 655 products from BSC
2026-03-31 08:00:07,474 [INFO] Categories: {'apparel': 143, 'caps': 343, 'other': 17, 'pins': 152}
2026-03-31 08:00:07,589 [INFO] ══ Poll complete ══

/Users/sterling/Library/Python/3.9/lib/python/site-packages/urllib3/__init__.py:35: NotOpenSSLWarning: urllib3 v2 only supports OpenSSL 1.1.1+, currently the 'ssl' module is compiled with 'LibreSSL 2.8.3'. See: https://github.com/urllib3/urllib3/issues/3020
  warnings.warn(
2026-03-31 08:30:02,102 [INFO] ══ Scally Tracker — 2026-03-31 08:30 AM CT ══
2026-03-31 08:30:02,104 [INFO] DB ready: /Users/sterling/app/scally-tracker/data/inventory.db
2026-03-31 08:30:04,944 [INFO] Fetched 655 products from BSC
2026-03-31 08:30:05,617 [INFO] Categories: {'apparel': 143, 'caps': 343, 'other': 17, 'pins': 152}
2026-03-31 08:30:05,735 [INFO] ══ Poll complete ══

/Users/sterling/Library/Python/3.9/lib/python/site-packages/urllib3/__init__.py:35: NotOpenSSLWarning: urllib3 v2 only supports OpenSSL 1.1.1+, currently the 'ssl' module is compiled with 'LibreSSL 2.8.3'. See: https://github.com/urllib3/urllib3/issues/3020
  warnings.warn(
2026-03-31 09:00:05,123 [INFO] ══ Scally Tracker — 2026-03-31 09:00 AM CT ══
2026-03-31 09:00:05,126 [INFO] DB ready: /Users/sterling/app/scally-tracker/data/inventory.db
2026-03-31 09:00:06,903 [INFO] Fetched 655 products from BSC
2026-03-31 09:00:07,654 [INFO] ntfy 200: 🎉 Restock!
2026-03-31 09:00:08,177 [INFO] ntfy 200: 🎉 Restock!
2026-03-31 09:00:08,755 [INFO] ntfy 200: 🎉 Restock!
2026-03-31 09:00:09,113 [INFO] Categories: {'apparel': 143, 'caps': 343, 'other': 17, 'pins': 152}
2026-03-31 09:00:09,232 [INFO] ══ Poll complete ══

/Users/sterling/Library/Python/3.9/lib/python/site-packages/urllib3/__init__.py:35: NotOpenSSLWarning: urllib3 v2 only supports OpenSSL 1.1.1+, currently the 'ssl' module is compiled with 'LibreSSL 2.8.3'. See: https://github.com/urllib3/urllib3/issues/3020
  warnings.warn(
2026-03-31 09:30:01,229 [INFO] ══ Scally Tracker — 2026-03-31 09:30 AM CT ══
2026-03-31 09:30:01,231 [INFO] DB ready: /Users/sterling/app/scally-tracker/data/inventory.db
2026-03-31 09:30:03,151 [INFO] Fetched 655 products from BSC
2026-03-31 09:30:03,798 [INFO] Categories: {'apparel': 143, 'caps': 343, 'other': 17, 'pins': 152}
2026-03-31 09:30:03,903 [INFO] ══ Poll complete ══

/Users/sterling/Library/Python/3.9/lib/python/site-packages/urllib3/__init__.py:35: NotOpenSSLWarning: urllib3 v2 only supports OpenSSL 1.1.1+, currently the 'ssl' module is compiled with 'LibreSSL 2.8.3'. See: https://github.com/urllib3/urllib3/issues/3020
  warnings.warn(
2026-03-31 10:00:02,313 [INFO] ══ Scally Tracker — 2026-03-31 10:00 AM CT ══
2026-03-31 10:00:02,316 [INFO] DB ready: /Users/sterling/app/scally-tracker/data/inventory.db
2026-03-31 10:00:04,093 [INFO] Fetched 655 products from BSC
2026-03-31 10:00:04,584 [INFO] ntfy 200: ⭐ Wishlisted Restock!
2026-03-31 10:00:05,171 [INFO] Categories: {'apparel': 143, 'caps': 343, 'other': 17, 'pins': 152}
2026-03-31 10:00:05,285 [INFO] ══ Poll complete ══

/Users/sterling/Library/Python/3.9/lib/python/site-packages/urllib3/__init__.py:35: NotOpenSSLWarning: urllib3 v2 only supports OpenSSL 1.1.1+, currently the 'ssl' module is compiled with 'LibreSSL 2.8.3'. See: https://github.com/urllib3/urllib3/issues/3020
  warnings.warn(
2026-03-31 10:30:02,260 [INFO] ══ Scally Tracker — 2026-03-31 10:30 AM CT ══
2026-03-31 10:30:02,263 [INFO] DB ready: /Users/sterling/app/scally-tracker/data/inventory.db
2026-03-31 10:30:04,084 [INFO] Fetched 655 products from BSC
2026-03-31 10:30:04,813 [INFO] Categories: {'apparel': 143, 'caps': 343, 'other': 17, 'pins': 152}
2026-03-31 10:30:05,553 [INFO] ══ Poll complete ══

/Users/sterling/Library/Python/3.9/lib/python/site-packages/urllib3/__init__.py:35: NotOpenSSLWarning: urllib3 v2 only supports OpenSSL 1.1.1+, currently the 'ssl' module is compiled with 'LibreSSL 2.8.3'. See: https://github.com/urllib3/urllib3/issues/3020
  warnings.warn(
2026-03-31 11:00:01,419 [INFO] ══ Scally Tracker — 2026-03-31 11:00 AM CT ══
2026-03-31 11:00:01,422 [INFO] DB ready: /Users/sterling/app/scally-tracker/data/inventory.db
2026-03-31 11:00:03,255 [INFO] Fetched 655 products from BSC
2026-03-31 11:00:03,694 [INFO] ntfy 200: ⭐ Wishlisted Restock!
2026-03-31 11:00:04,291 [INFO] ntfy 200: ⭐ Wishlisted Restock!
2026-03-31 11:00:05,155 [INFO] ntfy 200: 🎉 Restock!
2026-03-31 11:00:05,553 [INFO] Categories: {'apparel': 143, 'caps': 343, 'other': 17, 'pins': 152}
2026-03-31 11:00:05,671 [INFO] ══ Poll complete ══

/Users/sterling/Library/Python/3.9/lib/python/site-packages/urllib3/__init__.py:35: NotOpenSSLWarning: urllib3 v2 only supports OpenSSL 1.1.1+, currently the 'ssl' module is compiled with 'LibreSSL 2.8.3'. See: https://github.com/urllib3/urllib3/issues/3020
  warnings.warn(
2026-03-31 11:30:04,352 [INFO] ══ Scally Tracker — 2026-03-31 11:30 AM CT ══
2026-03-31 11:30:04,355 [INFO] DB ready: /Users/sterling/app/scally-tracker/data/inventory.db
2026-03-31 11:30:06,109 [INFO] Fetched 655 products from BSC
2026-03-31 11:30:06,774 [INFO] Categories: {'apparel': 143, 'caps': 343, 'other': 17, 'pins': 152}
2026-03-31 11:30:06,893 [INFO] ══ Poll complete ══

/Users/sterling/Library/Python/3.9/lib/python/site-packages/urllib3/__init__.py:35: NotOpenSSLWarning: urllib3 v2 only supports OpenSSL 1.1.1+, currently the 'ssl' module is compiled with 'LibreSSL 2.8.3'. See: https://github.com/urllib3/urllib3/issues/3020
  warnings.warn(
2026-03-31 12:00:02,320 [INFO] ══ Scally Tracker — 2026-03-31 12:00 PM CT ══
2026-03-31 12:00:02,323 [INFO] DB ready: /Users/sterling/app/scally-tracker/data/inventory.db
2026-03-31 12:00:04,678 [INFO] Fetched 655 products from BSC
2026-03-31 12:00:05,349 [INFO] Categories: {'apparel': 143, 'caps': 343, 'other': 17, 'pins': 152}
2026-03-31 12:00:05,468 [INFO] ══ Poll complete ══

/Users/sterling/Library/Python/3.9/lib/python/site-packages/urllib3/__init__.py:35: NotOpenSSLWarning: urllib3 v2 only supports OpenSSL 1.1.1+, currently the 'ssl' module is compiled with 'LibreSSL 2.8.3'. See: https://github.com/urllib3/urllib3/issues/3020
  warnings.warn(
2026-03-31 12:30:06,222 [INFO] ══ Scally Tracker — 2026-03-31 12:30 PM CT ══
2026-03-31 12:30:06,225 [INFO] DB ready: /Users/sterling/app/scally-tracker/data/inventory.db
2026-03-31 12:30:08,537 [INFO] Fetched 655 products from BSC
2026-03-31 12:30:09,218 [INFO] Categories: {'apparel': 143, 'caps': 343, 'other': 17, 'pins': 152}
2026-03-31 12:30:09,336 [INFO] ══ Poll complete ══

/Users/sterling/Library/Python/3.9/lib/python/site-packages/urllib3/__init__.py:35: NotOpenSSLWarning: urllib3 v2 only supports OpenSSL 1.1.1+, currently the 'ssl' module is compiled with 'LibreSSL 2.8.3'. See: https://github.com/urllib3/urllib3/issues/3020
  warnings.warn(
2026-03-31 13:00:06,108 [INFO] ══ Scally Tracker — 2026-03-31 01:00 PM CT ══
2026-03-31 13:00:06,112 [INFO] DB ready: /Users/sterling/app/scally-tracker/data/inventory.db
2026-03-31 13:00:07,810 [INFO] Fetched 655 products from BSC
2026-03-31 13:00:08,361 [INFO] ntfy 200: 🎉 Restock!
2026-03-31 13:00:09,397 [INFO] ntfy 200: 🎉 Restock!
2026-03-31 13:00:09,461 [INFO] Categories: {'apparel': 143, 'caps': 343, 'other': 17, 'pins': 152}
2026-03-31 13:00:09,590 [INFO] ══ Poll complete ══

/Users/sterling/Library/Python/3.9/lib/python/site-packages/urllib3/__init__.py:35: NotOpenSSLWarning: urllib3 v2 only supports OpenSSL 1.1.1+, currently the 'ssl' module is compiled with 'LibreSSL 2.8.3'. See: https://github.com/urllib3/urllib3/issues/3020
  warnings.warn(
2026-03-31 13:30:06,100 [INFO] ══ Scally Tracker — 2026-03-31 01:30 PM CT ══
2026-03-31 13:30:06,103 [INFO] DB ready: /Users/sterling/app/scally-tracker/data/inventory.db
2026-03-31 13:30:08,309 [INFO] Fetched 655 products from BSC
2026-03-31 13:30:08,997 [INFO] Categories: {'apparel': 143, 'caps': 343, 'other': 17, 'pins': 152}
2026-03-31 13:30:09,119 [INFO] ══ Poll complete ══

/Users/sterling/Library/Python/3.9/lib/python/site-packages/urllib3/__init__.py:35: NotOpenSSLWarning: urllib3 v2 only supports OpenSSL 1.1.1+, currently the 'ssl' module is compiled with 'LibreSSL 2.8.3'. See: https://github.com/urllib3/urllib3/issues/3020
  warnings.warn(
2026-03-31 14:00:06,219 [INFO] ══ Scally Tracker — 2026-03-31 02:00 PM CT ══
2026-03-31 14:00:06,222 [INFO] DB ready: /Users/sterling/app/scally-tracker/data/inventory.db
2026-03-31 14:00:07,889 [INFO] Fetched 655 products from BSC
2026-03-31 14:00:08,557 [INFO] Categories: {'apparel': 143, 'caps': 343, 'other': 17, 'pins': 152}
2026-03-31 14:00:08,679 [INFO] ══ Poll complete ══

/Users/sterling/Library/Python/3.9/lib/python/site-packages/urllib3/__init__.py:35: NotOpenSSLWarning: urllib3 v2 only supports OpenSSL 1.1.1+, currently the 'ssl' module is compiled with 'LibreSSL 2.8.3'. See: https://github.com/urllib3/urllib3/issues/3020
  warnings.warn(
2026-03-31 14:30:06,102 [INFO] ══ Scally Tracker — 2026-03-31 02:30 PM CT ══
2026-03-31 14:30:06,104 [INFO] DB ready: /Users/sterling/app/scally-tracker/data/inventory.db
2026-03-31 14:30:08,285 [INFO] Fetched 655 products from BSC
2026-03-31 14:30:08,968 [INFO] Categories: {'apparel': 143, 'caps': 343, 'other': 17, 'pins': 152}
2026-03-31 14:30:09,089 [INFO] ══ Poll complete ══

/Users/sterling/Library/Python/3.9/lib/python/site-packages/urllib3/__init__.py:35: NotOpenSSLWarning: urllib3 v2 only supports OpenSSL 1.1.1+, currently the 'ssl' module is compiled with 'LibreSSL 2.8.3'. See: https://github.com/urllib3/urllib3/issues/3020
  warnings.warn(
2026-03-31 15:00:06,055 [INFO] ══ Scally Tracker — 2026-03-31 03:00 PM CT ══
2026-03-31 15:00:06,056 [INFO] DB ready: /Users/sterling/app/scally-tracker/data/inventory.db
2026-03-31 15:00:08,026 [INFO] Fetched 655 products from BSC
2026-03-31 15:00:08,225 [INFO] Categories: {'apparel': 143, 'caps': 343, 'other': 17, 'pins': 152}
2026-03-31 15:00:08,346 [INFO] ══ Poll complete ══

/Users/sterling/Library/Python/3.9/lib/python/site-packages/urllib3/__init__.py:35: NotOpenSSLWarning: urllib3 v2 only supports OpenSSL 1.1.1+, currently the 'ssl' module is compiled with 'LibreSSL 2.8.3'. See: https://github.com/urllib3/urllib3/issues/3020
  warnings.warn(
2026-03-31 15:30:06,063 [INFO] ══ Scally Tracker — 2026-03-31 03:30 PM CT ══
2026-03-31 15:30:06,065 [INFO] DB ready: /Users/sterling/app/scally-tracker/data/inventory.db
2026-03-31 15:30:07,863 [INFO] Fetched 655 products from BSC
2026-03-31 15:30:08,546 [INFO] Categories: {'apparel': 143, 'caps': 343, 'other': 17, 'pins': 152}
2026-03-31 15:30:08,665 [INFO] ══ Poll complete ══

/Users/sterling/Library/Python/3.9/lib/python/site-packages/urllib3/__init__.py:35: NotOpenSSLWarning: urllib3 v2 only supports OpenSSL 1.1.1+, currently the 'ssl' module is compiled with 'LibreSSL 2.8.3'. See: https://github.com/urllib3/urllib3/issues/3020
  warnings.warn(
2026-03-31 16:00:06,073 [INFO] ══ Scally Tracker — 2026-03-31 04:00 PM CT ══
2026-03-31 16:00:06,075 [INFO] DB ready: /Users/sterling/app/scally-tracker/data/inventory.db
2026-03-31 16:00:07,852 [INFO] Fetched 655 products from BSC
2026-03-31 16:00:08,529 [INFO] Categories: {'apparel': 143, 'caps': 343, 'other': 17, 'pins': 152}
2026-03-31 16:00:08,654 [INFO] ══ Poll complete ══

/Users/sterling/Library/Python/3.9/lib/python/site-packages/urllib3/__init__.py:35: NotOpenSSLWarning: urllib3 v2 only supports OpenSSL 1.1.1+, currently the 'ssl' module is compiled with 'LibreSSL 2.8.3'. See: https://github.com/urllib3/urllib3/issues/3020
  warnings.warn(
2026-03-31 16:30:06,196 [INFO] ══ Scally Tracker — 2026-03-31 04:30 PM CT ══
2026-03-31 16:30:06,199 [INFO] DB ready: /Users/sterling/app/scally-tracker/data/inventory.db
2026-03-31 16:30:07,876 [INFO] Fetched 655 products from BSC
2026-03-31 16:30:08,556 [INFO] Categories: {'apparel': 143, 'caps': 343, 'other': 17, 'pins': 152}
2026-03-31 16:30:08,682 [INFO] ══ Poll complete ══

/Users/sterling/Library/Python/3.9/lib/python/site-packages/urllib3/__init__.py:35: NotOpenSSLWarning: urllib3 v2 only supports OpenSSL 1.1.1+, currently the 'ssl' module is compiled with 'LibreSSL 2.8.3'. See: https://github.com/urllib3/urllib3/issues/3020
  warnings.warn(
2026-03-31 17:00:05,988 [INFO] ══ Scally Tracker — 2026-03-31 05:00 PM CT ══
2026-03-31 17:00:05,991 [INFO] DB ready: /Users/sterling/app/scally-tracker/data/inventory.db
2026-03-31 17:00:07,978 [INFO] Fetched 655 products from BSC
2026-03-31 17:00:08,655 [INFO] Categories: {'apparel': 143, 'caps': 343, 'other': 17, 'pins': 152}
2026-03-31 17:00:08,776 [INFO] ══ Poll complete ══

/Users/sterling/Library/Python/3.9/lib/python/site-packages/urllib3/__init__.py:35: NotOpenSSLWarning: urllib3 v2 only supports OpenSSL 1.1.1+, currently the 'ssl' module is compiled with 'LibreSSL 2.8.3'. See: https://github.com/urllib3/urllib3/issues/3020
  warnings.warn(
2026-03-31 17:30:05,898 [INFO] ══ Scally Tracker — 2026-03-31 05:30 PM CT ══
2026-03-31 17:30:05,900 [INFO] DB ready: /Users/sterling/app/scally-tracker/data/inventory.db
2026-03-31 17:30:07,712 [INFO] Fetched 655 products from BSC
2026-03-31 17:30:08,402 [INFO] Categories: {'apparel': 143, 'caps': 343, 'other': 17, 'pins': 152}
2026-03-31 17:30:08,525 [INFO] ══ Poll complete ══

/Users/sterling/Library/Python/3.9/lib/python/site-packages/urllib3/__init__.py:35: NotOpenSSLWarning: urllib3 v2 only supports OpenSSL 1.1.1+, currently the 'ssl' module is compiled with 'LibreSSL 2.8.3'. See: https://github.com/urllib3/urllib3/issues/3020
  warnings.warn(
2026-03-31 18:00:05,898 [INFO] ══ Scally Tracker — 2026-03-31 06:00 PM CT ══
2026-03-31 18:00:05,900 [INFO] DB ready: /Users/sterling/app/scally-tracker/data/inventory.db
2026-03-31 18:00:08,260 [INFO] Fetched 655 products from BSC
2026-03-31 18:00:08,950 [INFO] Categories: {'apparel': 143, 'caps': 343, 'other': 17, 'pins': 152}
2026-03-31 18:00:09,068 [INFO] ══ Poll complete ══

/Users/sterling/Library/Python/3.9/lib/python/site-packages/urllib3/__init__.py:35: NotOpenSSLWarning: urllib3 v2 only supports OpenSSL 1.1.1+, currently the 'ssl' module is compiled with 'LibreSSL 2.8.3'. See: https://github.com/urllib3/urllib3/issues/3020
  warnings.warn(
2026-03-31 18:30:05,896 [INFO] ══ Scally Tracker — 2026-03-31 06:30 PM CT ══
2026-03-31 18:30:05,899 [INFO] DB ready: /Users/sterling/app/scally-tracker/data/inventory.db
2026-03-31 18:30:07,930 [INFO] Fetched 655 products from BSC
2026-03-31 18:30:08,628 [INFO] Categories: {'apparel': 143, 'caps': 343, 'other': 17, 'pins': 152}
2026-03-31 18:30:08,750 [INFO] ══ Poll complete ══

/Users/sterling/Library/Python/3.9/lib/python/site-packages/urllib3/__init__.py:35: NotOpenSSLWarning: urllib3 v2 only supports OpenSSL 1.1.1+, currently the 'ssl' module is compiled with 'LibreSSL 2.8.3'. See: https://github.com/urllib3/urllib3/issues/3020
  warnings.warn(
2026-03-31 19:00:05,976 [INFO] ══ Scally Tracker — 2026-03-31 07:00 PM CT ══
2026-03-31 19:00:05,979 [INFO] DB ready: /Users/sterling/app/scally-tracker/data/inventory.db
2026-03-31 19:00:07,652 [INFO] Fetched 655 products from BSC
2026-03-31 19:00:08,331 [INFO] Categories: {'apparel': 143, 'caps': 343, 'other': 17, 'pins': 152}
2026-03-31 19:00:08,444 [INFO] ══ Poll complete ══

/Users/sterling/Library/Python/3.9/lib/python/site-packages/urllib3/__init__.py:35: NotOpenSSLWarning: urllib3 v2 only supports OpenSSL 1.1.1+, currently the 'ssl' module is compiled with 'LibreSSL 2.8.3'. See: https://github.com/urllib3/urllib3/issues/3020
  warnings.warn(
2026-04-01 07:00:03,032 [INFO] ══ Scally Tracker — 2026-04-01 07:00 AM CT ══
2026-04-01 07:00:03,034 [INFO] DB ready: /Users/sterling/app/scally-tracker/data/inventory.db
2026-04-01 07:00:04,711 [INFO] Fetched 655 products from BSC
2026-04-01 07:00:05,421 [INFO] Categories: {'apparel': 143, 'caps': 343, 'other': 17, 'pins': 152}
2026-04-01 07:00:05,544 [INFO] ══ Poll complete ══

/Users/sterling/Library/Python/3.9/lib/python/site-packages/urllib3/__init__.py:35: NotOpenSSLWarning: urllib3 v2 only supports OpenSSL 1.1.1+, currently the 'ssl' module is compiled with 'LibreSSL 2.8.3'. See: https://github.com/urllib3/urllib3/issues/3020
  warnings.warn(
2026-04-01 07:30:05,090 [INFO] ══ Scally Tracker — 2026-04-01 07:30 AM CT ══
2026-04-01 07:30:05,092 [INFO] DB ready: /Users/sterling/app/scally-tracker/data/inventory.db
2026-04-01 07:30:06,975 [INFO] Fetched 655 products from BSC
2026-04-01 07:30:07,671 [INFO] Categories: {'apparel': 143, 'caps': 343, 'other': 17, 'pins': 152}
2026-04-01 07:30:07,814 [INFO] ══ Poll complete ══

/Users/sterling/Library/Python/3.9/lib/python/site-packages/urllib3/__init__.py:35: NotOpenSSLWarning: urllib3 v2 only supports OpenSSL 1.1.1+, currently the 'ssl' module is compiled with 'LibreSSL 2.8.3'. See: https://github.com/urllib3/urllib3/issues/3020
  warnings.warn(
2026-04-01 08:00:05,023 [INFO] ══ Scally Tracker — 2026-04-01 08:00 AM CT ══
2026-04-01 08:00:05,026 [INFO] DB ready: /Users/sterling/app/scally-tracker/data/inventory.db
2026-04-01 08:00:06,725 [INFO] Fetched 655 products from BSC
2026-04-01 08:00:07,418 [INFO] Categories: {'apparel': 143, 'caps': 343, 'other': 17, 'pins': 152}
2026-04-01 08:00:07,543 [INFO] ══ Poll complete ══

/Users/sterling/Library/Python/3.9/lib/python/site-packages/urllib3/__init__.py:35: NotOpenSSLWarning: urllib3 v2 only supports OpenSSL 1.1.1+, currently the 'ssl' module is compiled with 'LibreSSL 2.8.3'. See: https://github.com/urllib3/urllib3/issues/3020
  warnings.warn(
2026-04-01 08:30:02,015 [INFO] ══ Scally Tracker — 2026-04-01 08:30 AM CT ══
2026-04-01 08:30:02,018 [INFO] DB ready: /Users/sterling/app/scally-tracker/data/inventory.db
2026-04-01 08:30:03,715 [INFO] Fetched 655 products from BSC
2026-04-01 08:30:04,413 [INFO] Categories: {'apparel': 143, 'caps': 343, 'other': 17, 'pins': 152}
2026-04-01 08:30:04,535 [INFO] ══ Poll complete ══

/Users/sterling/Library/Python/3.9/lib/python/site-packages/urllib3/__init__.py:35: NotOpenSSLWarning: urllib3 v2 only supports OpenSSL 1.1.1+, currently the 'ssl' module is compiled with 'LibreSSL 2.8.3'. See: https://github.com/urllib3/urllib3/issues/3020
  warnings.warn(
2026-04-01 09:00:01,888 [INFO] ══ Scally Tracker — 2026-04-01 09:00 AM CT ══
2026-04-01 09:00:01,890 [INFO] DB ready: /Users/sterling/app/scally-tracker/data/inventory.db
2026-04-01 09:00:03,785 [INFO] Fetched 655 products from BSC
2026-04-01 09:00:04,474 [INFO] ntfy 200: 🎉 Restock!
2026-04-01 09:00:05,087 [INFO] ntfy 200: 🎉 Restock!
2026-04-01 09:00:05,702 [INFO] Categories: {'apparel': 143, 'caps': 343, 'other': 17, 'pins': 152}
2026-04-01 09:00:05,827 [INFO] ══ Poll complete ══

/Users/sterling/Library/Python/3.9/lib/python/site-packages/urllib3/__init__.py:35: NotOpenSSLWarning: urllib3 v2 only supports OpenSSL 1.1.1+, currently the 'ssl' module is compiled with 'LibreSSL 2.8.3'. See: https://github.com/urllib3/urllib3/issues/3020
  warnings.warn(
2026-04-01 09:30:05,965 [INFO] ══ Scally Tracker — 2026-04-01 09:30 AM CT ══
2026-04-01 09:30:05,968 [INFO] DB ready: /Users/sterling/app/scally-tracker/data/inventory.db
2026-04-01 09:30:07,885 [INFO] Fetched 655 products from BSC
2026-04-01 09:30:08,296 [INFO] ntfy 200: 🎉 Restock!
2026-04-01 09:30:08,904 [INFO] ntfy 200: ⭐ Wishlisted Restock!
2026-04-01 09:30:09,209 [INFO] Categories: {'apparel': 143, 'caps': 343, 'other': 17, 'pins': 152}
2026-04-01 09:30:09,336 [INFO] ══ Poll complete ══

/Users/sterling/Library/Python/3.9/lib/python/site-packages/urllib3/__init__.py:35: NotOpenSSLWarning: urllib3 v2 only supports OpenSSL 1.1.1+, currently the 'ssl' module is compiled with 'LibreSSL 2.8.3'. See: https://github.com/urllib3/urllib3/issues/3020
  warnings.warn(
2026-04-01 10:00:01,919 [INFO] ══ Scally Tracker — 2026-04-01 10:00 AM CT ══
2026-04-01 10:00:01,921 [INFO] DB ready: /Users/sterling/app/scally-tracker/data/inventory.db
2026-04-01 10:00:03,653 [INFO] Fetched 655 products from BSC
2026-04-01 10:00:04,326 [INFO] Categories: {'apparel': 143, 'caps': 343, 'other': 17, 'pins': 152}
2026-04-01 10:00:04,451 [INFO] ══ Poll complete ══

/Users/sterling/Library/Python/3.9/lib/python/site-packages/urllib3/__init__.py:35: NotOpenSSLWarning: urllib3 v2 only supports OpenSSL 1.1.1+, currently the 'ssl' module is compiled with 'LibreSSL 2.8.3'. See: https://github.com/urllib3/urllib3/issues/3020
  warnings.warn(
2026-04-01 10:30:01,003 [INFO] ══ Scally Tracker — 2026-04-01 10:30 AM CT ══
2026-04-01 10:30:01,005 [INFO] DB ready: /Users/sterling/app/scally-tracker/data/inventory.db
2026-04-01 10:30:02,702 [INFO] Fetched 605 products from BSC
2026-04-01 10:30:03,176 [INFO] Categories: {'apparel': 143, 'caps': 343, 'other': 17, 'pins': 152}
2026-04-01 10:30:03,291 [INFO] ══ Poll complete ══

/Users/sterling/Library/Python/3.9/lib/python/site-packages/urllib3/__init__.py:35: NotOpenSSLWarning: urllib3 v2 only supports OpenSSL 1.1.1+, currently the 'ssl' module is compiled with 'LibreSSL 2.8.3'. See: https://github.com/urllib3/urllib3/issues/3020
  warnings.warn(
2026-04-01 11:00:03,032 [INFO] ══ Scally Tracker — 2026-04-01 11:00 AM CT ══
2026-04-01 11:00:03,033 [INFO] DB ready: /Users/sterling/app/scally-tracker/data/inventory.db
2026-04-01 11:00:04,670 [INFO] Fetched 630 products from BSC
2026-04-01 11:00:04,873 [INFO] Categories: {'apparel': 143, 'caps': 367, 'other': 17, 'pins': 153}
2026-04-01 11:00:04,963 [INFO] ══ Poll complete ══

/Users/sterling/Library/Python/3.9/lib/python/site-packages/urllib3/__init__.py:35: NotOpenSSLWarning: urllib3 v2 only supports OpenSSL 1.1.1+, currently the 'ssl' module is compiled with 'LibreSSL 2.8.3'. See: https://github.com/urllib3/urllib3/issues/3020
  warnings.warn(
2026-04-01 11:30:02,079 [INFO] ══ Scally Tracker — 2026-04-01 11:30 AM CT ══
2026-04-01 11:30:02,083 [INFO] DB ready: /Users/sterling/app/scally-tracker/data/inventory.db
2026-04-01 11:30:03,761 [INFO] Fetched 630 products from BSC
2026-04-01 11:30:04,433 [INFO] Categories: {'apparel': 143, 'caps': 367, 'other': 17, 'pins': 153}
2026-04-01 11:30:04,558 [INFO] ══ Poll complete ══

/Users/sterling/Library/Python/3.9/lib/python/site-packages/urllib3/__init__.py:35: NotOpenSSLWarning: urllib3 v2 only supports OpenSSL 1.1.1+, currently the 'ssl' module is compiled with 'LibreSSL 2.8.3'. See: https://github.com/urllib3/urllib3/issues/3020
  warnings.warn(
2026-04-01 12:00:02,113 [INFO] ══ Scally Tracker — 2026-04-01 12:00 PM CT ══
2026-04-01 12:00:02,123 [INFO] DB ready: /Users/sterling/app/scally-tracker/data/inventory.db
2026-04-01 12:00:04,904 [INFO] Fetched 630 products from BSC
2026-04-01 12:00:05,596 [INFO] Categories: {'apparel': 143, 'caps': 367, 'other': 17, 'pins': 153}
2026-04-01 12:00:05,715 [INFO] ══ Poll complete ══

/Users/sterling/Library/Python/3.9/lib/python/site-packages/urllib3/__init__.py:35: NotOpenSSLWarning: urllib3 v2 only supports OpenSSL 1.1.1+, currently the 'ssl' module is compiled with 'LibreSSL 2.8.3'. See: https://github.com/urllib3/urllib3/issues/3020
  warnings.warn(
2026-04-01 12:30:00,368 [INFO] ══ Scally Tracker — 2026-04-01 12:30 PM CT ══
2026-04-01 12:30:00,370 [INFO] DB ready: /Users/sterling/app/scally-tracker/data/inventory.db
2026-04-01 12:30:02,106 [INFO] Fetched 630 products from BSC
2026-04-01 12:30:02,586 [INFO] Categories: {'apparel': 143, 'caps': 367, 'other': 17, 'pins': 153}
2026-04-01 12:30:02,718 [INFO] ══ Poll complete ══

/Users/sterling/Library/Python/3.9/lib/python/site-packages/urllib3/__init__.py:35: NotOpenSSLWarning: urllib3 v2 only supports OpenSSL 1.1.1+, currently the 'ssl' module is compiled with 'LibreSSL 2.8.3'. See: https://github.com/urllib3/urllib3/issues/3020
  warnings.warn(
2026-04-01 13:00:02,118 [INFO] ══ Scally Tracker — 2026-04-01 01:00 PM CT ══
2026-04-01 13:00:02,121 [INFO] DB ready: /Users/sterling/app/scally-tracker/data/inventory.db
2026-04-01 13:00:04,134 [INFO] Fetched 630 products from BSC
2026-04-01 13:00:04,614 [INFO] ntfy 200: 🎉 Restock!
2026-04-01 13:00:05,226 [INFO] Categories: {'apparel': 143, 'caps': 367, 'other': 17, 'pins': 153}
2026-04-01 13:00:05,358 [INFO] ══ Poll complete ══

/Users/sterling/Library/Python/3.9/lib/python/site-packages/urllib3/__init__.py:35: NotOpenSSLWarning: urllib3 v2 only supports OpenSSL 1.1.1+, currently the 'ssl' module is compiled with 'LibreSSL 2.8.3'. See: https://github.com/urllib3/urllib3/issues/3020
  warnings.warn(
2026-04-01 13:30:05,071 [INFO] ══ Scally Tracker — 2026-04-01 01:30 PM CT ══
2026-04-01 13:30:05,073 [INFO] DB ready: /Users/sterling/app/scally-tracker/data/inventory.db
2026-04-01 13:30:06,822 [INFO] Fetched 630 products from BSC
2026-04-01 13:30:07,402 [INFO] ntfy 200: 🎉 Restock!
2026-04-01 13:30:08,712 [INFO] Categories: {'apparel': 143, 'caps': 367, 'other': 17, 'pins': 153}
2026-04-01 13:30:08,818 [INFO] ══ Poll complete ══

/Users/sterling/Library/Python/3.9/lib/python/site-packages/urllib3/__init__.py:35: NotOpenSSLWarning: urllib3 v2 only supports OpenSSL 1.1.1+, currently the 'ssl' module is compiled with 'LibreSSL 2.8.3'. See: https://github.com/urllib3/urllib3/issues/3020
  warnings.warn(
2026-04-01 14:00:02,099 [INFO] ══ Scally Tracker — 2026-04-01 02:00 PM CT ══
2026-04-01 14:00:02,102 [INFO] DB ready: /Users/sterling/app/scally-tracker/data/inventory.db
2026-04-01 14:00:04,183 [INFO] Fetched 630 products from BSC
2026-04-01 14:00:04,697 [INFO] ntfy 200: 🎉 Restock!
2026-04-01 14:00:05,316 [INFO] Categories: {'apparel': 143, 'caps': 367, 'other': 17, 'pins': 153}
2026-04-01 14:00:05,440 [INFO] ══ Poll complete ══

/Users/sterling/Library/Python/3.9/lib/python/site-packages/urllib3/__init__.py:35: NotOpenSSLWarning: urllib3 v2 only supports OpenSSL 1.1.1+, currently the 'ssl' module is compiled with 'LibreSSL 2.8.3'. See: https://github.com/urllib3/urllib3/issues/3020
  warnings.warn(
2026-04-01 14:30:01,102 [INFO] ══ Scally Tracker — 2026-04-01 02:30 PM CT ══
2026-04-01 14:30:01,105 [INFO] DB ready: /Users/sterling/app/scally-tracker/data/inventory.db
2026-04-01 14:30:02,785 [INFO] Fetched 630 products from BSC
2026-04-01 14:30:03,516 [INFO] ntfy 200: 🎉 Restock!
2026-04-01 14:30:04,105 [INFO] Categories: {'apparel': 143, 'caps': 367, 'other': 17, 'pins': 153}
2026-04-01 14:30:04,234 [INFO] ══ Poll complete ══

/Users/sterling/Library/Python/3.9/lib/python/site-packages/urllib3/__init__.py:35: NotOpenSSLWarning: urllib3 v2 only supports OpenSSL 1.1.1+, currently the 'ssl' module is compiled with 'LibreSSL 2.8.3'. See: https://github.com/urllib3/urllib3/issues/3020
  warnings.warn(
2026-04-01 15:00:06,046 [INFO] ══ Scally Tracker — 2026-04-01 03:00 PM CT ══
2026-04-01 15:00:06,048 [INFO] DB ready: /Users/sterling/app/scally-tracker/data/inventory.db
2026-04-01 15:00:07,783 [INFO] Fetched 630 products from BSC
2026-04-01 15:00:08,204 [INFO] ntfy 200: 🎉 Restock!
2026-04-01 15:00:08,663 [INFO] ntfy 200: 🎉 Restock!
2026-04-01 15:00:09,111 [INFO] Categories: {'apparel': 143, 'caps': 367, 'other': 17, 'pins': 153}
2026-04-01 15:00:09,237 [INFO] ══ Poll complete ══

/Users/sterling/Library/Python/3.9/lib/python/site-packages/urllib3/__init__.py:35: NotOpenSSLWarning: urllib3 v2 only supports OpenSSL 1.1.1+, currently the 'ssl' module is compiled with 'LibreSSL 2.8.3'. See: https://github.com/urllib3/urllib3/issues/3020
  warnings.warn(
2026-04-01 15:30:02,168 [INFO] ══ Scally Tracker — 2026-04-01 03:30 PM CT ══
2026-04-01 15:30:02,170 [INFO] DB ready: /Users/sterling/app/scally-tracker/data/inventory.db
2026-04-01 15:30:03,936 [INFO] Fetched 630 products from BSC
2026-04-01 15:30:04,379 [INFO] ntfy 200: 🎉 Restock!
2026-04-01 15:30:04,995 [INFO] Categories: {'apparel': 143, 'caps': 367, 'other': 17, 'pins': 153}
2026-04-01 15:30:05,124 [INFO] ══ Poll complete ══

/Users/sterling/Library/Python/3.9/lib/python/site-packages/urllib3/__init__.py:35: NotOpenSSLWarning: urllib3 v2 only supports OpenSSL 1.1.1+, currently the 'ssl' module is compiled with 'LibreSSL 2.8.3'. See: https://github.com/urllib3/urllib3/issues/3020
  warnings.warn(
2026-04-01 16:00:03,047 [INFO] ══ Scally Tracker — 2026-04-01 04:00 PM CT ══
2026-04-01 16:00:03,049 [INFO] DB ready: /Users/sterling/app/scally-tracker/data/inventory.db
2026-04-01 16:00:04,689 [INFO] Fetched 630 products from BSC
2026-04-01 16:00:05,373 [INFO] Categories: {'apparel': 143, 'caps': 367, 'other': 17, 'pins': 153}
2026-04-01 16:00:05,497 [INFO] ══ Poll complete ══

/Users/sterling/Library/Python/3.9/lib/python/site-packages/urllib3/__init__.py:35: NotOpenSSLWarning: urllib3 v2 only supports OpenSSL 1.1.1+, currently the 'ssl' module is compiled with 'LibreSSL 2.8.3'. See: https://github.com/urllib3/urllib3/issues/3020
  warnings.warn(
2026-04-01 16:30:06,032 [INFO] ══ Scally Tracker — 2026-04-01 04:30 PM CT ══
2026-04-01 16:30:06,035 [INFO] DB ready: /Users/sterling/app/scally-tracker/data/inventory.db
2026-04-01 16:30:07,911 [INFO] Fetched 630 products from BSC
2026-04-01 16:30:08,581 [INFO] Categories: {'apparel': 143, 'caps': 367, 'other': 17, 'pins': 153}
2026-04-01 16:30:08,701 [INFO] ══ Poll complete ══

/Users/sterling/Library/Python/3.9/lib/python/site-packages/urllib3/__init__.py:35: NotOpenSSLWarning: urllib3 v2 only supports OpenSSL 1.1.1+, currently the 'ssl' module is compiled with 'LibreSSL 2.8.3'. See: https://github.com/urllib3/urllib3/issues/3020
  warnings.warn(
2026-04-01 17:00:06,031 [INFO] ══ Scally Tracker — 2026-04-01 05:00 PM CT ══
2026-04-01 17:00:06,034 [INFO] DB ready: /Users/sterling/app/scally-tracker/data/inventory.db
2026-04-01 17:00:07,891 [INFO] Fetched 630 products from BSC
2026-04-01 17:00:08,576 [INFO] Categories: {'apparel': 143, 'caps': 367, 'other': 17, 'pins': 153}
2026-04-01 17:00:08,697 [INFO] ══ Poll complete ══

/Users/sterling/Library/Python/3.9/lib/python/site-packages/urllib3/__init__.py:35: NotOpenSSLWarning: urllib3 v2 only supports OpenSSL 1.1.1+, currently the 'ssl' module is compiled with 'LibreSSL 2.8.3'. See: https://github.com/urllib3/urllib3/issues/3020
  warnings.warn(
2026-04-01 17:30:05,901 [INFO] ══ Scally Tracker — 2026-04-01 05:30 PM CT ══
2026-04-01 17:30:05,903 [INFO] DB ready: /Users/sterling/app/scally-tracker/data/inventory.db
2026-04-01 17:30:07,556 [INFO] Fetched 630 products from BSC
2026-04-01 17:30:08,285 [INFO] ntfy 200: ⭐ Wishlisted Restock!
2026-04-01 17:30:08,588 [INFO] Categories: {'apparel': 143, 'caps': 367, 'other': 17, 'pins': 153}
2026-04-01 17:30:08,711 [INFO] ══ Poll complete ══

/Users/sterling/Library/Python/3.9/lib/python/site-packages/urllib3/__init__.py:35: NotOpenSSLWarning: urllib3 v2 only supports OpenSSL 1.1.1+, currently the 'ssl' module is compiled with 'LibreSSL 2.8.3'. See: https://github.com/urllib3/urllib3/issues/3020
  warnings.warn(
2026-04-01 18:00:05,926 [INFO] ══ Scally Tracker — 2026-04-01 06:00 PM CT ══
2026-04-01 18:00:05,928 [INFO] DB ready: /Users/sterling/app/scally-tracker/data/inventory.db
2026-04-01 18:00:07,577 [INFO] Fetched 630 products from BSC
2026-04-01 18:00:08,257 [INFO] Categories: {'apparel': 143, 'caps': 367, 'other': 17, 'pins': 153}
2026-04-01 18:00:08,382 [INFO] ══ Poll complete ══

/Users/sterling/Library/Python/3.9/lib/python/site-packages/urllib3/__init__.py:35: NotOpenSSLWarning: urllib3 v2 only supports OpenSSL 1.1.1+, currently the 'ssl' module is compiled with 'LibreSSL 2.8.3'. See: https://github.com/urllib3/urllib3/issues/3020
  warnings.warn(
2026-04-01 18:30:05,884 [INFO] ══ Scally Tracker — 2026-04-01 06:30 PM CT ══
2026-04-01 18:30:05,886 [INFO] DB ready: /Users/sterling/app/scally-tracker/data/inventory.db
2026-04-01 18:30:07,513 [INFO] Fetched 630 products from BSC
2026-04-01 18:30:08,816 [INFO] Categories: {'apparel': 143, 'caps': 367, 'other': 17, 'pins': 153}
2026-04-01 18:30:08,928 [INFO] ══ Poll complete ══

/Users/sterling/Library/Python/3.9/lib/python/site-packages/urllib3/__init__.py:35: NotOpenSSLWarning: urllib3 v2 only supports OpenSSL 1.1.1+, currently the 'ssl' module is compiled with 'LibreSSL 2.8.3'. See: https://github.com/urllib3/urllib3/issues/3020
  warnings.warn(
2026-04-01 19:00:06,004 [INFO] ══ Scally Tracker — 2026-04-01 07:00 PM CT ══
2026-04-01 19:00:06,007 [INFO] DB ready: /Users/sterling/app/scally-tracker/data/inventory.db
2026-04-01 19:00:07,900 [INFO] Fetched 630 products from BSC
2026-04-01 19:00:08,590 [INFO] Categories: {'apparel': 143, 'caps': 367, 'other': 17, 'pins': 153}
2026-04-01 19:00:08,718 [INFO] ══ Poll complete ══

/Users/sterling/Library/Python/3.9/lib/python/site-packages/urllib3/__init__.py:35: NotOpenSSLWarning: urllib3 v2 only supports OpenSSL 1.1.1+, currently the 'ssl' module is compiled with 'LibreSSL 2.8.3'. See: https://github.com/urllib3/urllib3/issues/3020
  warnings.warn(
2026-04-02 07:00:06,120 [INFO] ══ Scally Tracker — 2026-04-02 07:00 AM CT ══
2026-04-02 07:00:06,124 [INFO] DB ready: /Users/sterling/app/scally-tracker/data/inventory.db
2026-04-02 07:00:07,955 [INFO] Fetched 630 products from BSC
2026-04-02 07:00:08,684 [INFO] Categories: {'apparel': 143, 'caps': 367, 'other': 17, 'pins': 153}
2026-04-02 07:00:08,810 [INFO] ══ Poll complete ══

/Users/sterling/Library/Python/3.9/lib/python/site-packages/urllib3/__init__.py:35: NotOpenSSLWarning: urllib3 v2 only supports OpenSSL 1.1.1+, currently the 'ssl' module is compiled with 'LibreSSL 2.8.3'. See: https://github.com/urllib3/urllib3/issues/3020
  warnings.warn(
2026-04-02 07:30:05,899 [INFO] ══ Scally Tracker — 2026-04-02 07:30 AM CT ══
2026-04-02 07:30:05,902 [INFO] DB ready: /Users/sterling/app/scally-tracker/data/inventory.db
2026-04-02 07:30:07,638 [INFO] Fetched 630 products from BSC
2026-04-02 07:30:08,308 [INFO] Categories: {'apparel': 143, 'caps': 367, 'other': 17, 'pins': 153}
2026-04-02 07:30:08,428 [INFO] ══ Poll complete ══

/Users/sterling/Library/Python/3.9/lib/python/site-packages/urllib3/__init__.py:35: NotOpenSSLWarning: urllib3 v2 only supports OpenSSL 1.1.1+, currently the 'ssl' module is compiled with 'LibreSSL 2.8.3'. See: https://github.com/urllib3/urllib3/issues/3020
  warnings.warn(
2026-04-02 08:00:05,980 [INFO] ══ Scally Tracker — 2026-04-02 08:00 AM CT ══
2026-04-02 08:00:05,983 [INFO] DB ready: /Users/sterling/app/scally-tracker/data/inventory.db
2026-04-02 08:00:07,472 [INFO] Fetched 630 products from BSC
2026-04-02 08:00:08,148 [INFO] Categories: {'apparel': 143, 'caps': 367, 'other': 17, 'pins': 153}
2026-04-02 08:00:08,274 [INFO] ══ Poll complete ══

/Users/sterling/Library/Python/3.9/lib/python/site-packages/urllib3/__init__.py:35: NotOpenSSLWarning: urllib3 v2 only supports OpenSSL 1.1.1+, currently the 'ssl' module is compiled with 'LibreSSL 2.8.3'. See: https://github.com/urllib3/urllib3/issues/3020
  warnings.warn(
2026-04-02 08:30:02,973 [INFO] ══ Scally Tracker — 2026-04-02 08:30 AM CT ══
2026-04-02 08:30:02,976 [INFO] DB ready: /Users/sterling/app/scally-tracker/data/inventory.db
2026-04-02 08:30:04,855 [INFO] Fetched 630 products from BSC
2026-04-02 08:30:05,278 [INFO] ntfy 200: 🎉 Restock!
2026-04-02 08:30:05,877 [INFO] Categories: {'apparel': 143, 'caps': 367, 'other': 17, 'pins': 153}
2026-04-02 08:30:06,008 [INFO] ══ Poll complete ══

/Users/sterling/Library/Python/3.9/lib/python/site-packages/urllib3/__init__.py:35: NotOpenSSLWarning: urllib3 v2 only supports OpenSSL 1.1.1+, currently the 'ssl' module is compiled with 'LibreSSL 2.8.3'. See: https://github.com/urllib3/urllib3/issues/3020
  warnings.warn(
2026-04-02 09:00:06,057 [INFO] ══ Scally Tracker — 2026-04-02 09:00 AM CT ══
2026-04-02 09:00:06,060 [INFO] DB ready: /Users/sterling/app/scally-tracker/data/inventory.db
2026-04-02 09:00:08,093 [INFO] Fetched 630 products from BSC
2026-04-02 09:00:08,756 [INFO] Categories: {'apparel': 143, 'caps': 367, 'other': 17, 'pins': 153}
2026-04-02 09:00:08,903 [INFO] ══ Poll complete ══

/Users/sterling/Library/Python/3.9/lib/python/site-packages/urllib3/__init__.py:35: NotOpenSSLWarning: urllib3 v2 only supports OpenSSL 1.1.1+, currently the 'ssl' module is compiled with 'LibreSSL 2.8.3'. See: https://github.com/urllib3/urllib3/issues/3020
  warnings.warn(
2026-04-02 09:30:05,972 [INFO] ══ Scally Tracker — 2026-04-02 09:30 AM CT ══
2026-04-02 09:30:05,975 [INFO] DB ready: /Users/sterling/app/scally-tracker/data/inventory.db
2026-04-02 09:30:07,825 [INFO] Fetched 630 products from BSC
2026-04-02 09:30:08,466 [INFO] Categories: {'apparel': 143, 'caps': 367, 'other': 17, 'pins': 153}
2026-04-02 09:30:08,590 [INFO] ══ Poll complete ══

/Users/sterling/Library/Python/3.9/lib/python/site-packages/urllib3/__init__.py:35: NotOpenSSLWarning: urllib3 v2 only supports OpenSSL 1.1.1+, currently the 'ssl' module is compiled with 'LibreSSL 2.8.3'. See: https://github.com/urllib3/urllib3/issues/3020
  warnings.warn(
2026-04-02 10:00:05,981 [INFO] ══ Scally Tracker — 2026-04-02 10:00 AM CT ══
2026-04-02 10:00:05,983 [INFO] DB ready: /Users/sterling/app/scally-tracker/data/inventory.db
2026-04-02 10:00:08,230 [INFO] Fetched 630 products from BSC
2026-04-02 10:00:08,719 [INFO] Categories: {'apparel': 143, 'caps': 367, 'other': 17, 'pins': 153}
2026-04-02 10:00:08,839 [INFO] ══ Poll complete ══

/Users/sterling/Library/Python/3.9/lib/python/site-packages/urllib3/__init__.py:35: NotOpenSSLWarning: urllib3 v2 only supports OpenSSL 1.1.1+, currently the 'ssl' module is compiled with 'LibreSSL 2.8.3'. See: https://github.com/urllib3/urllib3/issues/3020
  warnings.warn(
2026-04-02 10:30:05,949 [INFO] ══ Scally Tracker — 2026-04-02 10:30 AM CT ══
2026-04-02 10:30:05,952 [INFO] DB ready: /Users/sterling/app/scally-tracker/data/inventory.db
2026-04-02 10:30:07,760 [INFO] Fetched 630 products from BSC
2026-04-02 10:30:08,418 [INFO] Categories: {'apparel': 143, 'caps': 367, 'other': 17, 'pins': 153}
2026-04-02 10:30:08,546 [INFO] ══ Poll complete ══

/Users/sterling/Library/Python/3.9/lib/python/site-packages/urllib3/__init__.py:35: NotOpenSSLWarning: urllib3 v2 only supports OpenSSL 1.1.1+, currently the 'ssl' module is compiled with 'LibreSSL 2.8.3'. See: https://github.com/urllib3/urllib3/issues/3020
  warnings.warn(
2026-04-02 11:00:03,118 [INFO] ══ Scally Tracker — 2026-04-02 11:00 AM CT ══
2026-04-02 11:00:03,121 [INFO] DB ready: /Users/sterling/app/scally-tracker/data/inventory.db
2026-04-02 11:00:04,996 [INFO] Fetched 630 products from BSC
2026-04-02 11:00:05,454 [INFO] ntfy 200: 🎉 Restock!
2026-04-02 11:00:06,046 [INFO] Categories: {'apparel': 143, 'caps': 367, 'other': 17, 'pins': 153}
2026-04-02 11:00:06,177 [INFO] ══ Poll complete ══

/Users/sterling/Library/Python/3.9/lib/python/site-packages/urllib3/__init__.py:35: NotOpenSSLWarning: urllib3 v2 only supports OpenSSL 1.1.1+, currently the 'ssl' module is compiled with 'LibreSSL 2.8.3'. See: https://github.com/urllib3/urllib3/issues/3020
  warnings.warn(
2026-04-02 11:30:01,079 [INFO] ══ Scally Tracker — 2026-04-02 11:30 AM CT ══
2026-04-02 11:30:01,082 [INFO] DB ready: /Users/sterling/app/scally-tracker/data/inventory.db
2026-04-02 11:30:02,764 [INFO] Fetched 630 products from BSC
2026-04-02 11:30:03,422 [INFO] Categories: {'apparel': 143, 'caps': 367, 'other': 17, 'pins': 153}
2026-04-02 11:30:03,554 [INFO] ══ Poll complete ══

/Users/sterling/Library/Python/3.9/lib/python/site-packages/urllib3/__init__.py:35: NotOpenSSLWarning: urllib3 v2 only supports OpenSSL 1.1.1+, currently the 'ssl' module is compiled with 'LibreSSL 2.8.3'. See: https://github.com/urllib3/urllib3/issues/3020
  warnings.warn(
2026-04-02 12:00:02,889 [INFO] ══ Scally Tracker — 2026-04-02 12:00 PM CT ══
2026-04-02 12:00:02,891 [INFO] DB ready: /Users/sterling/app/scally-tracker/data/inventory.db
2026-04-02 12:00:04,734 [INFO] Fetched 630 products from BSC
2026-04-02 12:00:05,401 [INFO] Categories: {'apparel': 143, 'caps': 367, 'other': 17, 'pins': 153}
2026-04-02 12:00:05,528 [INFO] ══ Poll complete ══

/Users/sterling/Library/Python/3.9/lib/python/site-packages/urllib3/__init__.py:35: NotOpenSSLWarning: urllib3 v2 only supports OpenSSL 1.1.1+, currently the 'ssl' module is compiled with 'LibreSSL 2.8.3'. See: https://github.com/urllib3/urllib3/issues/3020
  warnings.warn(
2026-04-02 12:30:01,055 [INFO] ══ Scally Tracker — 2026-04-02 12:30 PM CT ══
2026-04-02 12:30:01,058 [INFO] DB ready: /Users/sterling/app/scally-tracker/data/inventory.db
2026-04-02 12:30:03,552 [INFO] Fetched 630 products from BSC
2026-04-02 12:30:04,197 [INFO] Categories: {'apparel': 143, 'caps': 367, 'other': 17, 'pins': 153}
2026-04-02 12:30:04,325 [INFO] ══ Poll complete ══

/Users/sterling/Library/Python/3.9/lib/python/site-packages/urllib3/__init__.py:35: NotOpenSSLWarning: urllib3 v2 only supports OpenSSL 1.1.1+, currently the 'ssl' module is compiled with 'LibreSSL 2.8.3'. See: https://github.com/urllib3/urllib3/issues/3020
  warnings.warn(
2026-04-02 13:00:02,903 [INFO] ══ Scally Tracker — 2026-04-02 01:00 PM CT ══
2026-04-02 13:00:02,905 [INFO] DB ready: /Users/sterling/app/scally-tracker/data/inventory.db
2026-04-02 13:00:04,573 [INFO] Fetched 630 products from BSC
2026-04-02 13:00:05,221 [INFO] Categories: {'apparel': 143, 'caps': 367, 'other': 17, 'pins': 153}
2026-04-02 13:00:05,357 [INFO] ══ Poll complete ══

/Users/sterling/Library/Python/3.9/lib/python/site-packages/urllib3/__init__.py:35: NotOpenSSLWarning: urllib3 v2 only supports OpenSSL 1.1.1+, currently the 'ssl' module is compiled with 'LibreSSL 2.8.3'. See: https://github.com/urllib3/urllib3/issues/3020
  warnings.warn(
2026-04-02 13:30:01,020 [INFO] ══ Scally Tracker — 2026-04-02 01:30 PM CT ══
2026-04-02 13:30:01,023 [INFO] DB ready: /Users/sterling/app/scally-tracker/data/inventory.db
2026-04-02 13:30:02,762 [INFO] Fetched 630 products from BSC
2026-04-02 13:30:03,401 [INFO] Categories: {'apparel': 143, 'caps': 367, 'other': 17, 'pins': 153}
2026-04-02 13:30:03,530 [INFO] ══ Poll complete ══

/Users/sterling/Library/Python/3.9/lib/python/site-packages/urllib3/__init__.py:35: NotOpenSSLWarning: urllib3 v2 only supports OpenSSL 1.1.1+, currently the 'ssl' module is compiled with 'LibreSSL 2.8.3'. See: https://github.com/urllib3/urllib3/issues/3020
  warnings.warn(
2026-04-02 14:00:06,021 [INFO] ══ Scally Tracker — 2026-04-02 02:00 PM CT ══
2026-04-02 14:00:06,023 [INFO] DB ready: /Users/sterling/app/scally-tracker/data/inventory.db
2026-04-02 14:00:07,845 [INFO] Fetched 630 products from BSC
2026-04-02 14:00:08,484 [INFO] Categories: {'apparel': 143, 'caps': 367, 'other': 17, 'pins': 153}
2026-04-02 14:00:08,608 [INFO] ══ Poll complete ══

/Users/sterling/Library/Python/3.9/lib/python/site-packages/urllib3/__init__.py:35: NotOpenSSLWarning: urllib3 v2 only supports OpenSSL 1.1.1+, currently the 'ssl' module is compiled with 'LibreSSL 2.8.3'. See: https://github.com/urllib3/urllib3/issues/3020
  warnings.warn(
2026-04-02 14:30:04,008 [INFO] ══ Scally Tracker — 2026-04-02 02:30 PM CT ══
2026-04-02 14:30:04,011 [INFO] DB ready: /Users/sterling/app/scally-tracker/data/inventory.db
2026-04-02 14:30:05,756 [INFO] Fetched 630 products from BSC
2026-04-02 14:30:06,396 [INFO] Categories: {'apparel': 143, 'caps': 367, 'other': 17, 'pins': 153}
2026-04-02 14:30:06,527 [INFO] ══ Poll complete ══

/Users/sterling/Library/Python/3.9/lib/python/site-packages/urllib3/__init__.py:35: NotOpenSSLWarning: urllib3 v2 only supports OpenSSL 1.1.1+, currently the 'ssl' module is compiled with 'LibreSSL 2.8.3'. See: https://github.com/urllib3/urllib3/issues/3020
  warnings.warn(
2026-04-02 15:00:04,002 [INFO] ══ Scally Tracker — 2026-04-02 03:00 PM CT ══
2026-04-02 15:00:04,005 [INFO] DB ready: /Users/sterling/app/scally-tracker/data/inventory.db
2026-04-02 15:00:05,848 [INFO] Fetched 630 products from BSC
2026-04-02 15:00:06,487 [INFO] Categories: {'apparel': 143, 'caps': 367, 'other': 17, 'pins': 153}
2026-04-02 15:00:06,618 [INFO] ══ Poll complete ══

/Users/sterling/Library/Python/3.9/lib/python/site-packages/urllib3/__init__.py:35: NotOpenSSLWarning: urllib3 v2 only supports OpenSSL 1.1.1+, currently the 'ssl' module is compiled with 'LibreSSL 2.8.3'. See: https://github.com/urllib3/urllib3/issues/3020
  warnings.warn(
2026-04-02 15:30:03,114 [INFO] ══ Scally Tracker — 2026-04-02 03:30 PM CT ══
2026-04-02 15:30:03,116 [INFO] DB ready: /Users/sterling/app/scally-tracker/data/inventory.db
2026-04-02 15:30:04,847 [INFO] Fetched 630 products from BSC
2026-04-02 15:30:05,489 [INFO] Categories: {'apparel': 143, 'caps': 367, 'other': 17, 'pins': 153}
2026-04-02 15:30:05,631 [INFO] ══ Poll complete ══

/Users/sterling/Library/Python/3.9/lib/python/site-packages/urllib3/__init__.py:35: NotOpenSSLWarning: urllib3 v2 only supports OpenSSL 1.1.1+, currently the 'ssl' module is compiled with 'LibreSSL 2.8.3'. See: https://github.com/urllib3/urllib3/issues/3020
  warnings.warn(
2026-04-02 16:00:01,996 [INFO] ══ Scally Tracker — 2026-04-02 04:00 PM CT ══
2026-04-02 16:00:01,998 [INFO] DB ready: /Users/sterling/app/scally-tracker/data/inventory.db
2026-04-02 16:00:04,073 [INFO] Fetched 630 products from BSC
2026-04-02 16:00:04,715 [INFO] Categories: {'apparel': 143, 'caps': 367, 'other': 17, 'pins': 153}
2026-04-02 16:00:04,835 [INFO] ══ Poll complete ══

/Users/sterling/Library/Python/3.9/lib/python/site-packages/urllib3/__init__.py:35: NotOpenSSLWarning: urllib3 v2 only supports OpenSSL 1.1.1+, currently the 'ssl' module is compiled with 'LibreSSL 2.8.3'. See: https://github.com/urllib3/urllib3/issues/3020
  warnings.warn(
2026-04-02 16:30:04,010 [INFO] ══ Scally Tracker — 2026-04-02 04:30 PM CT ══
2026-04-02 16:30:04,012 [INFO] DB ready: /Users/sterling/app/scally-tracker/data/inventory.db
2026-04-02 16:30:05,692 [INFO] Fetched 630 products from BSC
2026-04-02 16:30:06,331 [INFO] Categories: {'apparel': 143, 'caps': 367, 'other': 17, 'pins': 153}
2026-04-02 16:30:06,454 [INFO] ══ Poll complete ══

/Users/sterling/Library/Python/3.9/lib/python/site-packages/urllib3/__init__.py:35: NotOpenSSLWarning: urllib3 v2 only supports OpenSSL 1.1.1+, currently the 'ssl' module is compiled with 'LibreSSL 2.8.3'. See: https://github.com/urllib3/urllib3/issues/3020
  warnings.warn(
2026-04-02 17:00:03,144 [INFO] ══ Scally Tracker — 2026-04-02 05:00 PM CT ══
2026-04-02 17:00:03,147 [INFO] DB ready: /Users/sterling/app/scally-tracker/data/inventory.db
2026-04-02 17:00:05,274 [INFO] Fetched 630 products from BSC
2026-04-02 17:00:05,909 [INFO] Categories: {'apparel': 143, 'caps': 367, 'other': 17, 'pins': 153}
2026-04-02 17:00:06,040 [INFO] ══ Poll complete ══

/Users/sterling/Library/Python/3.9/lib/python/site-packages/urllib3/__init__.py:35: NotOpenSSLWarning: urllib3 v2 only supports OpenSSL 1.1.1+, currently the 'ssl' module is compiled with 'LibreSSL 2.8.3'. See: https://github.com/urllib3/urllib3/issues/3020
  warnings.warn(
2026-04-02 17:30:01,140 [INFO] ══ Scally Tracker — 2026-04-02 05:30 PM CT ══
2026-04-02 17:30:01,143 [INFO] DB ready: /Users/sterling/app/scally-tracker/data/inventory.db
2026-04-02 17:30:02,972 [INFO] Fetched 626 products from BSC
2026-04-02 17:30:03,595 [INFO] Categories: {'apparel': 143, 'caps': 367, 'other': 17, 'pins': 153}
2026-04-02 17:30:03,706 [INFO] ══ Poll complete ══

/Users/sterling/Library/Python/3.9/lib/python/site-packages/urllib3/__init__.py:35: NotOpenSSLWarning: urllib3 v2 only supports OpenSSL 1.1.1+, currently the 'ssl' module is compiled with 'LibreSSL 2.8.3'. See: https://github.com/urllib3/urllib3/issues/3020
  warnings.warn(
2026-04-02 18:00:02,195 [INFO] ══ Scally Tracker — 2026-04-02 06:00 PM CT ══
2026-04-02 18:00:02,198 [INFO] DB ready: /Users/sterling/app/scally-tracker/data/inventory.db
2026-04-02 18:00:03,928 [INFO] Fetched 626 products from BSC
2026-04-02 18:00:04,563 [INFO] Categories: {'apparel': 143, 'caps': 367, 'other': 17, 'pins': 153}
2026-04-02 18:00:04,691 [INFO] ══ Poll complete ══

/Users/sterling/Library/Python/3.9/lib/python/site-packages/urllib3/__init__.py:35: NotOpenSSLWarning: urllib3 v2 only supports OpenSSL 1.1.1+, currently the 'ssl' module is compiled with 'LibreSSL 2.8.3'. See: https://github.com/urllib3/urllib3/issues/3020
  warnings.warn(
2026-04-02 18:30:01,045 [INFO] ══ Scally Tracker — 2026-04-02 06:30 PM CT ══
2026-04-02 18:30:01,047 [INFO] DB ready: /Users/sterling/app/scally-tracker/data/inventory.db
2026-04-02 18:30:02,883 [INFO] Fetched 626 products from BSC
2026-04-02 18:30:03,513 [INFO] Categories: {'apparel': 143, 'caps': 367, 'other': 17, 'pins': 153}
2026-04-02 18:30:03,633 [INFO] ══ Poll complete ══

/Users/sterling/Library/Python/3.9/lib/python/site-packages/urllib3/__init__.py:35: NotOpenSSLWarning: urllib3 v2 only supports OpenSSL 1.1.1+, currently the 'ssl' module is compiled with 'LibreSSL 2.8.3'. See: https://github.com/urllib3/urllib3/issues/3020
  warnings.warn(
2026-04-02 19:00:03,063 [INFO] ══ Scally Tracker — 2026-04-02 07:00 PM CT ══
2026-04-02 19:00:03,065 [INFO] DB ready: /Users/sterling/app/scally-tracker/data/inventory.db
2026-04-02 19:00:04,714 [INFO] Fetched 626 products from BSC
2026-04-02 19:00:05,358 [INFO] Categories: {'apparel': 143, 'caps': 367, 'other': 17, 'pins': 153}
2026-04-02 19:00:05,487 [INFO] ══ Poll complete ══

/Users/sterling/Library/Python/3.9/lib/python/site-packages/urllib3/__init__.py:35: NotOpenSSLWarning: urllib3 v2 only supports OpenSSL 1.1.1+, currently the 'ssl' module is compiled with 'LibreSSL 2.8.3'. See: https://github.com/urllib3/urllib3/issues/3020
  warnings.warn(
2026-04-03 07:00:06,128 [INFO] ══ Scally Tracker — 2026-04-03 07:00 AM CT ══
2026-04-03 07:00:06,132 [INFO] DB ready: /Users/sterling/app/scally-tracker/data/inventory.db
2026-04-03 07:00:10,086 [INFO] Fetched 626 products from BSC
2026-04-03 07:00:10,776 [INFO] Categories: {'apparel': 143, 'caps': 367, 'other': 17, 'pins': 153}
2026-04-03 07:00:10,904 [INFO] ══ Poll complete ══

/Users/sterling/Library/Python/3.9/lib/python/site-packages/urllib3/__init__.py:35: NotOpenSSLWarning: urllib3 v2 only supports OpenSSL 1.1.1+, currently the 'ssl' module is compiled with 'LibreSSL 2.8.3'. See: https://github.com/urllib3/urllib3/issues/3020
  warnings.warn(
2026-04-03 07:30:05,911 [INFO] ══ Scally Tracker — 2026-04-03 07:30 AM CT ══
2026-04-03 07:30:05,914 [INFO] DB ready: /Users/sterling/app/scally-tracker/data/inventory.db
2026-04-03 07:30:07,665 [INFO] Fetched 626 products from BSC
2026-04-03 07:30:09,103 [INFO] Categories: {'apparel': 143, 'caps': 367, 'other': 17, 'pins': 153}
2026-04-03 07:30:09,235 [INFO] ══ Poll complete ══

/Users/sterling/Library/Python/3.9/lib/python/site-packages/urllib3/__init__.py:35: NotOpenSSLWarning: urllib3 v2 only supports OpenSSL 1.1.1+, currently the 'ssl' module is compiled with 'LibreSSL 2.8.3'. See: https://github.com/urllib3/urllib3/issues/3020
  warnings.warn(
2026-04-03 08:00:05,978 [INFO] ══ Scally Tracker — 2026-04-03 08:00 AM CT ══
2026-04-03 08:00:05,982 [INFO] DB ready: /Users/sterling/app/scally-tracker/data/inventory.db
2026-04-03 08:00:07,651 [INFO] Fetched 626 products from BSC
2026-04-03 08:00:08,356 [INFO] Categories: {'apparel': 143, 'caps': 367, 'other': 17, 'pins': 153}
2026-04-03 08:00:08,490 [INFO] ══ Poll complete ══

/Users/sterling/Library/Python/3.9/lib/python/site-packages/urllib3/__init__.py:35: NotOpenSSLWarning: urllib3 v2 only supports OpenSSL 1.1.1+, currently the 'ssl' module is compiled with 'LibreSSL 2.8.3'. See: https://github.com/urllib3/urllib3/issues/3020
  warnings.warn(
2026-04-03 08:30:06,027 [INFO] ══ Scally Tracker — 2026-04-03 08:30 AM CT ══
2026-04-03 08:30:06,030 [INFO] DB ready: /Users/sterling/app/scally-tracker/data/inventory.db
2026-04-03 08:30:07,863 [INFO] Fetched 626 products from BSC
2026-04-03 08:30:08,248 [INFO] ntfy 200: 🎉 Restock!
2026-04-03 08:30:08,520 [INFO] ntfy 200: 🎉 Restock!
2026-04-03 08:30:09,083 [INFO] Categories: {'apparel': 143, 'caps': 367, 'other': 17, 'pins': 153}
2026-04-03 08:30:09,212 [INFO] ══ Poll complete ══

/Users/sterling/Library/Python/3.9/lib/python/site-packages/urllib3/__init__.py:35: NotOpenSSLWarning: urllib3 v2 only supports OpenSSL 1.1.1+, currently the 'ssl' module is compiled with 'LibreSSL 2.8.3'. See: https://github.com/urllib3/urllib3/issues/3020
  warnings.warn(
2026-04-03 09:00:06,001 [INFO] ══ Scally Tracker — 2026-04-03 09:00 AM CT ══
2026-04-03 09:00:06,003 [INFO] DB ready: /Users/sterling/app/scally-tracker/data/inventory.db
2026-04-03 09:00:10,148 [INFO] Fetched 626 products from BSC
2026-04-03 09:00:10,644 [INFO] Categories: {'apparel': 143, 'caps': 367, 'other': 17, 'pins': 153}
2026-04-03 09:00:10,768 [INFO] ══ Poll complete ══

/Users/sterling/Library/Python/3.9/lib/python/site-packages/urllib3/__init__.py:35: NotOpenSSLWarning: urllib3 v2 only supports OpenSSL 1.1.1+, currently the 'ssl' module is compiled with 'LibreSSL 2.8.3'. See: https://github.com/urllib3/urllib3/issues/3020
  warnings.warn(
2026-04-03 09:30:05,944 [INFO] ══ Scally Tracker — 2026-04-03 09:30 AM CT ══
2026-04-03 09:30:05,947 [INFO] DB ready: /Users/sterling/app/scally-tracker/data/inventory.db
2026-04-03 09:30:07,706 [INFO] Fetched 626 products from BSC
2026-04-03 09:30:08,106 [INFO] Categories: {'apparel': 143, 'caps': 367, 'other': 17, 'pins': 153}
2026-04-03 09:30:08,227 [INFO] ══ Poll complete ══

/Users/sterling/Library/Python/3.9/lib/python/site-packages/urllib3/__init__.py:35: NotOpenSSLWarning: urllib3 v2 only supports OpenSSL 1.1.1+, currently the 'ssl' module is compiled with 'LibreSSL 2.8.3'. See: https://github.com/urllib3/urllib3/issues/3020
  warnings.warn(
2026-04-03 10:00:05,981 [INFO] ══ Scally Tracker — 2026-04-03 10:00 AM CT ══
2026-04-03 10:00:05,984 [INFO] DB ready: /Users/sterling/app/scally-tracker/data/inventory.db
2026-04-03 10:00:07,555 [INFO] Fetched 626 products from BSC
2026-04-03 10:00:08,169 [INFO] Categories: {'apparel': 143, 'caps': 367, 'other': 17, 'pins': 153}
2026-04-03 10:00:08,289 [INFO] ══ Poll complete ══

/Users/sterling/Library/Python/3.9/lib/python/site-packages/urllib3/__init__.py:35: NotOpenSSLWarning: urllib3 v2 only supports OpenSSL 1.1.1+, currently the 'ssl' module is compiled with 'LibreSSL 2.8.3'. See: https://github.com/urllib3/urllib3/issues/3020
  warnings.warn(
2026-04-03 10:30:03,630 [INFO] ══ Scally Tracker — 2026-04-03 10:30 AM CT ══
2026-04-03 10:30:03,633 [INFO] DB ready: /Users/sterling/app/scally-tracker/data/inventory.db
2026-04-03 10:30:05,678 [INFO] Fetched 626 products from BSC
2026-04-03 10:30:06,282 [INFO] Categories: {'apparel': 143, 'caps': 367, 'other': 17, 'pins': 153}
2026-04-03 10:30:06,411 [INFO] ══ Poll complete ══

/Users/sterling/Library/Python/3.9/lib/python/site-packages/urllib3/__init__.py:35: NotOpenSSLWarning: urllib3 v2 only supports OpenSSL 1.1.1+, currently the 'ssl' module is compiled with 'LibreSSL 2.8.3'. See: https://github.com/urllib3/urllib3/issues/3020
  warnings.warn(
2026-04-03 11:00:04,950 [INFO] ══ Scally Tracker — 2026-04-03 11:00 AM CT ══
2026-04-03 11:00:04,952 [INFO] DB ready: /Users/sterling/app/scally-tracker/data/inventory.db
2026-04-03 11:00:06,676 [INFO] Fetched 634 products from BSC
2026-04-03 11:00:06,685 [INFO] NEW [pins]: Boston Scally Big League Chew Cap Pin Set - Curveball Cotton Candy
2026-04-03 11:00:07,274 [INFO] ntfy 200: 🆕 New on BSC!
2026-04-03 11:00:07,281 [INFO] NEW [pins]: Boston Scally Big League Chew Cap Pin Set - Grand Slam Grape
2026-04-03 11:00:07,565 [INFO] ntfy 200: 🆕 New on BSC!
2026-04-03 11:00:07,570 [INFO] NEW [caps]: The Big League Chew Kids Boston Scally Cap - Grand Slam Grape
2026-04-03 11:00:08,138 [INFO] ntfy 200: 🆕 New on BSC!
2026-04-03 11:00:08,143 [INFO] RELEASE auto-added: The Big League Chew Kids - Grand Slam Grape on 4/3/26
2026-04-03 11:00:08,145 [INFO] NEW [caps]: The Big League Chew Kids Boston Scally Cap - Curveball Cotton Candy
2026-04-03 11:00:08,464 [INFO] ntfy 200: 🆕 New on BSC!
2026-04-03 11:00:08,466 [INFO] RELEASE auto-added: The Big League Chew Kids - Curveball Cotton Candy on 4/3/26
2026-04-03 11:00:08,467 [INFO] NEW [caps]: The Big League Chew Boston Scally Cap - Curveball Cotton Candy
2026-04-03 11:00:08,740 [INFO] ntfy 200: 🆕 New on BSC!
2026-04-03 11:00:08,744 [INFO] RELEASE auto-added: The Big League Chew - Curveball Cotton Candy on 4/3/26
2026-04-03 11:00:08,747 [INFO] NEW [caps]: The Big League Chew Boston Scally Cap - Grand Slam Grape
2026-04-03 11:00:09,094 [INFO] ntfy 200: 🆕 New on BSC!
2026-04-03 11:00:09,098 [INFO] RELEASE auto-added: The Big League Chew - Grand Slam Grape on 4/3/26
2026-04-03 11:00:09,100 [INFO] NEW [caps]: The Big League Chew Kids Boston Scally Cap - Outta Here Original
2026-04-03 11:00:09,765 [INFO] ntfy 200: 🆕 New on BSC!
2026-04-03 11:00:09,769 [INFO] RELEASE auto-added: The Big League Chew Kids - Outta Here Original on 4/3/26
2026-04-03 11:00:09,773 [INFO] NEW [caps]: The Big League Chew Boston Scally Cap - Outta Here Original
2026-04-03 11:00:10,263 [INFO] ntfy 200: 🆕 New on BSC!
2026-04-03 11:00:10,266 [INFO] RELEASE auto-added: The Big League Chew - Outta Here Original on 4/3/26
2026-04-03 11:00:10,650 [INFO] Categories: {'apparel': 143, 'caps': 373, 'other': 17, 'pins': 155}
2026-04-03 11:00:10,783 [INFO] ══ Poll complete ══

/Users/sterling/Library/Python/3.9/lib/python/site-packages/urllib3/__init__.py:35: NotOpenSSLWarning: urllib3 v2 only supports OpenSSL 1.1.1+, currently the 'ssl' module is compiled with 'LibreSSL 2.8.3'. See: https://github.com/urllib3/urllib3/issues/3020
  warnings.warn(
2026-04-03 11:30:02,940 [INFO] ══ Scally Tracker — 2026-04-03 11:30 AM CT ══
2026-04-03 11:30:02,944 [INFO] DB ready: /Users/sterling/app/scally-tracker/data/inventory.db
2026-04-03 11:30:04,715 [INFO] Fetched 634 products from BSC
2026-04-03 11:30:05,364 [INFO] Categories: {'apparel': 143, 'caps': 373, 'other': 17, 'pins': 155}
2026-04-03 11:30:05,494 [INFO] ══ Poll complete ══

/Users/sterling/Library/Python/3.9/lib/python/site-packages/urllib3/__init__.py:35: NotOpenSSLWarning: urllib3 v2 only supports OpenSSL 1.1.1+, currently the 'ssl' module is compiled with 'LibreSSL 2.8.3'. See: https://github.com/urllib3/urllib3/issues/3020
  warnings.warn(
2026-04-03 12:00:05,882 [INFO] ══ Scally Tracker — 2026-04-03 12:00 PM CT ══
2026-04-03 12:00:05,885 [INFO] DB ready: /Users/sterling/app/scally-tracker/data/inventory.db
2026-04-03 12:00:07,527 [INFO] Fetched 634 products from BSC
2026-04-03 12:00:08,179 [INFO] Categories: {'apparel': 143, 'caps': 373, 'other': 17, 'pins': 155}
2026-04-03 12:00:08,286 [INFO] ══ Poll complete ══

/Users/sterling/Library/Python/3.9/lib/python/site-packages/urllib3/__init__.py:35: NotOpenSSLWarning: urllib3 v2 only supports OpenSSL 1.1.1+, currently the 'ssl' module is compiled with 'LibreSSL 2.8.3'. See: https://github.com/urllib3/urllib3/issues/3020
  warnings.warn(
2026-04-03 12:30:00,984 [INFO] ══ Scally Tracker — 2026-04-03 12:30 PM CT ══
2026-04-03 12:30:00,987 [INFO] DB ready: /Users/sterling/app/scally-tracker/data/inventory.db
2026-04-03 12:30:02,858 [INFO] Fetched 634 products from BSC
2026-04-03 12:30:03,117 [INFO] Categories: {'apparel': 143, 'caps': 373, 'other': 17, 'pins': 155}
2026-04-03 12:30:03,282 [INFO] ══ Poll complete ══

/Users/sterling/Library/Python/3.9/lib/python/site-packages/urllib3/__init__.py:35: NotOpenSSLWarning: urllib3 v2 only supports OpenSSL 1.1.1+, currently the 'ssl' module is compiled with 'LibreSSL 2.8.3'. See: https://github.com/urllib3/urllib3/issues/3020
  warnings.warn(
2026-04-03 13:00:01,935 [INFO] ══ Scally Tracker — 2026-04-03 01:00 PM CT ══
2026-04-03 13:00:01,938 [INFO] DB ready: /Users/sterling/app/scally-tracker/data/inventory.db
2026-04-03 13:00:03,544 [INFO] Fetched 634 products from BSC
2026-04-03 13:00:03,863 [INFO] Categories: {'apparel': 143, 'caps': 373, 'other': 17, 'pins': 155}
2026-04-03 13:00:04,113 [INFO] ══ Poll complete ══

/Users/sterling/Library/Python/3.9/lib/python/site-packages/urllib3/__init__.py:35: NotOpenSSLWarning: urllib3 v2 only supports OpenSSL 1.1.1+, currently the 'ssl' module is compiled with 'LibreSSL 2.8.3'. See: https://github.com/urllib3/urllib3/issues/3020
  warnings.warn(
2026-04-03 13:30:01,009 [INFO] ══ Scally Tracker — 2026-04-03 01:30 PM CT ══
2026-04-03 13:30:01,012 [INFO] DB ready: /Users/sterling/app/scally-tracker/data/inventory.db
2026-04-03 13:30:04,187 [INFO] Fetched 634 products from BSC
2026-04-03 13:30:04,840 [INFO] Categories: {'apparel': 143, 'caps': 373, 'other': 17, 'pins': 155}
2026-04-03 13:30:04,974 [INFO] ══ Poll complete ══

/Users/sterling/Library/Python/3.9/lib/python/site-packages/urllib3/__init__.py:35: NotOpenSSLWarning: urllib3 v2 only supports OpenSSL 1.1.1+, currently the 'ssl' module is compiled with 'LibreSSL 2.8.3'. See: https://github.com/urllib3/urllib3/issues/3020
  warnings.warn(
2026-04-03 14:00:01,785 [INFO] ══ Scally Tracker — 2026-04-03 02:00 PM CT ══
2026-04-03 14:00:01,787 [INFO] DB ready: /Users/sterling/app/scally-tracker/data/inventory.db
2026-04-03 14:00:03,811 [INFO] Fetched 634 products from BSC
2026-04-03 14:00:04,297 [INFO] Categories: {'apparel': 143, 'caps': 373, 'other': 17, 'pins': 155}
2026-04-03 14:00:04,428 [INFO] ══ Poll complete ══

/Users/sterling/Library/Python/3.9/lib/python/site-packages/urllib3/__init__.py:35: NotOpenSSLWarning: urllib3 v2 only supports OpenSSL 1.1.1+, currently the 'ssl' module is compiled with 'LibreSSL 2.8.3'. See: https://github.com/urllib3/urllib3/issues/3020
  warnings.warn(
2026-04-03 14:30:00,917 [INFO] ══ Scally Tracker — 2026-04-03 02:30 PM CT ══
2026-04-03 14:30:00,919 [INFO] DB ready: /Users/sterling/app/scally-tracker/data/inventory.db
2026-04-03 14:30:02,604 [INFO] Fetched 634 products from BSC
2026-04-03 14:30:03,171 [INFO] ntfy 200: 🎉 Restock!
2026-04-03 14:30:03,742 [INFO] Categories: {'apparel': 143, 'caps': 373, 'other': 17, 'pins': 155}
2026-04-03 14:30:03,889 [INFO] ══ Poll complete ══

/Users/sterling/Library/Python/3.9/lib/python/site-packages/urllib3/__init__.py:35: NotOpenSSLWarning: urllib3 v2 only supports OpenSSL 1.1.1+, currently the 'ssl' module is compiled with 'LibreSSL 2.8.3'. See: https://github.com/urllib3/urllib3/issues/3020
  warnings.warn(
2026-04-03 15:00:02,015 [INFO] ══ Scally Tracker — 2026-04-03 03:00 PM CT ══
2026-04-03 15:00:02,018 [INFO] DB ready: /Users/sterling/app/scally-tracker/data/inventory.db
2026-04-03 15:00:03,864 [INFO] Fetched 634 products from BSC
2026-04-03 15:00:04,336 [INFO] ntfy 200: 🎉 Restock!
2026-04-03 15:00:04,946 [INFO] Categories: {'apparel': 143, 'caps': 373, 'other': 17, 'pins': 155}
2026-04-03 15:00:05,084 [INFO] ══ Poll complete ══

/Users/sterling/Library/Python/3.9/lib/python/site-packages/urllib3/__init__.py:35: NotOpenSSLWarning: urllib3 v2 only supports OpenSSL 1.1.1+, currently the 'ssl' module is compiled with 'LibreSSL 2.8.3'. See: https://github.com/urllib3/urllib3/issues/3020
  warnings.warn(
2026-04-03 15:30:01,858 [INFO] ══ Scally Tracker — 2026-04-03 03:30 PM CT ══
2026-04-03 15:30:01,861 [INFO] DB ready: /Users/sterling/app/scally-tracker/data/inventory.db
2026-04-03 15:30:03,508 [INFO] Fetched 634 products from BSC
2026-04-03 15:30:04,181 [INFO] Categories: {'apparel': 143, 'caps': 373, 'other': 17, 'pins': 155}
2026-04-03 15:30:04,321 [INFO] ══ Poll complete ══

/Users/sterling/Library/Python/3.9/lib/python/site-packages/urllib3/__init__.py:35: NotOpenSSLWarning: urllib3 v2 only supports OpenSSL 1.1.1+, currently the 'ssl' module is compiled with 'LibreSSL 2.8.3'. See: https://github.com/urllib3/urllib3/issues/3020
  warnings.warn(
2026-04-03 16:00:03,978 [INFO] ══ Scally Tracker — 2026-04-03 04:00 PM CT ══
2026-04-03 16:00:03,981 [INFO] DB ready: /Users/sterling/app/scally-tracker/data/inventory.db
2026-04-03 16:00:05,694 [INFO] Fetched 634 products from BSC
2026-04-03 16:00:06,369 [INFO] Categories: {'apparel': 143, 'caps': 373, 'other': 17, 'pins': 155}
2026-04-03 16:00:06,502 [INFO] ══ Poll complete ══

/Users/sterling/Library/Python/3.9/lib/python/site-packages/urllib3/__init__.py:35: NotOpenSSLWarning: urllib3 v2 only supports OpenSSL 1.1.1+, currently the 'ssl' module is compiled with 'LibreSSL 2.8.3'. See: https://github.com/urllib3/urllib3/issues/3020
  warnings.warn(
2026-04-03 16:30:04,015 [INFO] ══ Scally Tracker — 2026-04-03 04:30 PM CT ══
2026-04-03 16:30:04,017 [INFO] DB ready: /Users/sterling/app/scally-tracker/data/inventory.db
2026-04-03 16:30:05,641 [INFO] Fetched 634 products from BSC
2026-04-03 16:30:05,830 [INFO] Categories: {'apparel': 143, 'caps': 373, 'other': 17, 'pins': 155}
2026-04-03 16:30:05,965 [INFO] ══ Poll complete ══

/Users/sterling/Library/Python/3.9/lib/python/site-packages/urllib3/__init__.py:35: NotOpenSSLWarning: urllib3 v2 only supports OpenSSL 1.1.1+, currently the 'ssl' module is compiled with 'LibreSSL 2.8.3'. See: https://github.com/urllib3/urllib3/issues/3020
  warnings.warn(
2026-04-03 17:00:02,031 [INFO] ══ Scally Tracker — 2026-04-03 05:00 PM CT ══
2026-04-03 17:00:02,033 [INFO] DB ready: /Users/sterling/app/scally-tracker/data/inventory.db
2026-04-03 17:00:03,842 [INFO] Fetched 634 products from BSC
2026-04-03 17:00:04,528 [INFO] Categories: {'apparel': 143, 'caps': 373, 'other': 17, 'pins': 155}
2026-04-03 17:00:04,666 [INFO] ══ Poll complete ══

/Users/sterling/Library/Python/3.9/lib/python/site-packages/urllib3/__init__.py:35: NotOpenSSLWarning: urllib3 v2 only supports OpenSSL 1.1.1+, currently the 'ssl' module is compiled with 'LibreSSL 2.8.3'. See: https://github.com/urllib3/urllib3/issues/3020
  warnings.warn(
2026-04-03 17:30:01,976 [INFO] ══ Scally Tracker — 2026-04-03 05:30 PM CT ══
2026-04-03 17:30:01,978 [INFO] DB ready: /Users/sterling/app/scally-tracker/data/inventory.db
2026-04-03 17:30:03,915 [INFO] Fetched 634 products from BSC
2026-04-03 17:30:04,596 [INFO] Categories: {'apparel': 143, 'caps': 373, 'other': 17, 'pins': 155}
2026-04-03 17:30:04,720 [INFO] ══ Poll complete ══

/Users/sterling/Library/Python/3.9/lib/python/site-packages/urllib3/__init__.py:35: NotOpenSSLWarning: urllib3 v2 only supports OpenSSL 1.1.1+, currently the 'ssl' module is compiled with 'LibreSSL 2.8.3'. See: https://github.com/urllib3/urllib3/issues/3020
  warnings.warn(
2026-04-03 18:00:02,036 [INFO] ══ Scally Tracker — 2026-04-03 06:00 PM CT ══
2026-04-03 18:00:02,038 [INFO] DB ready: /Users/sterling/app/scally-tracker/data/inventory.db
2026-04-03 18:00:03,779 [INFO] Fetched 634 products from BSC
2026-04-03 18:00:04,473 [INFO] Categories: {'apparel': 143, 'caps': 373, 'other': 17, 'pins': 155}
2026-04-03 18:00:04,613 [INFO] ══ Poll complete ══

/Users/sterling/Library/Python/3.9/lib/python/site-packages/urllib3/__init__.py:35: NotOpenSSLWarning: urllib3 v2 only supports OpenSSL 1.1.1+, currently the 'ssl' module is compiled with 'LibreSSL 2.8.3'. See: https://github.com/urllib3/urllib3/issues/3020
  warnings.warn(
2026-04-03 18:30:03,950 [INFO] ══ Scally Tracker — 2026-04-03 06:30 PM CT ══
2026-04-03 18:30:03,953 [INFO] DB ready: /Users/sterling/app/scally-tracker/data/inventory.db
2026-04-03 18:30:05,625 [INFO] Fetched 634 products from BSC
2026-04-03 18:30:06,239 [INFO] Categories: {'apparel': 143, 'caps': 373, 'other': 17, 'pins': 155}
2026-04-03 18:30:06,358 [INFO] ══ Poll complete ══

/Users/sterling/Library/Python/3.9/lib/python/site-packages/urllib3/__init__.py:35: NotOpenSSLWarning: urllib3 v2 only supports OpenSSL 1.1.1+, currently the 'ssl' module is compiled with 'LibreSSL 2.8.3'. See: https://github.com/urllib3/urllib3/issues/3020
  warnings.warn(
2026-04-03 19:00:04,182 [INFO] ══ Scally Tracker — 2026-04-03 07:00 PM CT ══
2026-04-03 19:00:04,185 [INFO] DB ready: /Users/sterling/app/scally-tracker/data/inventory.db
2026-04-03 19:00:05,775 [INFO] Fetched 634 products from BSC
2026-04-03 19:00:06,450 [INFO] Categories: {'apparel': 143, 'caps': 373, 'other': 17, 'pins': 155}
2026-04-03 19:00:06,589 [INFO] ══ Poll complete ══

/Users/sterling/Library/Python/3.9/lib/python/site-packages/urllib3/__init__.py:35: NotOpenSSLWarning: urllib3 v2 only supports OpenSSL 1.1.1+, currently the 'ssl' module is compiled with 'LibreSSL 2.8.3'. See: https://github.com/urllib3/urllib3/issues/3020
  warnings.warn(
2026-04-04 07:00:05,229 [INFO] ══ Scally Tracker — 2026-04-04 07:00 AM CT ══
2026-04-04 07:00:05,232 [INFO] DB ready: /Users/sterling/app/scally-tracker/data/inventory.db
2026-04-04 07:00:06,793 [INFO] Fetched 634 products from BSC
2026-04-04 07:00:07,524 [INFO] Categories: {'apparel': 143, 'caps': 373, 'other': 17, 'pins': 155}
2026-04-04 07:00:07,663 [INFO] ══ Poll complete ══

/Users/sterling/Library/Python/3.9/lib/python/site-packages/urllib3/__init__.py:35: NotOpenSSLWarning: urllib3 v2 only supports OpenSSL 1.1.1+, currently the 'ssl' module is compiled with 'LibreSSL 2.8.3'. See: https://github.com/urllib3/urllib3/issues/3020
  warnings.warn(
2026-04-04 07:30:03,291 [INFO] ══ Scally Tracker — 2026-04-04 07:30 AM CT ══
2026-04-04 07:30:03,294 [INFO] DB ready: /Users/sterling/app/scally-tracker/data/inventory.db
2026-04-04 07:30:04,980 [INFO] Fetched 634 products from BSC
2026-04-04 07:30:05,673 [INFO] Categories: {'apparel': 143, 'caps': 373, 'other': 17, 'pins': 155}
2026-04-04 07:30:05,814 [INFO] ══ Poll complete ══

/Users/sterling/Library/Python/3.9/lib/python/site-packages/urllib3/__init__.py:35: NotOpenSSLWarning: urllib3 v2 only supports OpenSSL 1.1.1+, currently the 'ssl' module is compiled with 'LibreSSL 2.8.3'. See: https://github.com/urllib3/urllib3/issues/3020
  warnings.warn(
2026-04-04 08:00:06,071 [INFO] ══ Scally Tracker — 2026-04-04 08:00 AM CT ══
2026-04-04 08:00:06,074 [INFO] DB ready: /Users/sterling/app/scally-tracker/data/inventory.db
2026-04-04 08:00:07,769 [INFO] Fetched 634 products from BSC
2026-04-04 08:00:08,445 [INFO] Categories: {'apparel': 143, 'caps': 373, 'other': 17, 'pins': 155}
2026-04-04 08:00:08,577 [INFO] ══ Poll complete ══

/Users/sterling/Library/Python/3.9/lib/python/site-packages/urllib3/__init__.py:35: NotOpenSSLWarning: urllib3 v2 only supports OpenSSL 1.1.1+, currently the 'ssl' module is compiled with 'LibreSSL 2.8.3'. See: https://github.com/urllib3/urllib3/issues/3020
  warnings.warn(
2026-04-04 08:30:05,367 [INFO] ══ Scally Tracker — 2026-04-04 08:30 AM CT ══
2026-04-04 08:30:05,370 [INFO] DB ready: /Users/sterling/app/scally-tracker/data/inventory.db
2026-04-04 08:30:07,038 [INFO] Fetched 634 products from BSC
2026-04-04 08:30:07,721 [INFO] Categories: {'apparel': 143, 'caps': 373, 'other': 17, 'pins': 155}
2026-04-04 08:30:07,859 [INFO] ══ Poll complete ══

/Users/sterling/Library/Python/3.9/lib/python/site-packages/urllib3/__init__.py:35: NotOpenSSLWarning: urllib3 v2 only supports OpenSSL 1.1.1+, currently the 'ssl' module is compiled with 'LibreSSL 2.8.3'. See: https://github.com/urllib3/urllib3/issues/3020
  warnings.warn(
2026-04-04 09:00:01,355 [INFO] ══ Scally Tracker — 2026-04-04 09:00 AM CT ══
2026-04-04 09:00:01,358 [INFO] DB ready: /Users/sterling/app/scally-tracker/data/inventory.db
2026-04-04 09:00:03,147 [INFO] Fetched 634 products from BSC
2026-04-04 09:00:03,808 [INFO] Categories: {'apparel': 143, 'caps': 373, 'other': 17, 'pins': 155}
2026-04-04 09:00:03,939 [INFO] ══ Poll complete ══

/Users/sterling/Library/Python/3.9/lib/python/site-packages/urllib3/__init__.py:35: NotOpenSSLWarning: urllib3 v2 only supports OpenSSL 1.1.1+, currently the 'ssl' module is compiled with 'LibreSSL 2.8.3'. See: https://github.com/urllib3/urllib3/issues/3020
  warnings.warn(
2026-04-04 09:30:01,406 [INFO] ══ Scally Tracker — 2026-04-04 09:30 AM CT ══
2026-04-04 09:30:01,409 [INFO] DB ready: /Users/sterling/app/scally-tracker/data/inventory.db
2026-04-04 09:30:03,190 [INFO] Fetched 634 products from BSC
2026-04-04 09:30:03,867 [INFO] Categories: {'apparel': 143, 'caps': 373, 'other': 17, 'pins': 155}
2026-04-04 09:30:04,016 [INFO] ══ Poll complete ══

/Users/sterling/Library/Python/3.9/lib/python/site-packages/urllib3/__init__.py:35: NotOpenSSLWarning: urllib3 v2 only supports OpenSSL 1.1.1+, currently the 'ssl' module is compiled with 'LibreSSL 2.8.3'. See: https://github.com/urllib3/urllib3/issues/3020
  warnings.warn(
2026-04-04 10:00:01,388 [INFO] ══ Scally Tracker — 2026-04-04 10:00 AM CT ══
2026-04-04 10:00:01,391 [INFO] DB ready: /Users/sterling/app/scally-tracker/data/inventory.db
2026-04-04 10:00:02,933 [INFO] Fetched 634 products from BSC
2026-04-04 10:00:03,629 [INFO] Categories: {'apparel': 143, 'caps': 373, 'other': 17, 'pins': 155}
2026-04-04 10:00:03,765 [INFO] ══ Poll complete ══

/Users/sterling/Library/Python/3.9/lib/python/site-packages/urllib3/__init__.py:35: NotOpenSSLWarning: urllib3 v2 only supports OpenSSL 1.1.1+, currently the 'ssl' module is compiled with 'LibreSSL 2.8.3'. See: https://github.com/urllib3/urllib3/issues/3020
  warnings.warn(
2026-04-04 10:30:00,388 [INFO] ══ Scally Tracker — 2026-04-04 10:30 AM CT ══
2026-04-04 10:30:00,390 [INFO] DB ready: /Users/sterling/app/scally-tracker/data/inventory.db
2026-04-04 10:30:02,914 [INFO] Fetched 634 products from BSC
2026-04-04 10:30:03,594 [INFO] Categories: {'apparel': 143, 'caps': 373, 'other': 17, 'pins': 155}
2026-04-04 10:30:03,739 [INFO] ══ Poll complete ══

/Users/sterling/Library/Python/3.9/lib/python/site-packages/urllib3/__init__.py:35: NotOpenSSLWarning: urllib3 v2 only supports OpenSSL 1.1.1+, currently the 'ssl' module is compiled with 'LibreSSL 2.8.3'. See: https://github.com/urllib3/urllib3/issues/3020
  warnings.warn(
2026-04-04 11:00:02,330 [INFO] ══ Scally Tracker — 2026-04-04 11:00 AM CT ══
2026-04-04 11:00:02,332 [INFO] DB ready: /Users/sterling/app/scally-tracker/data/inventory.db
2026-04-04 11:00:03,825 [INFO] Fetched 634 products from BSC
2026-04-04 11:00:04,553 [INFO] Categories: {'apparel': 143, 'caps': 373, 'other': 17, 'pins': 155}
2026-04-04 11:00:04,698 [INFO] ══ Poll complete ══

/Users/sterling/Library/Python/3.9/lib/python/site-packages/urllib3/__init__.py:35: NotOpenSSLWarning: urllib3 v2 only supports OpenSSL 1.1.1+, currently the 'ssl' module is compiled with 'LibreSSL 2.8.3'. See: https://github.com/urllib3/urllib3/issues/3020
  warnings.warn(
2026-04-04 11:30:00,518 [INFO] ══ Scally Tracker — 2026-04-04 11:30 AM CT ══
2026-04-04 11:30:00,542 [INFO] DB ready: /Users/sterling/app/scally-tracker/data/inventory.db
2026-04-04 11:30:02,118 [INFO] Fetched 634 products from BSC
2026-04-04 11:30:02,803 [INFO] Categories: {'apparel': 143, 'caps': 373, 'other': 17, 'pins': 155}
2026-04-04 11:30:02,943 [INFO] ══ Poll complete ══

/Users/sterling/Library/Python/3.9/lib/python/site-packages/urllib3/__init__.py:35: NotOpenSSLWarning: urllib3 v2 only supports OpenSSL 1.1.1+, currently the 'ssl' module is compiled with 'LibreSSL 2.8.3'. See: https://github.com/urllib3/urllib3/issues/3020
  warnings.warn(
2026-04-04 12:00:05,421 [INFO] ══ Scally Tracker — 2026-04-04 12:00 PM CT ══
2026-04-04 12:00:05,423 [INFO] DB ready: /Users/sterling/app/scally-tracker/data/inventory.db
2026-04-04 12:00:07,171 [INFO] Fetched 634 products from BSC
2026-04-04 12:00:07,872 [INFO] Categories: {'apparel': 143, 'caps': 373, 'other': 17, 'pins': 155}
2026-04-04 12:00:08,010 [INFO] ══ Poll complete ══

/Users/sterling/Library/Python/3.9/lib/python/site-packages/urllib3/__init__.py:35: NotOpenSSLWarning: urllib3 v2 only supports OpenSSL 1.1.1+, currently the 'ssl' module is compiled with 'LibreSSL 2.8.3'. See: https://github.com/urllib3/urllib3/issues/3020
  warnings.warn(
2026-04-04 12:30:00,648 [INFO] ══ Scally Tracker — 2026-04-04 12:30 PM CT ══
2026-04-04 12:30:00,651 [INFO] DB ready: /Users/sterling/app/scally-tracker/data/inventory.db
2026-04-04 12:30:03,139 [INFO] Fetched 634 products from BSC
2026-04-04 12:30:03,815 [INFO] Categories: {'apparel': 143, 'caps': 373, 'other': 17, 'pins': 155}
2026-04-04 12:30:03,961 [INFO] ══ Poll complete ══

/Users/sterling/Library/Python/3.9/lib/python/site-packages/urllib3/__init__.py:35: NotOpenSSLWarning: urllib3 v2 only supports OpenSSL 1.1.1+, currently the 'ssl' module is compiled with 'LibreSSL 2.8.3'. See: https://github.com/urllib3/urllib3/issues/3020
  warnings.warn(
2026-04-04 13:00:01,659 [INFO] ══ Scally Tracker — 2026-04-04 01:00 PM CT ══
2026-04-04 13:00:01,662 [INFO] DB ready: /Users/sterling/app/scally-tracker/data/inventory.db
2026-04-04 13:00:03,450 [INFO] Fetched 634 products from BSC
2026-04-04 13:00:03,750 [INFO] Categories: {'apparel': 143, 'caps': 373, 'other': 17, 'pins': 155}
2026-04-04 13:00:03,912 [INFO] ══ Poll complete ══

/Users/sterling/Library/Python/3.9/lib/python/site-packages/urllib3/__init__.py:35: NotOpenSSLWarning: urllib3 v2 only supports OpenSSL 1.1.1+, currently the 'ssl' module is compiled with 'LibreSSL 2.8.3'. See: https://github.com/urllib3/urllib3/issues/3020
  warnings.warn(
2026-04-04 13:30:00,747 [INFO] ══ Scally Tracker — 2026-04-04 01:30 PM CT ══
2026-04-04 13:30:00,750 [INFO] DB ready: /Users/sterling/app/scally-tracker/data/inventory.db
2026-04-04 13:30:02,465 [INFO] Fetched 634 products from BSC
2026-04-04 13:30:03,150 [INFO] Categories: {'apparel': 143, 'caps': 373, 'other': 17, 'pins': 155}
2026-04-04 13:30:03,302 [INFO] ══ Poll complete ══

/Users/sterling/Library/Python/3.9/lib/python/site-packages/urllib3/__init__.py:35: NotOpenSSLWarning: urllib3 v2 only supports OpenSSL 1.1.1+, currently the 'ssl' module is compiled with 'LibreSSL 2.8.3'. See: https://github.com/urllib3/urllib3/issues/3020
  warnings.warn(
2026-04-04 14:00:05,551 [INFO] ══ Scally Tracker — 2026-04-04 02:00 PM CT ══
2026-04-04 14:00:05,554 [INFO] DB ready: /Users/sterling/app/scally-tracker/data/inventory.db
2026-04-04 14:00:07,183 [INFO] Fetched 634 products from BSC
2026-04-04 14:00:07,900 [INFO] Categories: {'apparel': 143, 'caps': 373, 'other': 17, 'pins': 155}
2026-04-04 14:00:08,765 [INFO] ══ Poll complete ══

/Users/sterling/Library/Python/3.9/lib/python/site-packages/urllib3/__init__.py:35: NotOpenSSLWarning: urllib3 v2 only supports OpenSSL 1.1.1+, currently the 'ssl' module is compiled with 'LibreSSL 2.8.3'. See: https://github.com/urllib3/urllib3/issues/3020
  warnings.warn(
2026-04-04 14:30:01,833 [INFO] ══ Scally Tracker — 2026-04-04 02:30 PM CT ══
2026-04-04 14:30:01,837 [INFO] DB ready: /Users/sterling/app/scally-tracker/data/inventory.db
2026-04-04 14:30:03,466 [INFO] Fetched 634 products from BSC
2026-04-04 14:30:04,171 [INFO] Categories: {'apparel': 143, 'caps': 373, 'other': 17, 'pins': 155}
2026-04-04 14:30:04,312 [INFO] ══ Poll complete ══

/Users/sterling/Library/Python/3.9/lib/python/site-packages/urllib3/__init__.py:35: NotOpenSSLWarning: urllib3 v2 only supports OpenSSL 1.1.1+, currently the 'ssl' module is compiled with 'LibreSSL 2.8.3'. See: https://github.com/urllib3/urllib3/issues/3020
  warnings.warn(
2026-04-04 15:00:01,866 [INFO] ══ Scally Tracker — 2026-04-04 03:00 PM CT ══
2026-04-04 15:00:01,870 [INFO] DB ready: /Users/sterling/app/scally-tracker/data/inventory.db
2026-04-04 15:00:03,742 [INFO] Fetched 634 products from BSC
2026-04-04 15:00:04,453 [INFO] Categories: {'apparel': 143, 'caps': 373, 'other': 17, 'pins': 155}
2026-04-04 15:00:04,599 [INFO] ══ Poll complete ══

/Users/sterling/Library/Python/3.9/lib/python/site-packages/urllib3/__init__.py:35: NotOpenSSLWarning: urllib3 v2 only supports OpenSSL 1.1.1+, currently the 'ssl' module is compiled with 'LibreSSL 2.8.3'. See: https://github.com/urllib3/urllib3/issues/3020
  warnings.warn(
2026-04-04 15:30:04,752 [INFO] ══ Scally Tracker — 2026-04-04 03:30 PM CT ══
2026-04-04 15:30:04,754 [INFO] DB ready: /Users/sterling/app/scally-tracker/data/inventory.db
2026-04-04 15:30:06,430 [INFO] Fetched 634 products from BSC
2026-04-04 15:30:07,060 [INFO] Categories: {'apparel': 143, 'caps': 373, 'other': 17, 'pins': 155}
2026-04-04 15:30:07,191 [INFO] ══ Poll complete ══

/Users/sterling/Library/Python/3.9/lib/python/site-packages/urllib3/__init__.py:35: NotOpenSSLWarning: urllib3 v2 only supports OpenSSL 1.1.1+, currently the 'ssl' module is compiled with 'LibreSSL 2.8.3'. See: https://github.com/urllib3/urllib3/issues/3020
  warnings.warn(
2026-04-04 16:00:05,662 [INFO] ══ Scally Tracker — 2026-04-04 04:00 PM CT ══
2026-04-04 16:00:05,664 [INFO] DB ready: /Users/sterling/app/scally-tracker/data/inventory.db
2026-04-04 16:00:07,503 [INFO] Fetched 634 products from BSC
2026-04-04 16:00:08,201 [INFO] Categories: {'apparel': 143, 'caps': 373, 'other': 17, 'pins': 155}
2026-04-04 16:00:08,341 [INFO] ══ Poll complete ══

/Users/sterling/Library/Python/3.9/lib/python/site-packages/urllib3/__init__.py:35: NotOpenSSLWarning: urllib3 v2 only supports OpenSSL 1.1.1+, currently the 'ssl' module is compiled with 'LibreSSL 2.8.3'. See: https://github.com/urllib3/urllib3/issues/3020
  warnings.warn(
2026-04-04 16:30:05,666 [INFO] ══ Scally Tracker — 2026-04-04 04:30 PM CT ══
2026-04-04 16:30:05,669 [INFO] DB ready: /Users/sterling/app/scally-tracker/data/inventory.db
2026-04-04 16:30:07,527 [INFO] Fetched 634 products from BSC
2026-04-04 16:30:08,176 [INFO] Categories: {'apparel': 143, 'caps': 373, 'other': 17, 'pins': 155}
2026-04-04 16:30:08,293 [INFO] ══ Poll complete ══

/Users/sterling/Library/Python/3.9/lib/python/site-packages/urllib3/__init__.py:35: NotOpenSSLWarning: urllib3 v2 only supports OpenSSL 1.1.1+, currently the 'ssl' module is compiled with 'LibreSSL 2.8.3'. See: https://github.com/urllib3/urllib3/issues/3020
  warnings.warn(
2026-04-04 17:00:05,675 [INFO] ══ Scally Tracker — 2026-04-04 05:00 PM CT ══
2026-04-04 17:00:05,678 [INFO] DB ready: /Users/sterling/app/scally-tracker/data/inventory.db
2026-04-04 17:00:06,601 [ERROR] Fetch error page 2: 503 Server Error: Service Unavailable for url: https://bostonscally.com/products.json?limit=250&page=2
2026-04-04 17:00:06,601 [INFO] Fetched 250 products from BSC
2026-04-04 17:00:06,898 [INFO] Categories: {'apparel': 143, 'caps': 373, 'other': 17, 'pins': 155}
2026-04-04 17:00:06,979 [INFO] ══ Poll complete ══

/Users/sterling/Library/Python/3.9/lib/python/site-packages/urllib3/__init__.py:35: NotOpenSSLWarning: urllib3 v2 only supports OpenSSL 1.1.1+, currently the 'ssl' module is compiled with 'LibreSSL 2.8.3'. See: https://github.com/urllib3/urllib3/issues/3020
  warnings.warn(
2026-04-04 17:30:05,664 [INFO] ══ Scally Tracker — 2026-04-04 05:30 PM CT ══
2026-04-04 17:30:05,666 [INFO] DB ready: /Users/sterling/app/scally-tracker/data/inventory.db
2026-04-04 17:30:07,279 [INFO] Fetched 634 products from BSC
2026-04-04 17:30:07,948 [INFO] Categories: {'apparel': 143, 'caps': 373, 'other': 17, 'pins': 155}
2026-04-04 17:30:08,088 [INFO] ══ Poll complete ══

/Users/sterling/Library/Python/3.9/lib/python/site-packages/urllib3/__init__.py:35: NotOpenSSLWarning: urllib3 v2 only supports OpenSSL 1.1.1+, currently the 'ssl' module is compiled with 'LibreSSL 2.8.3'. See: https://github.com/urllib3/urllib3/issues/3020
  warnings.warn(
2026-04-04 18:00:05,675 [INFO] ══ Scally Tracker — 2026-04-04 06:00 PM CT ══
2026-04-04 18:00:05,677 [INFO] DB ready: /Users/sterling/app/scally-tracker/data/inventory.db
2026-04-04 18:00:07,531 [INFO] Fetched 634 products from BSC
2026-04-04 18:00:08,220 [INFO] Categories: {'apparel': 143, 'caps': 373, 'other': 17, 'pins': 155}
2026-04-04 18:00:08,355 [INFO] ══ Poll complete ══

/Users/sterling/Library/Python/3.9/lib/python/site-packages/urllib3/__init__.py:35: NotOpenSSLWarning: urllib3 v2 only supports OpenSSL 1.1.1+, currently the 'ssl' module is compiled with 'LibreSSL 2.8.3'. See: https://github.com/urllib3/urllib3/issues/3020
  warnings.warn(
2026-04-04 18:30:05,676 [INFO] ══ Scally Tracker — 2026-04-04 06:30 PM CT ══
2026-04-04 18:30:05,679 [INFO] DB ready: /Users/sterling/app/scally-tracker/data/inventory.db
2026-04-04 18:30:07,249 [INFO] Fetched 634 products from BSC
2026-04-04 18:30:07,933 [INFO] Categories: {'apparel': 143, 'caps': 373, 'other': 17, 'pins': 155}
2026-04-04 18:30:08,073 [INFO] ══ Poll complete ══

/Users/sterling/Library/Python/3.9/lib/python/site-packages/urllib3/__init__.py:35: NotOpenSSLWarning: urllib3 v2 only supports OpenSSL 1.1.1+, currently the 'ssl' module is compiled with 'LibreSSL 2.8.3'. See: https://github.com/urllib3/urllib3/issues/3020
  warnings.warn(
2026-04-04 19:00:05,748 [INFO] ══ Scally Tracker — 2026-04-04 07:00 PM CT ══
2026-04-04 19:00:05,750 [INFO] DB ready: /Users/sterling/app/scally-tracker/data/inventory.db
2026-04-04 19:00:07,510 [INFO] Fetched 634 products from BSC
2026-04-04 19:00:08,231 [INFO] Categories: {'apparel': 143, 'caps': 373, 'other': 17, 'pins': 155}
2026-04-04 19:00:08,366 [INFO] ══ Poll complete ══

/Users/sterling/Library/Python/3.9/lib/python/site-packages/urllib3/__init__.py:35: NotOpenSSLWarning: urllib3 v2 only supports OpenSSL 1.1.1+, currently the 'ssl' module is compiled with 'LibreSSL 2.8.3'. See: https://github.com/urllib3/urllib3/issues/3020
  warnings.warn(
2026-04-05 07:00:05,781 [INFO] ══ Scally Tracker — 2026-04-05 07:00 AM CT ══
2026-04-05 07:00:05,784 [INFO] DB ready: /Users/sterling/app/scally-tracker/data/inventory.db
2026-04-05 07:00:07,455 [INFO] Fetched 634 products from BSC
2026-04-05 07:00:08,205 [INFO] Categories: {'apparel': 143, 'caps': 373, 'other': 17, 'pins': 155}
2026-04-05 07:00:08,347 [INFO] ══ Poll complete ══

/Users/sterling/Library/Python/3.9/lib/python/site-packages/urllib3/__init__.py:35: NotOpenSSLWarning: urllib3 v2 only supports OpenSSL 1.1.1+, currently the 'ssl' module is compiled with 'LibreSSL 2.8.3'. See: https://github.com/urllib3/urllib3/issues/3020
  warnings.warn(
2026-04-05 07:30:01,053 [INFO] ══ Scally Tracker — 2026-04-05 07:30 AM CT ══
2026-04-05 07:30:01,056 [INFO] DB ready: /Users/sterling/app/scally-tracker/data/inventory.db
2026-04-05 07:30:02,850 [INFO] Fetched 634 products from BSC
2026-04-05 07:30:03,518 [INFO] Categories: {'apparel': 143, 'caps': 373, 'other': 17, 'pins': 155}
2026-04-05 07:30:03,661 [INFO] ══ Poll complete ══

/Users/sterling/Library/Python/3.9/lib/python/site-packages/urllib3/__init__.py:35: NotOpenSSLWarning: urllib3 v2 only supports OpenSSL 1.1.1+, currently the 'ssl' module is compiled with 'LibreSSL 2.8.3'. See: https://github.com/urllib3/urllib3/issues/3020
  warnings.warn(
2026-04-05 08:00:05,680 [INFO] ══ Scally Tracker — 2026-04-05 08:00 AM CT ══
2026-04-05 08:00:05,682 [INFO] DB ready: /Users/sterling/app/scally-tracker/data/inventory.db
2026-04-05 08:00:07,352 [INFO] Fetched 634 products from BSC
2026-04-05 08:00:08,053 [INFO] Categories: {'apparel': 143, 'caps': 373, 'other': 17, 'pins': 155}
2026-04-05 08:00:08,196 [INFO] ══ Poll complete ══

/Users/sterling/Library/Python/3.9/lib/python/site-packages/urllib3/__init__.py:35: NotOpenSSLWarning: urllib3 v2 only supports OpenSSL 1.1.1+, currently the 'ssl' module is compiled with 'LibreSSL 2.8.3'. See: https://github.com/urllib3/urllib3/issues/3020
  warnings.warn(
2026-04-05 08:30:05,771 [INFO] ══ Scally Tracker — 2026-04-05 08:30 AM CT ══
2026-04-05 08:30:05,774 [INFO] DB ready: /Users/sterling/app/scally-tracker/data/inventory.db
2026-04-05 08:30:07,702 [INFO] Fetched 634 products from BSC
2026-04-05 08:30:08,387 [INFO] Categories: {'apparel': 143, 'caps': 373, 'other': 17, 'pins': 155}
2026-04-05 08:30:08,520 [INFO] ══ Poll complete ══

/Users/sterling/Library/Python/3.9/lib/python/site-packages/urllib3/__init__.py:35: NotOpenSSLWarning: urllib3 v2 only supports OpenSSL 1.1.1+, currently the 'ssl' module is compiled with 'LibreSSL 2.8.3'. See: https://github.com/urllib3/urllib3/issues/3020
  warnings.warn(
2026-04-05 09:00:05,678 [INFO] ══ Scally Tracker — 2026-04-05 09:00 AM CT ══
2026-04-05 09:00:05,680 [INFO] DB ready: /Users/sterling/app/scally-tracker/data/inventory.db
2026-04-05 09:00:07,573 [INFO] Fetched 634 products from BSC
2026-04-05 09:00:08,226 [INFO] Categories: {'apparel': 143, 'caps': 373, 'other': 17, 'pins': 155}
2026-04-05 09:00:08,357 [INFO] ══ Poll complete ══

/Users/sterling/Library/Python/3.9/lib/python/site-packages/urllib3/__init__.py:35: NotOpenSSLWarning: urllib3 v2 only supports OpenSSL 1.1.1+, currently the 'ssl' module is compiled with 'LibreSSL 2.8.3'. See: https://github.com/urllib3/urllib3/issues/3020
  warnings.warn(
2026-04-05 09:30:05,680 [INFO] ══ Scally Tracker — 2026-04-05 09:30 AM CT ══
2026-04-05 09:30:05,682 [INFO] DB ready: /Users/sterling/app/scally-tracker/data/inventory.db
2026-04-05 09:30:07,361 [INFO] Fetched 634 products from BSC
2026-04-05 09:30:08,028 [INFO] Categories: {'apparel': 143, 'caps': 373, 'other': 17, 'pins': 155}
2026-04-05 09:30:08,163 [INFO] ══ Poll complete ══

/Users/sterling/Library/Python/3.9/lib/python/site-packages/urllib3/__init__.py:35: NotOpenSSLWarning: urllib3 v2 only supports OpenSSL 1.1.1+, currently the 'ssl' module is compiled with 'LibreSSL 2.8.3'. See: https://github.com/urllib3/urllib3/issues/3020
  warnings.warn(
2026-04-05 10:00:05,679 [INFO] ══ Scally Tracker — 2026-04-05 10:00 AM CT ══
2026-04-05 10:00:05,681 [INFO] DB ready: /Users/sterling/app/scally-tracker/data/inventory.db
2026-04-05 10:00:07,247 [INFO] Fetched 634 products from BSC
2026-04-05 10:00:07,939 [INFO] Categories: {'apparel': 143, 'caps': 373, 'other': 17, 'pins': 155}
2026-04-05 10:00:08,021 [INFO] ══ Poll complete ══

/Users/sterling/Library/Python/3.9/lib/python/site-packages/urllib3/__init__.py:35: NotOpenSSLWarning: urllib3 v2 only supports OpenSSL 1.1.1+, currently the 'ssl' module is compiled with 'LibreSSL 2.8.3'. See: https://github.com/urllib3/urllib3/issues/3020
  warnings.warn(
2026-04-05 10:30:05,789 [INFO] ══ Scally Tracker — 2026-04-05 10:30 AM CT ══
2026-04-05 10:30:05,792 [INFO] DB ready: /Users/sterling/app/scally-tracker/data/inventory.db
2026-04-05 10:30:07,598 [INFO] Fetched 634 products from BSC
2026-04-05 10:30:08,251 [INFO] Categories: {'apparel': 143, 'caps': 373, 'other': 17, 'pins': 155}
2026-04-05 10:30:08,382 [INFO] ══ Poll complete ══

/Users/sterling/Library/Python/3.9/lib/python/site-packages/urllib3/__init__.py:35: NotOpenSSLWarning: urllib3 v2 only supports OpenSSL 1.1.1+, currently the 'ssl' module is compiled with 'LibreSSL 2.8.3'. See: https://github.com/urllib3/urllib3/issues/3020
  warnings.warn(
2026-04-05 11:00:05,771 [INFO] ══ Scally Tracker — 2026-04-05 11:00 AM CT ══
2026-04-05 11:00:05,774 [INFO] DB ready: /Users/sterling/app/scally-tracker/data/inventory.db
2026-04-05 11:00:07,478 [INFO] Fetched 634 products from BSC
2026-04-05 11:00:08,132 [INFO] Categories: {'apparel': 143, 'caps': 373, 'other': 17, 'pins': 155}
2026-04-05 11:00:08,269 [INFO] ══ Poll complete ══

/Users/sterling/Library/Python/3.9/lib/python/site-packages/urllib3/__init__.py:35: NotOpenSSLWarning: urllib3 v2 only supports OpenSSL 1.1.1+, currently the 'ssl' module is compiled with 'LibreSSL 2.8.3'. See: https://github.com/urllib3/urllib3/issues/3020
  warnings.warn(
2026-04-05 11:30:02,760 [INFO] ══ Scally Tracker — 2026-04-05 11:30 AM CT ══
2026-04-05 11:30:02,763 [INFO] DB ready: /Users/sterling/app/scally-tracker/data/inventory.db
2026-04-05 11:30:04,386 [INFO] Fetched 634 products from BSC
2026-04-05 11:30:05,030 [INFO] Categories: {'apparel': 143, 'caps': 373, 'other': 17, 'pins': 155}
2026-04-05 11:30:05,155 [INFO] ══ Poll complete ══

/Users/sterling/Library/Python/3.9/lib/python/site-packages/urllib3/__init__.py:35: NotOpenSSLWarning: urllib3 v2 only supports OpenSSL 1.1.1+, currently the 'ssl' module is compiled with 'LibreSSL 2.8.3'. See: https://github.com/urllib3/urllib3/issues/3020
  warnings.warn(
2026-04-05 12:00:05,758 [INFO] ══ Scally Tracker — 2026-04-05 12:00 PM CT ══
2026-04-05 12:00:05,761 [INFO] DB ready: /Users/sterling/app/scally-tracker/data/inventory.db
2026-04-05 12:00:07,545 [INFO] Fetched 634 products from BSC
2026-04-05 12:00:08,204 [INFO] Categories: {'apparel': 143, 'caps': 373, 'other': 17, 'pins': 155}
2026-04-05 12:00:08,339 [INFO] ══ Poll complete ══

/Users/sterling/Library/Python/3.9/lib/python/site-packages/urllib3/__init__.py:35: NotOpenSSLWarning: urllib3 v2 only supports OpenSSL 1.1.1+, currently the 'ssl' module is compiled with 'LibreSSL 2.8.3'. See: https://github.com/urllib3/urllib3/issues/3020
  warnings.warn(
2026-04-05 12:30:05,664 [INFO] ══ Scally Tracker — 2026-04-05 12:30 PM CT ══
2026-04-05 12:30:05,667 [INFO] DB ready: /Users/sterling/app/scally-tracker/data/inventory.db
2026-04-05 12:30:07,367 [INFO] Fetched 634 products from BSC
2026-04-05 12:30:08,003 [INFO] Categories: {'apparel': 143, 'caps': 373, 'other': 17, 'pins': 155}
2026-04-05 12:30:08,129 [INFO] ══ Poll complete ══

/Users/sterling/Library/Python/3.9/lib/python/site-packages/urllib3/__init__.py:35: NotOpenSSLWarning: urllib3 v2 only supports OpenSSL 1.1.1+, currently the 'ssl' module is compiled with 'LibreSSL 2.8.3'. See: https://github.com/urllib3/urllib3/issues/3020
  warnings.warn(
2026-04-05 13:00:05,707 [INFO] ══ Scally Tracker — 2026-04-05 01:00 PM CT ══
2026-04-05 13:00:05,710 [INFO] DB ready: /Users/sterling/app/scally-tracker/data/inventory.db
2026-04-05 13:00:07,489 [INFO] Fetched 634 products from BSC
2026-04-05 13:00:08,130 [INFO] Categories: {'apparel': 143, 'caps': 373, 'other': 17, 'pins': 155}
2026-04-05 13:00:08,258 [INFO] ══ Poll complete ══

/Users/sterling/Library/Python/3.9/lib/python/site-packages/urllib3/__init__.py:35: NotOpenSSLWarning: urllib3 v2 only supports OpenSSL 1.1.1+, currently the 'ssl' module is compiled with 'LibreSSL 2.8.3'. See: https://github.com/urllib3/urllib3/issues/3020
  warnings.warn(
2026-04-05 13:30:05,675 [INFO] ══ Scally Tracker — 2026-04-05 01:30 PM CT ══
2026-04-05 13:30:05,677 [INFO] DB ready: /Users/sterling/app/scally-tracker/data/inventory.db
2026-04-05 13:30:07,512 [INFO] Fetched 634 products from BSC
2026-04-05 13:30:08,140 [INFO] Categories: {'apparel': 143, 'caps': 373, 'other': 17, 'pins': 155}
2026-04-05 13:30:08,244 [INFO] ══ Poll complete ══

/Users/sterling/Library/Python/3.9/lib/python/site-packages/urllib3/__init__.py:35: NotOpenSSLWarning: urllib3 v2 only supports OpenSSL 1.1.1+, currently the 'ssl' module is compiled with 'LibreSSL 2.8.3'. See: https://github.com/urllib3/urllib3/issues/3020
  warnings.warn(
2026-04-05 14:00:05,764 [INFO] ══ Scally Tracker — 2026-04-05 02:00 PM CT ══
2026-04-05 14:00:05,767 [INFO] DB ready: /Users/sterling/app/scally-tracker/data/inventory.db
2026-04-05 14:00:07,527 [INFO] Fetched 634 products from BSC
2026-04-05 14:00:08,174 [INFO] Categories: {'apparel': 143, 'caps': 373, 'other': 17, 'pins': 155}
2026-04-05 14:00:08,279 [INFO] ══ Poll complete ══

/Users/sterling/Library/Python/3.9/lib/python/site-packages/urllib3/__init__.py:35: NotOpenSSLWarning: urllib3 v2 only supports OpenSSL 1.1.1+, currently the 'ssl' module is compiled with 'LibreSSL 2.8.3'. See: https://github.com/urllib3/urllib3/issues/3020
  warnings.warn(
2026-04-05 14:30:05,670 [INFO] ══ Scally Tracker — 2026-04-05 02:30 PM CT ══
2026-04-05 14:30:05,672 [INFO] DB ready: /Users/sterling/app/scally-tracker/data/inventory.db
2026-04-05 14:30:07,338 [INFO] Fetched 634 products from BSC
2026-04-05 14:30:07,964 [INFO] Categories: {'apparel': 143, 'caps': 373, 'other': 17, 'pins': 155}
2026-04-05 14:30:08,090 [INFO] ══ Poll complete ══

/Users/sterling/Library/Python/3.9/lib/python/site-packages/urllib3/__init__.py:35: NotOpenSSLWarning: urllib3 v2 only supports OpenSSL 1.1.1+, currently the 'ssl' module is compiled with 'LibreSSL 2.8.3'. See: https://github.com/urllib3/urllib3/issues/3020
  warnings.warn(
2026-04-05 15:00:05,675 [INFO] ══ Scally Tracker — 2026-04-05 03:00 PM CT ══
2026-04-05 15:00:05,678 [INFO] DB ready: /Users/sterling/app/scally-tracker/data/inventory.db
2026-04-05 15:00:07,852 [INFO] Fetched 634 products from BSC
2026-04-05 15:00:09,264 [INFO] Categories: {'apparel': 143, 'caps': 373, 'other': 17, 'pins': 155}
2026-04-05 15:00:09,390 [INFO] ══ Poll complete ══

/Users/sterling/Library/Python/3.9/lib/python/site-packages/urllib3/__init__.py:35: NotOpenSSLWarning: urllib3 v2 only supports OpenSSL 1.1.1+, currently the 'ssl' module is compiled with 'LibreSSL 2.8.3'. See: https://github.com/urllib3/urllib3/issues/3020
  warnings.warn(
2026-04-05 15:30:00,742 [INFO] ══ Scally Tracker — 2026-04-05 03:30 PM CT ══
2026-04-05 15:30:00,744 [INFO] DB ready: /Users/sterling/app/scally-tracker/data/inventory.db
2026-04-05 15:30:02,359 [INFO] Fetched 634 products from BSC
2026-04-05 15:30:02,986 [INFO] Categories: {'apparel': 143, 'caps': 373, 'other': 17, 'pins': 155}
2026-04-05 15:30:03,113 [INFO] ══ Poll complete ══

/Users/sterling/Library/Python/3.9/lib/python/site-packages/urllib3/__init__.py:35: NotOpenSSLWarning: urllib3 v2 only supports OpenSSL 1.1.1+, currently the 'ssl' module is compiled with 'LibreSSL 2.8.3'. See: https://github.com/urllib3/urllib3/issues/3020
  warnings.warn(
2026-04-05 16:00:02,668 [INFO] ══ Scally Tracker — 2026-04-05 04:00 PM CT ══
2026-04-05 16:00:02,671 [INFO] DB ready: /Users/sterling/app/scally-tracker/data/inventory.db
2026-04-05 16:00:04,346 [INFO] Fetched 634 products from BSC
2026-04-05 16:00:04,948 [INFO] Categories: {'apparel': 143, 'caps': 373, 'other': 17, 'pins': 155}
2026-04-05 16:00:05,070 [INFO] ══ Poll complete ══

/Users/sterling/Library/Python/3.9/lib/python/site-packages/urllib3/__init__.py:35: NotOpenSSLWarning: urllib3 v2 only supports OpenSSL 1.1.1+, currently the 'ssl' module is compiled with 'LibreSSL 2.8.3'. See: https://github.com/urllib3/urllib3/issues/3020
  warnings.warn(
2026-04-05 16:30:05,678 [INFO] ══ Scally Tracker — 2026-04-05 04:30 PM CT ══
2026-04-05 16:30:05,680 [INFO] DB ready: /Users/sterling/app/scally-tracker/data/inventory.db
2026-04-05 16:30:07,383 [INFO] Fetched 634 products from BSC
2026-04-05 16:30:08,010 [INFO] Categories: {'apparel': 143, 'caps': 373, 'other': 17, 'pins': 155}
2026-04-05 16:30:08,136 [INFO] ══ Poll complete ══

/Users/sterling/Library/Python/3.9/lib/python/site-packages/urllib3/__init__.py:35: NotOpenSSLWarning: urllib3 v2 only supports OpenSSL 1.1.1+, currently the 'ssl' module is compiled with 'LibreSSL 2.8.3'. See: https://github.com/urllib3/urllib3/issues/3020
  warnings.warn(
2026-04-05 17:00:02,675 [INFO] ══ Scally Tracker — 2026-04-05 05:00 PM CT ══
2026-04-05 17:00:02,677 [INFO] DB ready: /Users/sterling/app/scally-tracker/data/inventory.db
2026-04-05 17:00:04,385 [INFO] Fetched 634 products from BSC
2026-04-05 17:00:04,996 [INFO] Categories: {'apparel': 143, 'caps': 373, 'other': 17, 'pins': 155}
2026-04-05 17:00:05,118 [INFO] ══ Poll complete ══

/Users/sterling/Library/Python/3.9/lib/python/site-packages/urllib3/__init__.py:35: NotOpenSSLWarning: urllib3 v2 only supports OpenSSL 1.1.1+, currently the 'ssl' module is compiled with 'LibreSSL 2.8.3'. See: https://github.com/urllib3/urllib3/issues/3020
  warnings.warn(
2026-04-05 17:30:05,669 [INFO] ══ Scally Tracker — 2026-04-05 05:30 PM CT ══
2026-04-05 17:30:05,671 [INFO] DB ready: /Users/sterling/app/scally-tracker/data/inventory.db
2026-04-05 17:30:07,399 [INFO] Fetched 634 products from BSC
2026-04-05 17:30:08,023 [INFO] Categories: {'apparel': 143, 'caps': 373, 'other': 17, 'pins': 155}
2026-04-05 17:30:08,146 [INFO] ══ Poll complete ══

/Users/sterling/Library/Python/3.9/lib/python/site-packages/urllib3/__init__.py:35: NotOpenSSLWarning: urllib3 v2 only supports OpenSSL 1.1.1+, currently the 'ssl' module is compiled with 'LibreSSL 2.8.3'. See: https://github.com/urllib3/urllib3/issues/3020
  warnings.warn(
2026-04-05 18:00:05,762 [INFO] ══ Scally Tracker — 2026-04-05 06:00 PM CT ══
2026-04-05 18:00:05,765 [INFO] DB ready: /Users/sterling/app/scally-tracker/data/inventory.db
2026-04-05 18:00:07,679 [INFO] Fetched 634 products from BSC
2026-04-05 18:00:08,289 [INFO] Categories: {'apparel': 143, 'caps': 373, 'other': 17, 'pins': 155}
2026-04-05 18:00:08,410 [INFO] ══ Poll complete ══

/Users/sterling/Library/Python/3.9/lib/python/site-packages/urllib3/__init__.py:35: NotOpenSSLWarning: urllib3 v2 only supports OpenSSL 1.1.1+, currently the 'ssl' module is compiled with 'LibreSSL 2.8.3'. See: https://github.com/urllib3/urllib3/issues/3020
  warnings.warn(
2026-04-05 18:30:05,674 [INFO] ══ Scally Tracker — 2026-04-05 06:30 PM CT ══
2026-04-05 18:30:05,676 [INFO] DB ready: /Users/sterling/app/scally-tracker/data/inventory.db
2026-04-05 18:30:07,550 [INFO] Fetched 634 products from BSC
2026-04-05 18:30:08,144 [INFO] Categories: {'apparel': 143, 'caps': 373, 'other': 17, 'pins': 155}
2026-04-05 18:30:08,261 [INFO] ══ Poll complete ══

/Users/sterling/Library/Python/3.9/lib/python/site-packages/urllib3/__init__.py:35: NotOpenSSLWarning: urllib3 v2 only supports OpenSSL 1.1.1+, currently the 'ssl' module is compiled with 'LibreSSL 2.8.3'. See: https://github.com/urllib3/urllib3/issues/3020
  warnings.warn(
2026-04-05 19:00:05,676 [INFO] ══ Scally Tracker — 2026-04-05 07:00 PM CT ══
2026-04-05 19:00:05,680 [INFO] DB ready: /Users/sterling/app/scally-tracker/data/inventory.db
2026-04-05 19:00:07,199 [INFO] Fetched 634 products from BSC
2026-04-05 19:00:07,806 [INFO] Categories: {'apparel': 143, 'caps': 373, 'other': 17, 'pins': 155}
2026-04-05 19:00:07,926 [INFO] ══ Poll complete ══

/Users/sterling/Library/Python/3.9/lib/python/site-packages/urllib3/__init__.py:35: NotOpenSSLWarning: urllib3 v2 only supports OpenSSL 1.1.1+, currently the 'ssl' module is compiled with 'LibreSSL 2.8.3'. See: https://github.com/urllib3/urllib3/issues/3020
  warnings.warn(
2026-04-06 07:00:03,346 [INFO] ══ Scally Tracker — 2026-04-06 07:00 AM CT ══
2026-04-06 07:00:03,350 [INFO] DB ready: /Users/sterling/app/scally-tracker/data/inventory.db
2026-04-06 07:00:05,021 [INFO] Fetched 634 products from BSC
2026-04-06 07:00:05,677 [INFO] Categories: {'apparel': 143, 'caps': 373, 'other': 17, 'pins': 155}
2026-04-06 07:00:05,797 [INFO] ══ Poll complete ══

/Users/sterling/Library/Python/3.9/lib/python/site-packages/urllib3/__init__.py:35: NotOpenSSLWarning: urllib3 v2 only supports OpenSSL 1.1.1+, currently the 'ssl' module is compiled with 'LibreSSL 2.8.3'. See: https://github.com/urllib3/urllib3/issues/3020
  warnings.warn(
2026-04-06 07:30:02,382 [INFO] ══ Scally Tracker — 2026-04-06 07:30 AM CT ══
2026-04-06 07:30:02,385 [INFO] DB ready: /Users/sterling/app/scally-tracker/data/inventory.db
2026-04-06 07:30:04,271 [INFO] Fetched 634 products from BSC
2026-04-06 07:30:04,880 [INFO] Categories: {'apparel': 143, 'caps': 373, 'other': 17, 'pins': 155}
2026-04-06 07:30:04,993 [INFO] ══ Poll complete ══

/Users/sterling/Library/Python/3.9/lib/python/site-packages/urllib3/__init__.py:35: NotOpenSSLWarning: urllib3 v2 only supports OpenSSL 1.1.1+, currently the 'ssl' module is compiled with 'LibreSSL 2.8.3'. See: https://github.com/urllib3/urllib3/issues/3020
  warnings.warn(
2026-04-06 08:00:04,981 [INFO] ══ Scally Tracker — 2026-04-06 08:00 AM CT ══
2026-04-06 08:00:04,984 [INFO] DB ready: /Users/sterling/app/scally-tracker/data/inventory.db
2026-04-06 08:00:07,000 [INFO] Fetched 634 products from BSC
2026-04-06 08:00:07,640 [INFO] Categories: {'apparel': 143, 'caps': 373, 'other': 17, 'pins': 155}
2026-04-06 08:00:07,746 [INFO] ══ Poll complete ══

/Users/sterling/Library/Python/3.9/lib/python/site-packages/urllib3/__init__.py:35: NotOpenSSLWarning: urllib3 v2 only supports OpenSSL 1.1.1+, currently the 'ssl' module is compiled with 'LibreSSL 2.8.3'. See: https://github.com/urllib3/urllib3/issues/3020
  warnings.warn(
2026-04-06 08:30:05,553 [INFO] ══ Scally Tracker — 2026-04-06 08:30 AM CT ══
2026-04-06 08:30:05,555 [INFO] DB ready: /Users/sterling/app/scally-tracker/data/inventory.db
2026-04-06 08:30:09,559 [INFO] Fetched 634 products from BSC
2026-04-06 08:30:10,190 [INFO] Categories: {'apparel': 143, 'caps': 373, 'other': 17, 'pins': 155}
2026-04-06 08:30:10,302 [INFO] ══ Poll complete ══

/Users/sterling/Library/Python/3.9/lib/python/site-packages/urllib3/__init__.py:35: NotOpenSSLWarning: urllib3 v2 only supports OpenSSL 1.1.1+, currently the 'ssl' module is compiled with 'LibreSSL 2.8.3'. See: https://github.com/urllib3/urllib3/issues/3020
  warnings.warn(
2026-04-06 09:00:02,043 [INFO] ══ Scally Tracker — 2026-04-06 09:00 AM CT ══
2026-04-06 09:00:02,046 [INFO] DB ready: /Users/sterling/app/scally-tracker/data/inventory.db
2026-04-06 09:00:04,066 [INFO] Fetched 634 products from BSC
2026-04-06 09:00:04,709 [INFO] Categories: {'apparel': 143, 'caps': 373, 'other': 17, 'pins': 155}
2026-04-06 09:00:04,828 [INFO] ══ Poll complete ══

/Users/sterling/Library/Python/3.9/lib/python/site-packages/urllib3/__init__.py:35: NotOpenSSLWarning: urllib3 v2 only supports OpenSSL 1.1.1+, currently the 'ssl' module is compiled with 'LibreSSL 2.8.3'. See: https://github.com/urllib3/urllib3/issues/3020
  warnings.warn(
2026-04-06 09:30:01,034 [INFO] ══ Scally Tracker — 2026-04-06 09:30 AM CT ══
2026-04-06 09:30:01,036 [INFO] DB ready: /Users/sterling/app/scally-tracker/data/inventory.db
2026-04-06 09:30:02,682 [INFO] Fetched 634 products from BSC
2026-04-06 09:30:03,277 [INFO] Categories: {'apparel': 143, 'caps': 373, 'other': 17, 'pins': 155}
2026-04-06 09:30:03,393 [INFO] ══ Poll complete ══

/Users/sterling/Library/Python/3.9/lib/python/site-packages/urllib3/__init__.py:35: NotOpenSSLWarning: urllib3 v2 only supports OpenSSL 1.1.1+, currently the 'ssl' module is compiled with 'LibreSSL 2.8.3'. See: https://github.com/urllib3/urllib3/issues/3020
  warnings.warn(
2026-04-06 10:00:02,124 [INFO] ══ Scally Tracker — 2026-04-06 10:00 AM CT ══
2026-04-06 10:00:02,127 [INFO] DB ready: /Users/sterling/app/scally-tracker/data/inventory.db
2026-04-06 10:00:07,424 [INFO] Fetched 634 products from BSC
2026-04-06 10:00:08,022 [INFO] Categories: {'apparel': 143, 'caps': 373, 'other': 17, 'pins': 155}
2026-04-06 10:00:08,142 [INFO] ══ Poll complete ══

/Users/sterling/Library/Python/3.9/lib/python/site-packages/urllib3/__init__.py:35: NotOpenSSLWarning: urllib3 v2 only supports OpenSSL 1.1.1+, currently the 'ssl' module is compiled with 'LibreSSL 2.8.3'. See: https://github.com/urllib3/urllib3/issues/3020
  warnings.warn(
2026-04-06 10:30:01,093 [INFO] ══ Scally Tracker — 2026-04-06 10:30 AM CT ══
2026-04-06 10:30:01,096 [INFO] DB ready: /Users/sterling/app/scally-tracker/data/inventory.db
2026-04-06 10:30:02,842 [INFO] Fetched 634 products from BSC
2026-04-06 10:30:03,426 [INFO] Categories: {'apparel': 143, 'caps': 373, 'other': 17, 'pins': 155}
2026-04-06 10:30:03,527 [INFO] ══ Poll complete ══

/Users/sterling/Library/Python/3.9/lib/python/site-packages/urllib3/__init__.py:35: NotOpenSSLWarning: urllib3 v2 only supports OpenSSL 1.1.1+, currently the 'ssl' module is compiled with 'LibreSSL 2.8.3'. See: https://github.com/urllib3/urllib3/issues/3020
  warnings.warn(
2026-04-06 11:00:05,117 [INFO] ══ Scally Tracker — 2026-04-06 11:00 AM CT ══
2026-04-06 11:00:05,120 [INFO] DB ready: /Users/sterling/app/scally-tracker/data/inventory.db
2026-04-06 11:00:07,100 [INFO] Fetched 634 products from BSC
2026-04-06 11:00:07,599 [INFO] Categories: {'apparel': 143, 'caps': 373, 'other': 17, 'pins': 155}
2026-04-06 11:00:07,718 [INFO] ══ Poll complete ══

/Users/sterling/Library/Python/3.9/lib/python/site-packages/urllib3/__init__.py:35: NotOpenSSLWarning: urllib3 v2 only supports OpenSSL 1.1.1+, currently the 'ssl' module is compiled with 'LibreSSL 2.8.3'. See: https://github.com/urllib3/urllib3/issues/3020
  warnings.warn(
2026-04-06 11:30:01,253 [INFO] ══ Scally Tracker — 2026-04-06 11:30 AM CT ══
2026-04-06 11:30:01,258 [INFO] DB ready: /Users/sterling/app/scally-tracker/data/inventory.db
2026-04-06 11:30:03,089 [INFO] Fetched 634 products from BSC
2026-04-06 11:30:03,684 [INFO] Categories: {'apparel': 143, 'caps': 373, 'other': 17, 'pins': 155}
2026-04-06 11:30:03,797 [INFO] ══ Poll complete ══

/Users/sterling/Library/Python/3.9/lib/python/site-packages/urllib3/__init__.py:35: NotOpenSSLWarning: urllib3 v2 only supports OpenSSL 1.1.1+, currently the 'ssl' module is compiled with 'LibreSSL 2.8.3'. See: https://github.com/urllib3/urllib3/issues/3020
  warnings.warn(
2026-04-06 12:00:03,192 [INFO] ══ Scally Tracker — 2026-04-06 12:00 PM CT ══
2026-04-06 12:00:03,195 [INFO] DB ready: /Users/sterling/app/scally-tracker/data/inventory.db
2026-04-06 12:00:04,929 [INFO] Fetched 634 products from BSC
2026-04-06 12:00:05,531 [INFO] Categories: {'apparel': 143, 'caps': 373, 'other': 17, 'pins': 155}
2026-04-06 12:00:05,637 [INFO] ══ Poll complete ══

/Users/sterling/Library/Python/3.9/lib/python/site-packages/urllib3/__init__.py:35: NotOpenSSLWarning: urllib3 v2 only supports OpenSSL 1.1.1+, currently the 'ssl' module is compiled with 'LibreSSL 2.8.3'. See: https://github.com/urllib3/urllib3/issues/3020
  warnings.warn(
2026-04-06 12:30:03,171 [INFO] ══ Scally Tracker — 2026-04-06 12:30 PM CT ══
2026-04-06 12:30:03,174 [INFO] DB ready: /Users/sterling/app/scally-tracker/data/inventory.db
2026-04-06 12:30:04,940 [INFO] Fetched 634 products from BSC
2026-04-06 12:30:05,540 [INFO] Categories: {'apparel': 143, 'caps': 373, 'other': 17, 'pins': 155}
2026-04-06 12:30:05,660 [INFO] ══ Poll complete ══

/Users/sterling/Library/Python/3.9/lib/python/site-packages/urllib3/__init__.py:35: NotOpenSSLWarning: urllib3 v2 only supports OpenSSL 1.1.1+, currently the 'ssl' module is compiled with 'LibreSSL 2.8.3'. See: https://github.com/urllib3/urllib3/issues/3020
  warnings.warn(
2026-04-06 13:00:00,598 [INFO] ══ Scally Tracker — 2026-04-06 01:00 PM CT ══
2026-04-06 13:00:00,601 [INFO] DB ready: /Users/sterling/app/scally-tracker/data/inventory.db
2026-04-06 13:00:02,515 [INFO] Fetched 634 products from BSC
2026-04-06 13:00:03,052 [INFO] Categories: {'apparel': 143, 'caps': 373, 'other': 17, 'pins': 155}
2026-04-06 13:00:03,144 [INFO] ══ Poll complete ══

/Users/sterling/Library/Python/3.9/lib/python/site-packages/urllib3/__init__.py:35: NotOpenSSLWarning: urllib3 v2 only supports OpenSSL 1.1.1+, currently the 'ssl' module is compiled with 'LibreSSL 2.8.3'. See: https://github.com/urllib3/urllib3/issues/3020
  warnings.warn(
2026-04-06 13:30:01,244 [INFO] ══ Scally Tracker — 2026-04-06 01:30 PM CT ══
2026-04-06 13:30:01,246 [INFO] DB ready: /Users/sterling/app/scally-tracker/data/inventory.db
2026-04-06 13:30:03,103 [INFO] Fetched 634 products from BSC
2026-04-06 13:30:03,698 [INFO] Categories: {'apparel': 143, 'caps': 373, 'other': 17, 'pins': 155}
2026-04-06 13:30:03,814 [INFO] ══ Poll complete ══

/Users/sterling/Library/Python/3.9/lib/python/site-packages/urllib3/__init__.py:35: NotOpenSSLWarning: urllib3 v2 only supports OpenSSL 1.1.1+, currently the 'ssl' module is compiled with 'LibreSSL 2.8.3'. See: https://github.com/urllib3/urllib3/issues/3020
  warnings.warn(
2026-04-06 14:00:02,086 [INFO] ══ Scally Tracker — 2026-04-06 02:00 PM CT ══
2026-04-06 14:00:02,088 [INFO] DB ready: /Users/sterling/app/scally-tracker/data/inventory.db
2026-04-06 14:00:03,957 [INFO] Fetched 634 products from BSC
2026-04-06 14:00:04,562 [INFO] Categories: {'apparel': 143, 'caps': 373, 'other': 17, 'pins': 155}
2026-04-06 14:00:04,682 [INFO] ══ Poll complete ══

/Users/sterling/Library/Python/3.9/lib/python/site-packages/urllib3/__init__.py:35: NotOpenSSLWarning: urllib3 v2 only supports OpenSSL 1.1.1+, currently the 'ssl' module is compiled with 'LibreSSL 2.8.3'. See: https://github.com/urllib3/urllib3/issues/3020
  warnings.warn(
2026-04-06 14:30:02,108 [INFO] ══ Scally Tracker — 2026-04-06 02:30 PM CT ══
2026-04-06 14:30:02,111 [INFO] DB ready: /Users/sterling/app/scally-tracker/data/inventory.db
2026-04-06 14:30:04,242 [INFO] Fetched 634 products from BSC
2026-04-06 14:30:04,858 [INFO] Categories: {'apparel': 143, 'caps': 373, 'other': 17, 'pins': 155}
2026-04-06 14:30:04,970 [INFO] ══ Poll complete ══

/Users/sterling/Library/Python/3.9/lib/python/site-packages/urllib3/__init__.py:35: NotOpenSSLWarning: urllib3 v2 only supports OpenSSL 1.1.1+, currently the 'ssl' module is compiled with 'LibreSSL 2.8.3'. See: https://github.com/urllib3/urllib3/issues/3020
  warnings.warn(
2026-04-06 15:00:03,077 [INFO] ══ Scally Tracker — 2026-04-06 03:00 PM CT ══
2026-04-06 15:00:03,079 [INFO] DB ready: /Users/sterling/app/scally-tracker/data/inventory.db
2026-04-06 15:00:05,151 [INFO] Fetched 634 products from BSC
2026-04-06 15:00:05,713 [INFO] Categories: {'apparel': 143, 'caps': 373, 'other': 17, 'pins': 155}
2026-04-06 15:00:05,807 [INFO] ══ Poll complete ══

/Users/sterling/Library/Python/3.9/lib/python/site-packages/urllib3/__init__.py:35: NotOpenSSLWarning: urllib3 v2 only supports OpenSSL 1.1.1+, currently the 'ssl' module is compiled with 'LibreSSL 2.8.3'. See: https://github.com/urllib3/urllib3/issues/3020
  warnings.warn(
2026-04-06 15:30:01,543 [INFO] ══ Scally Tracker — 2026-04-06 03:30 PM CT ══
2026-04-06 15:30:01,546 [INFO] DB ready: /Users/sterling/app/scally-tracker/data/inventory.db
2026-04-06 15:30:03,506 [INFO] Fetched 634 products from BSC
2026-04-06 15:30:04,207 [INFO] ntfy 200: 🎉 Restock!
2026-04-06 15:30:04,600 [INFO] Categories: {'apparel': 143, 'caps': 373, 'other': 17, 'pins': 155}
2026-04-06 15:30:04,720 [INFO] ══ Poll complete ══

/Users/sterling/Library/Python/3.9/lib/python/site-packages/urllib3/__init__.py:35: NotOpenSSLWarning: urllib3 v2 only supports OpenSSL 1.1.1+, currently the 'ssl' module is compiled with 'LibreSSL 2.8.3'. See: https://github.com/urllib3/urllib3/issues/3020
  warnings.warn(
2026-04-06 16:00:02,084 [INFO] ══ Scally Tracker — 2026-04-06 04:00 PM CT ══
2026-04-06 16:00:02,086 [INFO] DB ready: /Users/sterling/app/scally-tracker/data/inventory.db
2026-04-06 16:00:03,817 [INFO] Fetched 634 products from BSC
2026-04-06 16:00:04,449 [INFO] Categories: {'apparel': 143, 'caps': 373, 'other': 17, 'pins': 155}
2026-04-06 16:00:04,566 [INFO] ══ Poll complete ══

/Users/sterling/Library/Python/3.9/lib/python/site-packages/urllib3/__init__.py:35: NotOpenSSLWarning: urllib3 v2 only supports OpenSSL 1.1.1+, currently the 'ssl' module is compiled with 'LibreSSL 2.8.3'. See: https://github.com/urllib3/urllib3/issues/3020
  warnings.warn(
2026-04-06 16:30:06,055 [INFO] ══ Scally Tracker — 2026-04-06 04:30 PM CT ══
2026-04-06 16:30:06,058 [INFO] DB ready: /Users/sterling/app/scally-tracker/data/inventory.db
2026-04-06 16:30:08,080 [INFO] Fetched 634 products from BSC
2026-04-06 16:30:08,689 [INFO] Categories: {'apparel': 143, 'caps': 373, 'other': 17, 'pins': 155}
2026-04-06 16:30:08,809 [INFO] ══ Poll complete ══

/Users/sterling/Library/Python/3.9/lib/python/site-packages/urllib3/__init__.py:35: NotOpenSSLWarning: urllib3 v2 only supports OpenSSL 1.1.1+, currently the 'ssl' module is compiled with 'LibreSSL 2.8.3'. See: https://github.com/urllib3/urllib3/issues/3020
  warnings.warn(
2026-04-06 17:00:02,290 [INFO] ══ Scally Tracker — 2026-04-06 05:00 PM CT ══
2026-04-06 17:00:02,293 [INFO] DB ready: /Users/sterling/app/scally-tracker/data/inventory.db
2026-04-06 17:00:04,132 [INFO] Fetched 634 products from BSC
2026-04-06 17:00:04,751 [INFO] Categories: {'apparel': 143, 'caps': 373, 'other': 17, 'pins': 155}
2026-04-06 17:00:04,870 [INFO] ══ Poll complete ══

/Users/sterling/Library/Python/3.9/lib/python/site-packages/urllib3/__init__.py:35: NotOpenSSLWarning: urllib3 v2 only supports OpenSSL 1.1.1+, currently the 'ssl' module is compiled with 'LibreSSL 2.8.3'. See: https://github.com/urllib3/urllib3/issues/3020
  warnings.warn(
2026-04-06 17:30:05,275 [INFO] ══ Scally Tracker — 2026-04-06 05:30 PM CT ══
2026-04-06 17:30:05,277 [INFO] DB ready: /Users/sterling/app/scally-tracker/data/inventory.db
2026-04-06 17:30:06,859 [INFO] Fetched 634 products from BSC
2026-04-06 17:30:07,481 [INFO] Categories: {'apparel': 143, 'caps': 373, 'other': 17, 'pins': 155}
2026-04-06 17:30:07,602 [INFO] ══ Poll complete ══

/Users/sterling/Library/Python/3.9/lib/python/site-packages/urllib3/__init__.py:35: NotOpenSSLWarning: urllib3 v2 only supports OpenSSL 1.1.1+, currently the 'ssl' module is compiled with 'LibreSSL 2.8.3'. See: https://github.com/urllib3/urllib3/issues/3020
  warnings.warn(
2026-04-06 18:00:02,117 [INFO] ══ Scally Tracker — 2026-04-06 06:00 PM CT ══
2026-04-06 18:00:02,119 [INFO] DB ready: /Users/sterling/app/scally-tracker/data/inventory.db
2026-04-06 18:00:04,122 [INFO] Fetched 634 products from BSC
2026-04-06 18:00:04,747 [INFO] Categories: {'apparel': 143, 'caps': 373, 'other': 17, 'pins': 155}
2026-04-06 18:00:04,867 [INFO] ══ Poll complete ══

/Users/sterling/Library/Python/3.9/lib/python/site-packages/urllib3/__init__.py:35: NotOpenSSLWarning: urllib3 v2 only supports OpenSSL 1.1.1+, currently the 'ssl' module is compiled with 'LibreSSL 2.8.3'. See: https://github.com/urllib3/urllib3/issues/3020
  warnings.warn(
2026-04-06 18:30:01,233 [INFO] ══ Scally Tracker — 2026-04-06 06:30 PM CT ══
2026-04-06 18:30:01,235 [INFO] DB ready: /Users/sterling/app/scally-tracker/data/inventory.db
2026-04-06 18:30:02,926 [INFO] Fetched 634 products from BSC
2026-04-06 18:30:03,550 [INFO] Categories: {'apparel': 143, 'caps': 373, 'other': 17, 'pins': 155}
2026-04-06 18:30:03,670 [INFO] ══ Poll complete ══

/Users/sterling/Library/Python/3.9/lib/python/site-packages/urllib3/__init__.py:35: NotOpenSSLWarning: urllib3 v2 only supports OpenSSL 1.1.1+, currently the 'ssl' module is compiled with 'LibreSSL 2.8.3'. See: https://github.com/urllib3/urllib3/issues/3020
  warnings.warn(
2026-04-06 19:00:02,240 [INFO] ══ Scally Tracker — 2026-04-06 07:00 PM CT ══
2026-04-06 19:00:02,242 [INFO] DB ready: /Users/sterling/app/scally-tracker/data/inventory.db
2026-04-06 19:00:03,959 [INFO] Fetched 634 products from BSC
2026-04-06 19:00:04,607 [INFO] Categories: {'apparel': 143, 'caps': 373, 'other': 17, 'pins': 155}
2026-04-06 19:00:04,728 [INFO] ══ Poll complete ══

/Users/sterling/Library/Python/3.9/lib/python/site-packages/urllib3/__init__.py:35: NotOpenSSLWarning: urllib3 v2 only supports OpenSSL 1.1.1+, currently the 'ssl' module is compiled with 'LibreSSL 2.8.3'. See: https://github.com/urllib3/urllib3/issues/3020
  warnings.warn(
2026-04-07 07:00:01,700 [INFO] ══ Scally Tracker — 2026-04-07 07:00 AM CT ══
2026-04-07 07:00:01,704 [INFO] DB ready: /Users/sterling/app/scally-tracker/data/inventory.db
2026-04-07 07:00:03,467 [INFO] Fetched 634 products from BSC
2026-04-07 07:00:04,165 [INFO] Categories: {'apparel': 143, 'caps': 373, 'other': 17, 'pins': 155}
2026-04-07 07:00:04,286 [INFO] ══ Poll complete ══

/Users/sterling/Library/Python/3.9/lib/python/site-packages/urllib3/__init__.py:35: NotOpenSSLWarning: urllib3 v2 only supports OpenSSL 1.1.1+, currently the 'ssl' module is compiled with 'LibreSSL 2.8.3'. See: https://github.com/urllib3/urllib3/issues/3020
  warnings.warn(
2026-04-07 07:30:03,585 [INFO] ══ Scally Tracker — 2026-04-07 07:30 AM CT ══
2026-04-07 07:30:03,588 [INFO] DB ready: /Users/sterling/app/scally-tracker/data/inventory.db
2026-04-07 07:30:05,166 [INFO] Fetched 634 products from BSC
2026-04-07 07:30:05,800 [INFO] Categories: {'apparel': 143, 'caps': 373, 'other': 17, 'pins': 155}
2026-04-07 07:30:05,908 [INFO] ══ Poll complete ══

/Users/sterling/Library/Python/3.9/lib/python/site-packages/urllib3/__init__.py:35: NotOpenSSLWarning: urllib3 v2 only supports OpenSSL 1.1.1+, currently the 'ssl' module is compiled with 'LibreSSL 2.8.3'. See: https://github.com/urllib3/urllib3/issues/3020
  warnings.warn(
2026-04-07 08:00:03,623 [INFO] ══ Scally Tracker — 2026-04-07 08:00 AM CT ══
2026-04-07 08:00:03,625 [INFO] DB ready: /Users/sterling/app/scally-tracker/data/inventory.db
2026-04-07 08:00:05,316 [INFO] Fetched 634 products from BSC
2026-04-07 08:00:05,961 [INFO] Categories: {'apparel': 143, 'caps': 373, 'other': 17, 'pins': 155}
2026-04-07 08:00:06,080 [INFO] ══ Poll complete ══

/Users/sterling/Library/Python/3.9/lib/python/site-packages/urllib3/__init__.py:35: NotOpenSSLWarning: urllib3 v2 only supports OpenSSL 1.1.1+, currently the 'ssl' module is compiled with 'LibreSSL 2.8.3'. See: https://github.com/urllib3/urllib3/issues/3020
  warnings.warn(
2026-04-07 08:30:05,522 [INFO] ══ Scally Tracker — 2026-04-07 08:30 AM CT ══
2026-04-07 08:30:05,525 [INFO] DB ready: /Users/sterling/app/scally-tracker/data/inventory.db
2026-04-07 08:30:07,430 [INFO] Fetched 634 products from BSC
2026-04-07 08:30:08,115 [INFO] Categories: {'apparel': 143, 'caps': 373, 'other': 17, 'pins': 155}
2026-04-07 08:30:08,235 [INFO] ══ Poll complete ══

/Users/sterling/Library/Python/3.9/lib/python/site-packages/urllib3/__init__.py:35: NotOpenSSLWarning: urllib3 v2 only supports OpenSSL 1.1.1+, currently the 'ssl' module is compiled with 'LibreSSL 2.8.3'. See: https://github.com/urllib3/urllib3/issues/3020
  warnings.warn(
2026-04-07 09:00:01,769 [INFO] ══ Scally Tracker — 2026-04-07 09:00 AM CT ══
2026-04-07 09:00:01,772 [INFO] DB ready: /Users/sterling/app/scally-tracker/data/inventory.db
2026-04-07 09:00:03,569 [INFO] Fetched 634 products from BSC
2026-04-07 09:00:04,241 [INFO] ntfy 200: 🎉 Restock!
2026-04-07 09:00:04,616 [INFO] Categories: {'apparel': 143, 'caps': 373, 'other': 17, 'pins': 155}
2026-04-07 09:00:04,712 [INFO] ══ Poll complete ══

/Users/sterling/Library/Python/3.9/lib/python/site-packages/urllib3/__init__.py:35: NotOpenSSLWarning: urllib3 v2 only supports OpenSSL 1.1.1+, currently the 'ssl' module is compiled with 'LibreSSL 2.8.3'. See: https://github.com/urllib3/urllib3/issues/3020
  warnings.warn(
2026-04-07 09:30:03,260 [INFO] ══ Scally Tracker — 2026-04-07 09:30 AM CT ══
2026-04-07 09:30:03,263 [INFO] DB ready: /Users/sterling/app/scally-tracker/data/inventory.db
2026-04-07 09:30:05,077 [INFO] Fetched 634 products from BSC
2026-04-07 09:30:05,711 [INFO] Categories: {'apparel': 143, 'caps': 373, 'other': 17, 'pins': 155}
2026-04-07 09:30:05,828 [INFO] ══ Poll complete ══

/Users/sterling/Library/Python/3.9/lib/python/site-packages/urllib3/__init__.py:35: NotOpenSSLWarning: urllib3 v2 only supports OpenSSL 1.1.1+, currently the 'ssl' module is compiled with 'LibreSSL 2.8.3'. See: https://github.com/urllib3/urllib3/issues/3020
  warnings.warn(
2026-04-07 10:00:01,665 [INFO] ══ Scally Tracker — 2026-04-07 10:00 AM CT ══
2026-04-07 10:00:01,667 [INFO] DB ready: /Users/sterling/app/scally-tracker/data/inventory.db
2026-04-07 10:00:03,354 [INFO] Fetched 634 products from BSC
2026-04-07 10:00:04,079 [INFO] ntfy 200: 🎉 Restock!
2026-04-07 10:00:04,670 [INFO] Categories: {'apparel': 143, 'caps': 373, 'other': 17, 'pins': 155}
2026-04-07 10:00:04,793 [INFO] ══ Poll complete ══

/Users/sterling/Library/Python/3.9/lib/python/site-packages/urllib3/__init__.py:35: NotOpenSSLWarning: urllib3 v2 only supports OpenSSL 1.1.1+, currently the 'ssl' module is compiled with 'LibreSSL 2.8.3'. See: https://github.com/urllib3/urllib3/issues/3020
  warnings.warn(
2026-04-07 10:30:00,834 [INFO] ══ Scally Tracker — 2026-04-07 10:30 AM CT ══
2026-04-07 10:30:00,837 [INFO] DB ready: /Users/sterling/app/scally-tracker/data/inventory.db
2026-04-07 10:30:03,234 [INFO] Fetched 634 products from BSC
2026-04-07 10:30:03,907 [INFO] Categories: {'apparel': 143, 'caps': 373, 'other': 17, 'pins': 155}
2026-04-07 10:30:04,036 [INFO] ══ Poll complete ══

/Users/sterling/Library/Python/3.9/lib/python/site-packages/urllib3/__init__.py:35: NotOpenSSLWarning: urllib3 v2 only supports OpenSSL 1.1.1+, currently the 'ssl' module is compiled with 'LibreSSL 2.8.3'. See: https://github.com/urllib3/urllib3/issues/3020
  warnings.warn(
2026-04-07 11:00:05,438 [INFO] ══ Scally Tracker — 2026-04-07 11:00 AM CT ══
2026-04-07 11:00:05,441 [INFO] DB ready: /Users/sterling/app/scally-tracker/data/inventory.db
2026-04-07 11:00:07,084 [INFO] Fetched 634 products from BSC
2026-04-07 11:00:07,755 [INFO] Categories: {'apparel': 143, 'caps': 373, 'other': 17, 'pins': 155}
2026-04-07 11:00:07,903 [INFO] ══ Poll complete ══

/Users/sterling/Library/Python/3.9/lib/python/site-packages/urllib3/__init__.py:35: NotOpenSSLWarning: urllib3 v2 only supports OpenSSL 1.1.1+, currently the 'ssl' module is compiled with 'LibreSSL 2.8.3'. See: https://github.com/urllib3/urllib3/issues/3020
  warnings.warn(
2026-04-07 11:30:02,636 [INFO] ══ Scally Tracker — 2026-04-07 11:30 AM CT ══
2026-04-07 11:30:02,639 [INFO] DB ready: /Users/sterling/app/scally-tracker/data/inventory.db
2026-04-07 11:30:04,351 [INFO] Fetched 634 products from BSC
2026-04-07 11:30:05,346 [INFO] ntfy 200: 🎉 Restock!
2026-04-07 11:30:05,862 [INFO] ntfy 200: 🎉 Restock!
2026-04-07 11:30:06,340 [INFO] ntfy 200: 🎉 Restock!
2026-04-07 11:30:06,598 [INFO] Categories: {'apparel': 143, 'caps': 373, 'other': 17, 'pins': 155}
2026-04-07 11:30:06,726 [INFO] ══ Poll complete ══

/Users/sterling/Library/Python/3.9/lib/python/site-packages/urllib3/__init__.py:35: NotOpenSSLWarning: urllib3 v2 only supports OpenSSL 1.1.1+, currently the 'ssl' module is compiled with 'LibreSSL 2.8.3'. See: https://github.com/urllib3/urllib3/issues/3020
  warnings.warn(
2026-04-07 12:00:02,712 [INFO] ══ Scally Tracker — 2026-04-07 12:00 PM CT ══
2026-04-07 12:00:02,714 [INFO] DB ready: /Users/sterling/app/scally-tracker/data/inventory.db
2026-04-07 12:00:04,577 [INFO] Fetched 634 products from BSC
2026-04-07 12:00:05,288 [INFO] Categories: {'apparel': 143, 'caps': 373, 'other': 17, 'pins': 155}
2026-04-07 12:00:05,417 [INFO] ══ Poll complete ══

/Users/sterling/Library/Python/3.9/lib/python/site-packages/urllib3/__init__.py:35: NotOpenSSLWarning: urllib3 v2 only supports OpenSSL 1.1.1+, currently the 'ssl' module is compiled with 'LibreSSL 2.8.3'. See: https://github.com/urllib3/urllib3/issues/3020
  warnings.warn(
2026-04-07 12:30:05,703 [INFO] ══ Scally Tracker — 2026-04-07 12:30 PM CT ══
2026-04-07 12:30:05,706 [INFO] DB ready: /Users/sterling/app/scally-tracker/data/inventory.db
2026-04-07 12:30:07,407 [INFO] Fetched 634 products from BSC
2026-04-07 12:30:08,054 [INFO] ntfy 200: 🎉 Restock!
2026-04-07 12:30:08,476 [INFO] Categories: {'apparel': 143, 'caps': 373, 'other': 17, 'pins': 155}
2026-04-07 12:30:08,586 [INFO] ══ Poll complete ══

/Users/sterling/Library/Python/3.9/lib/python/site-packages/urllib3/__init__.py:35: NotOpenSSLWarning: urllib3 v2 only supports OpenSSL 1.1.1+, currently the 'ssl' module is compiled with 'LibreSSL 2.8.3'. See: https://github.com/urllib3/urllib3/issues/3020
  warnings.warn(
2026-04-07 13:00:05,550 [INFO] ══ Scally Tracker — 2026-04-07 01:00 PM CT ══
2026-04-07 13:00:05,553 [INFO] DB ready: /Users/sterling/app/scally-tracker/data/inventory.db
2026-04-07 13:00:09,304 [INFO] Fetched 634 products from BSC
2026-04-07 13:00:09,973 [INFO] Categories: {'apparel': 143, 'caps': 373, 'other': 17, 'pins': 155}
2026-04-07 13:00:10,093 [INFO] ══ Poll complete ══

/Users/sterling/Library/Python/3.9/lib/python/site-packages/urllib3/__init__.py:35: NotOpenSSLWarning: urllib3 v2 only supports OpenSSL 1.1.1+, currently the 'ssl' module is compiled with 'LibreSSL 2.8.3'. See: https://github.com/urllib3/urllib3/issues/3020
  warnings.warn(
2026-04-07 13:30:04,761 [INFO] ══ Scally Tracker — 2026-04-07 01:30 PM CT ══
2026-04-07 13:30:04,764 [INFO] DB ready: /Users/sterling/app/scally-tracker/data/inventory.db
2026-04-07 13:30:07,157 [ERROR] Fetch error page 4: 503 Server Error: Service Unavailable for url: https://bostonscally.com/products.json?limit=250&page=4
2026-04-07 13:30:07,157 [INFO] Fetched 634 products from BSC
2026-04-07 13:30:07,821 [INFO] Categories: {'apparel': 143, 'caps': 373, 'other': 17, 'pins': 155}
2026-04-07 13:30:07,977 [INFO] ══ Poll complete ══

/Users/sterling/Library/Python/3.9/lib/python/site-packages/urllib3/__init__.py:35: NotOpenSSLWarning: urllib3 v2 only supports OpenSSL 1.1.1+, currently the 'ssl' module is compiled with 'LibreSSL 2.8.3'. See: https://github.com/urllib3/urllib3/issues/3020
  warnings.warn(
2026-04-07 14:00:01,788 [INFO] ══ Scally Tracker — 2026-04-07 02:00 PM CT ══
2026-04-07 14:00:01,791 [INFO] DB ready: /Users/sterling/app/scally-tracker/data/inventory.db
2026-04-07 14:00:03,654 [INFO] Fetched 634 products from BSC
2026-04-07 14:00:04,327 [INFO] Categories: {'apparel': 143, 'caps': 373, 'other': 17, 'pins': 155}
2026-04-07 14:00:04,457 [INFO] ══ Poll complete ══

/Users/sterling/Library/Python/3.9/lib/python/site-packages/urllib3/__init__.py:35: NotOpenSSLWarning: urllib3 v2 only supports OpenSSL 1.1.1+, currently the 'ssl' module is compiled with 'LibreSSL 2.8.3'. See: https://github.com/urllib3/urllib3/issues/3020
  warnings.warn(
2026-04-07 14:30:00,772 [INFO] ══ Scally Tracker — 2026-04-07 02:30 PM CT ══
2026-04-07 14:30:00,774 [INFO] DB ready: /Users/sterling/app/scally-tracker/data/inventory.db
2026-04-07 14:30:02,491 [INFO] Fetched 634 products from BSC
2026-04-07 14:30:03,141 [INFO] Categories: {'apparel': 143, 'caps': 373, 'other': 17, 'pins': 155}
2026-04-07 14:30:03,271 [INFO] ══ Poll complete ══

/Users/sterling/Library/Python/3.9/lib/python/site-packages/urllib3/__init__.py:35: NotOpenSSLWarning: urllib3 v2 only supports OpenSSL 1.1.1+, currently the 'ssl' module is compiled with 'LibreSSL 2.8.3'. See: https://github.com/urllib3/urllib3/issues/3020
  warnings.warn(
2026-04-07 15:00:01,912 [INFO] ══ Scally Tracker — 2026-04-07 03:00 PM CT ══
2026-04-07 15:00:01,914 [INFO] DB ready: /Users/sterling/app/scally-tracker/data/inventory.db
2026-04-07 15:00:03,685 [INFO] Fetched 634 products from BSC
2026-04-07 15:00:04,363 [INFO] Categories: {'apparel': 143, 'caps': 373, 'other': 17, 'pins': 155}
2026-04-07 15:00:04,493 [INFO] ══ Poll complete ══

/Users/sterling/Library/Python/3.9/lib/python/site-packages/urllib3/__init__.py:35: NotOpenSSLWarning: urllib3 v2 only supports OpenSSL 1.1.1+, currently the 'ssl' module is compiled with 'LibreSSL 2.8.3'. See: https://github.com/urllib3/urllib3/issues/3020
  warnings.warn(
2026-04-07 15:30:00,822 [INFO] ══ Scally Tracker — 2026-04-07 03:30 PM CT ══
2026-04-07 15:30:00,825 [INFO] DB ready: /Users/sterling/app/scally-tracker/data/inventory.db
2026-04-07 15:30:02,709 [INFO] Fetched 634 products from BSC
2026-04-07 15:30:03,368 [INFO] Categories: {'apparel': 143, 'caps': 373, 'other': 17, 'pins': 155}
2026-04-07 15:30:03,467 [INFO] ══ Poll complete ══

/Users/sterling/Library/Python/3.9/lib/python/site-packages/urllib3/__init__.py:35: NotOpenSSLWarning: urllib3 v2 only supports OpenSSL 1.1.1+, currently the 'ssl' module is compiled with 'LibreSSL 2.8.3'. See: https://github.com/urllib3/urllib3/issues/3020
  warnings.warn(
2026-04-07 16:00:03,969 [INFO] ══ Scally Tracker — 2026-04-07 04:00 PM CT ══
2026-04-07 16:00:03,971 [INFO] DB ready: /Users/sterling/app/scally-tracker/data/inventory.db
2026-04-07 16:00:05,958 [INFO] Fetched 634 products from BSC
2026-04-07 16:00:06,650 [INFO] Categories: {'apparel': 143, 'caps': 373, 'other': 17, 'pins': 155}
2026-04-07 16:00:06,776 [INFO] ══ Poll complete ══

/Users/sterling/Library/Python/3.9/lib/python/site-packages/urllib3/__init__.py:35: NotOpenSSLWarning: urllib3 v2 only supports OpenSSL 1.1.1+, currently the 'ssl' module is compiled with 'LibreSSL 2.8.3'. See: https://github.com/urllib3/urllib3/issues/3020
  warnings.warn(
2026-04-07 16:30:02,956 [INFO] ══ Scally Tracker — 2026-04-07 04:30 PM CT ══
2026-04-07 16:30:02,958 [INFO] DB ready: /Users/sterling/app/scally-tracker/data/inventory.db
2026-04-07 16:30:03,792 [ERROR] Fetch error page 2: 503 Server Error: Service Unavailable for url: https://bostonscally.com/products.json?limit=250&page=2
2026-04-07 16:30:03,792 [INFO] Fetched 250 products from BSC
2026-04-07 16:30:04,097 [INFO] Categories: {'apparel': 143, 'caps': 373, 'other': 17, 'pins': 155}
2026-04-07 16:30:04,167 [INFO] ══ Poll complete ══

/Users/sterling/Library/Python/3.9/lib/python/site-packages/urllib3/__init__.py:35: NotOpenSSLWarning: urllib3 v2 only supports OpenSSL 1.1.1+, currently the 'ssl' module is compiled with 'LibreSSL 2.8.3'. See: https://github.com/urllib3/urllib3/issues/3020
  warnings.warn(
2026-04-07 17:00:02,034 [INFO] ══ Scally Tracker — 2026-04-07 05:00 PM CT ══
2026-04-07 17:00:02,036 [INFO] DB ready: /Users/sterling/app/scally-tracker/data/inventory.db
2026-04-07 17:00:03,716 [INFO] Fetched 634 products from BSC
2026-04-07 17:00:04,392 [INFO] Categories: {'apparel': 143, 'caps': 373, 'other': 17, 'pins': 155}
2026-04-07 17:00:04,525 [INFO] ══ Poll complete ══

/Users/sterling/Library/Python/3.9/lib/python/site-packages/urllib3/__init__.py:35: NotOpenSSLWarning: urllib3 v2 only supports OpenSSL 1.1.1+, currently the 'ssl' module is compiled with 'LibreSSL 2.8.3'. See: https://github.com/urllib3/urllib3/issues/3020
  warnings.warn(
2026-04-07 17:30:05,871 [INFO] ══ Scally Tracker — 2026-04-07 05:30 PM CT ══
2026-04-07 17:30:05,874 [INFO] DB ready: /Users/sterling/app/scally-tracker/data/inventory.db
2026-04-07 17:30:07,754 [INFO] Fetched 634 products from BSC
2026-04-07 17:30:08,463 [INFO] Categories: {'apparel': 143, 'caps': 373, 'other': 17, 'pins': 155}
2026-04-07 17:30:08,590 [INFO] ══ Poll complete ══

/Users/sterling/Library/Python/3.9/lib/python/site-packages/urllib3/__init__.py:35: NotOpenSSLWarning: urllib3 v2 only supports OpenSSL 1.1.1+, currently the 'ssl' module is compiled with 'LibreSSL 2.8.3'. See: https://github.com/urllib3/urllib3/issues/3020
  warnings.warn(
2026-04-07 18:00:01,864 [INFO] ══ Scally Tracker — 2026-04-07 06:00 PM CT ══
2026-04-07 18:00:01,867 [INFO] DB ready: /Users/sterling/app/scally-tracker/data/inventory.db
2026-04-07 18:00:03,435 [INFO] Fetched 634 products from BSC
2026-04-07 18:00:04,113 [INFO] Categories: {'apparel': 143, 'caps': 373, 'other': 17, 'pins': 155}
2026-04-07 18:00:04,239 [INFO] ══ Poll complete ══

/Users/sterling/Library/Python/3.9/lib/python/site-packages/urllib3/__init__.py:35: NotOpenSSLWarning: urllib3 v2 only supports OpenSSL 1.1.1+, currently the 'ssl' module is compiled with 'LibreSSL 2.8.3'. See: https://github.com/urllib3/urllib3/issues/3020
  warnings.warn(
2026-04-07 18:30:05,561 [INFO] ══ Scally Tracker — 2026-04-07 06:30 PM CT ══
2026-04-07 18:30:05,563 [INFO] DB ready: /Users/sterling/app/scally-tracker/data/inventory.db
2026-04-07 18:30:06,300 [ERROR] Fetch error page 2: 503 Server Error: Service Unavailable for url: https://bostonscally.com/products.json?limit=250&page=2
2026-04-07 18:30:06,300 [INFO] Fetched 250 products from BSC
2026-04-07 18:30:06,606 [INFO] Categories: {'apparel': 143, 'caps': 373, 'other': 17, 'pins': 155}
2026-04-07 18:30:06,681 [INFO] ══ Poll complete ══

/Users/sterling/Library/Python/3.9/lib/python/site-packages/urllib3/__init__.py:35: NotOpenSSLWarning: urllib3 v2 only supports OpenSSL 1.1.1+, currently the 'ssl' module is compiled with 'LibreSSL 2.8.3'. See: https://github.com/urllib3/urllib3/issues/3020
  warnings.warn(
2026-04-07 19:00:03,951 [INFO] ══ Scally Tracker — 2026-04-07 07:00 PM CT ══
2026-04-07 19:00:03,954 [INFO] DB ready: /Users/sterling/app/scally-tracker/data/inventory.db
2026-04-07 19:00:06,777 [INFO] Fetched 634 products from BSC
2026-04-07 19:00:07,453 [INFO] Categories: {'apparel': 143, 'caps': 373, 'other': 17, 'pins': 155}
2026-04-07 19:00:07,576 [INFO] ══ Poll complete ══

/Users/sterling/Library/Python/3.9/lib/python/site-packages/urllib3/__init__.py:35: NotOpenSSLWarning: urllib3 v2 only supports OpenSSL 1.1.1+, currently the 'ssl' module is compiled with 'LibreSSL 2.8.3'. See: https://github.com/urllib3/urllib3/issues/3020
  warnings.warn(
2026-04-08 07:00:01,457 [INFO] ══ Scally Tracker — 2026-04-08 07:00 AM CT ══
2026-04-08 07:00:01,461 [INFO] DB ready: /Users/sterling/app/scally-tracker/data/inventory.db
2026-04-08 07:00:03,244 [INFO] Fetched 634 products from BSC
2026-04-08 07:00:03,970 [INFO] Categories: {'apparel': 143, 'caps': 373, 'other': 17, 'pins': 155}
2026-04-08 07:00:04,096 [INFO] ══ Poll complete ══

/Users/sterling/Library/Python/3.9/lib/python/site-packages/urllib3/__init__.py:35: NotOpenSSLWarning: urllib3 v2 only supports OpenSSL 1.1.1+, currently the 'ssl' module is compiled with 'LibreSSL 2.8.3'. See: https://github.com/urllib3/urllib3/issues/3020
  warnings.warn(
2026-04-08 07:30:00,342 [INFO] ══ Scally Tracker — 2026-04-08 07:30 AM CT ══
2026-04-08 07:30:00,346 [INFO] DB ready: /Users/sterling/app/scally-tracker/data/inventory.db
2026-04-08 07:30:02,308 [INFO] Fetched 634 products from BSC
2026-04-08 07:30:02,999 [INFO] Categories: {'apparel': 143, 'caps': 373, 'other': 17, 'pins': 155}
2026-04-08 07:30:03,118 [INFO] ══ Poll complete ══

/Users/sterling/Library/Python/3.9/lib/python/site-packages/urllib3/__init__.py:35: NotOpenSSLWarning: urllib3 v2 only supports OpenSSL 1.1.1+, currently the 'ssl' module is compiled with 'LibreSSL 2.8.3'. See: https://github.com/urllib3/urllib3/issues/3020
  warnings.warn(
2026-04-08 08:00:01,246 [INFO] ══ Scally Tracker — 2026-04-08 08:00 AM CT ══
2026-04-08 08:00:01,249 [INFO] DB ready: /Users/sterling/app/scally-tracker/data/inventory.db
2026-04-08 08:00:02,924 [INFO] Fetched 634 products from BSC
2026-04-08 08:00:03,571 [INFO] Categories: {'apparel': 143, 'caps': 373, 'other': 17, 'pins': 155}
2026-04-08 08:00:03,687 [INFO] ══ Poll complete ══

/Users/sterling/Library/Python/3.9/lib/python/site-packages/urllib3/__init__.py:35: NotOpenSSLWarning: urllib3 v2 only supports OpenSSL 1.1.1+, currently the 'ssl' module is compiled with 'LibreSSL 2.8.3'. See: https://github.com/urllib3/urllib3/issues/3020
  warnings.warn(
2026-04-08 08:30:02,390 [INFO] ══ Scally Tracker — 2026-04-08 08:30 AM CT ══
2026-04-08 08:30:02,393 [INFO] DB ready: /Users/sterling/app/scally-tracker/data/inventory.db
2026-04-08 08:30:04,138 [INFO] Fetched 634 products from BSC
2026-04-08 08:30:04,811 [INFO] Categories: {'apparel': 143, 'caps': 373, 'other': 17, 'pins': 155}
2026-04-08 08:30:04,937 [INFO] ══ Poll complete ══

/Users/sterling/Library/Python/3.9/lib/python/site-packages/urllib3/__init__.py:35: NotOpenSSLWarning: urllib3 v2 only supports OpenSSL 1.1.1+, currently the 'ssl' module is compiled with 'LibreSSL 2.8.3'. See: https://github.com/urllib3/urllib3/issues/3020
  warnings.warn(
2026-04-08 09:00:01,462 [INFO] ══ Scally Tracker — 2026-04-08 09:00 AM CT ══
2026-04-08 09:00:01,465 [INFO] DB ready: /Users/sterling/app/scally-tracker/data/inventory.db
2026-04-08 09:00:04,361 [INFO] Fetched 634 products from BSC
2026-04-08 09:00:05,225 [INFO] ntfy 200: 🎉 Restock!
2026-04-08 09:00:05,608 [INFO] ntfy 200: 🎉 Restock!
2026-04-08 09:00:05,974 [INFO] ntfy 200: 🎉 Restock!
2026-04-08 09:00:06,634 [INFO] Categories: {'apparel': 143, 'caps': 373, 'other': 17, 'pins': 155}
2026-04-08 09:00:06,759 [INFO] ══ Poll complete ══

/Users/sterling/Library/Python/3.9/lib/python/site-packages/urllib3/__init__.py:35: NotOpenSSLWarning: urllib3 v2 only supports OpenSSL 1.1.1+, currently the 'ssl' module is compiled with 'LibreSSL 2.8.3'. See: https://github.com/urllib3/urllib3/issues/3020
  warnings.warn(
2026-04-08 09:30:00,283 [INFO] ══ Scally Tracker — 2026-04-08 09:30 AM CT ══
2026-04-08 09:30:00,285 [INFO] DB ready: /Users/sterling/app/scally-tracker/data/inventory.db
2026-04-08 09:30:03,444 [INFO] Fetched 634 products from BSC
2026-04-08 09:30:03,953 [INFO] ntfy 200: 🎉 Restock!
2026-04-08 09:30:04,685 [INFO] ntfy 200: 🎉 Restock!
2026-04-08 09:30:05,263 [INFO] Categories: {'apparel': 143, 'caps': 373, 'other': 17, 'pins': 155}
2026-04-08 09:30:05,389 [INFO] ══ Poll complete ══

/Users/sterling/Library/Python/3.9/lib/python/site-packages/urllib3/__init__.py:35: NotOpenSSLWarning: urllib3 v2 only supports OpenSSL 1.1.1+, currently the 'ssl' module is compiled with 'LibreSSL 2.8.3'. See: https://github.com/urllib3/urllib3/issues/3020
  warnings.warn(
2026-04-08 10:00:01,466 [INFO] ══ Scally Tracker — 2026-04-08 10:00 AM CT ══
2026-04-08 10:00:01,469 [INFO] DB ready: /Users/sterling/app/scally-tracker/data/inventory.db
2026-04-08 10:00:03,331 [INFO] Fetched 634 products from BSC
2026-04-08 10:00:03,986 [INFO] Categories: {'apparel': 143, 'caps': 373, 'other': 17, 'pins': 155}
2026-04-08 10:00:04,110 [INFO] ══ Poll complete ══

/Users/sterling/Library/Python/3.9/lib/python/site-packages/urllib3/__init__.py:35: NotOpenSSLWarning: urllib3 v2 only supports OpenSSL 1.1.1+, currently the 'ssl' module is compiled with 'LibreSSL 2.8.3'. See: https://github.com/urllib3/urllib3/issues/3020
  warnings.warn(
2026-04-08 10:30:00,385 [INFO] ══ Scally Tracker — 2026-04-08 10:30 AM CT ══
2026-04-08 10:30:00,388 [INFO] DB ready: /Users/sterling/app/scally-tracker/data/inventory.db
2026-04-08 10:30:02,197 [INFO] Fetched 634 products from BSC
2026-04-08 10:30:02,895 [INFO] Categories: {'apparel': 143, 'caps': 373, 'other': 17, 'pins': 155}
2026-04-08 10:30:03,020 [INFO] ══ Poll complete ══

/Users/sterling/Library/Python/3.9/lib/python/site-packages/urllib3/__init__.py:35: NotOpenSSLWarning: urllib3 v2 only supports OpenSSL 1.1.1+, currently the 'ssl' module is compiled with 'LibreSSL 2.8.3'. See: https://github.com/urllib3/urllib3/issues/3020
  warnings.warn(
2026-04-08 11:00:03,401 [INFO] ══ Scally Tracker — 2026-04-08 11:00 AM CT ══
2026-04-08 11:00:03,403 [INFO] DB ready: /Users/sterling/app/scally-tracker/data/inventory.db
2026-04-08 11:00:05,293 [INFO] Fetched 640 products from BSC
2026-04-08 11:00:05,745 [INFO] Categories: {'apparel': 143, 'caps': 379, 'other': 17, 'pins': 155}
2026-04-08 11:00:05,865 [INFO] ══ Poll complete ══

/Users/sterling/Library/Python/3.9/lib/python/site-packages/urllib3/__init__.py:35: NotOpenSSLWarning: urllib3 v2 only supports OpenSSL 1.1.1+, currently the 'ssl' module is compiled with 'LibreSSL 2.8.3'. See: https://github.com/urllib3/urllib3/issues/3020
  warnings.warn(
2026-04-08 11:30:00,424 [INFO] ══ Scally Tracker — 2026-04-08 11:30 AM CT ══
2026-04-08 11:30:00,427 [INFO] DB ready: /Users/sterling/app/scally-tracker/data/inventory.db
2026-04-08 11:30:02,301 [INFO] Fetched 640 products from BSC
2026-04-08 11:30:02,982 [INFO] ntfy 200: ⭐ Wishlisted Restock!
2026-04-08 11:30:03,530 [INFO] Categories: {'apparel': 143, 'caps': 379, 'other': 17, 'pins': 155}
2026-04-08 11:30:03,646 [INFO] ══ Poll complete ══

/Users/sterling/Library/Python/3.9/lib/python/site-packages/urllib3/__init__.py:35: NotOpenSSLWarning: urllib3 v2 only supports OpenSSL 1.1.1+, currently the 'ssl' module is compiled with 'LibreSSL 2.8.3'. See: https://github.com/urllib3/urllib3/issues/3020
  warnings.warn(
2026-04-08 12:00:01,455 [INFO] ══ Scally Tracker — 2026-04-08 12:00 PM CT ══
2026-04-08 12:00:01,457 [INFO] DB ready: /Users/sterling/app/scally-tracker/data/inventory.db
2026-04-08 12:00:03,458 [INFO] Fetched 640 products from BSC
2026-04-08 12:00:04,111 [INFO] Categories: {'apparel': 143, 'caps': 379, 'other': 17, 'pins': 155}
2026-04-08 12:00:04,232 [INFO] ══ Poll complete ══

/Users/sterling/Library/Python/3.9/lib/python/site-packages/urllib3/__init__.py:35: NotOpenSSLWarning: urllib3 v2 only supports OpenSSL 1.1.1+, currently the 'ssl' module is compiled with 'LibreSSL 2.8.3'. See: https://github.com/urllib3/urllib3/issues/3020
  warnings.warn(
2026-04-08 12:30:01,380 [INFO] ══ Scally Tracker — 2026-04-08 12:30 PM CT ══
2026-04-08 12:30:01,382 [INFO] DB ready: /Users/sterling/app/scally-tracker/data/inventory.db
2026-04-08 12:30:03,262 [INFO] Fetched 640 products from BSC
2026-04-08 12:30:03,902 [INFO] Categories: {'apparel': 143, 'caps': 379, 'other': 17, 'pins': 155}
2026-04-08 12:30:04,022 [INFO] ══ Poll complete ══

/Users/sterling/Library/Python/3.9/lib/python/site-packages/urllib3/__init__.py:35: NotOpenSSLWarning: urllib3 v2 only supports OpenSSL 1.1.1+, currently the 'ssl' module is compiled with 'LibreSSL 2.8.3'. See: https://github.com/urllib3/urllib3/issues/3020
  warnings.warn(
2026-04-08 13:00:01,447 [INFO] ══ Scally Tracker — 2026-04-08 01:00 PM CT ══
2026-04-08 13:00:01,449 [INFO] DB ready: /Users/sterling/app/scally-tracker/data/inventory.db
2026-04-08 13:00:03,266 [INFO] Fetched 640 products from BSC
2026-04-08 13:00:03,899 [INFO] Categories: {'apparel': 143, 'caps': 379, 'other': 17, 'pins': 155}
2026-04-08 13:00:04,020 [INFO] ══ Poll complete ══

/Users/sterling/Library/Python/3.9/lib/python/site-packages/urllib3/__init__.py:35: NotOpenSSLWarning: urllib3 v2 only supports OpenSSL 1.1.1+, currently the 'ssl' module is compiled with 'LibreSSL 2.8.3'. See: https://github.com/urllib3/urllib3/issues/3020
  warnings.warn(
2026-04-08 13:30:00,557 [INFO] ══ Scally Tracker — 2026-04-08 01:30 PM CT ══
2026-04-08 13:30:00,560 [INFO] DB ready: /Users/sterling/app/scally-tracker/data/inventory.db
2026-04-08 13:30:02,587 [INFO] Fetched 640 products from BSC
2026-04-08 13:30:03,224 [INFO] Categories: {'apparel': 143, 'caps': 379, 'other': 17, 'pins': 155}
2026-04-08 13:30:03,344 [INFO] ══ Poll complete ══

/Users/sterling/Library/Python/3.9/lib/python/site-packages/urllib3/__init__.py:35: NotOpenSSLWarning: urllib3 v2 only supports OpenSSL 1.1.1+, currently the 'ssl' module is compiled with 'LibreSSL 2.8.3'. See: https://github.com/urllib3/urllib3/issues/3020
  warnings.warn(
2026-04-08 14:00:01,550 [INFO] ══ Scally Tracker — 2026-04-08 02:00 PM CT ══
2026-04-08 14:00:01,554 [INFO] DB ready: /Users/sterling/app/scally-tracker/data/inventory.db
2026-04-08 14:00:03,379 [INFO] Fetched 640 products from BSC
2026-04-08 14:00:04,012 [INFO] Categories: {'apparel': 143, 'caps': 379, 'other': 17, 'pins': 155}
2026-04-08 14:00:04,125 [INFO] ══ Poll complete ══

/Users/sterling/Library/Python/3.9/lib/python/site-packages/urllib3/__init__.py:35: NotOpenSSLWarning: urllib3 v2 only supports OpenSSL 1.1.1+, currently the 'ssl' module is compiled with 'LibreSSL 2.8.3'. See: https://github.com/urllib3/urllib3/issues/3020
  warnings.warn(
2026-04-08 14:30:05,494 [INFO] ══ Scally Tracker — 2026-04-08 02:30 PM CT ══
2026-04-08 14:30:05,497 [INFO] DB ready: /Users/sterling/app/scally-tracker/data/inventory.db
2026-04-08 14:30:12,750 [INFO] Fetched 640 products from BSC
2026-04-08 14:30:13,394 [INFO] Categories: {'apparel': 143, 'caps': 379, 'other': 17, 'pins': 155}
2026-04-08 14:30:13,513 [INFO] ══ Poll complete ══

/Users/sterling/Library/Python/3.9/lib/python/site-packages/urllib3/__init__.py:35: NotOpenSSLWarning: urllib3 v2 only supports OpenSSL 1.1.1+, currently the 'ssl' module is compiled with 'LibreSSL 2.8.3'. See: https://github.com/urllib3/urllib3/issues/3020
  warnings.warn(
2026-04-08 15:00:04,906 [INFO] ══ Scally Tracker — 2026-04-08 03:00 PM CT ══
2026-04-08 15:00:04,908 [INFO] DB ready: /Users/sterling/app/scally-tracker/data/inventory.db
2026-04-08 15:00:06,820 [INFO] Fetched 640 products from BSC
2026-04-08 15:00:07,384 [INFO] Categories: {'apparel': 143, 'caps': 379, 'other': 17, 'pins': 155}
2026-04-08 15:00:07,499 [INFO] ══ Poll complete ══

/Users/sterling/Library/Python/3.9/lib/python/site-packages/urllib3/__init__.py:35: NotOpenSSLWarning: urllib3 v2 only supports OpenSSL 1.1.1+, currently the 'ssl' module is compiled with 'LibreSSL 2.8.3'. See: https://github.com/urllib3/urllib3/issues/3020
  warnings.warn(
2026-04-08 15:30:05,955 [INFO] ══ Scally Tracker — 2026-04-08 03:30 PM CT ══
2026-04-08 15:30:05,958 [INFO] DB ready: /Users/sterling/app/scally-tracker/data/inventory.db
2026-04-08 15:30:07,788 [INFO] Fetched 640 products from BSC
2026-04-08 15:30:08,293 [INFO] Categories: {'apparel': 143, 'caps': 379, 'other': 17, 'pins': 155}
2026-04-08 15:30:08,410 [INFO] ══ Poll complete ══

/Users/sterling/Library/Python/3.9/lib/python/site-packages/urllib3/__init__.py:35: NotOpenSSLWarning: urllib3 v2 only supports OpenSSL 1.1.1+, currently the 'ssl' module is compiled with 'LibreSSL 2.8.3'. See: https://github.com/urllib3/urllib3/issues/3020
  warnings.warn(
2026-04-08 16:00:05,991 [INFO] ══ Scally Tracker — 2026-04-08 04:00 PM CT ══
2026-04-08 16:00:05,994 [INFO] DB ready: /Users/sterling/app/scally-tracker/data/inventory.db
2026-04-08 16:00:08,044 [INFO] Fetched 640 products from BSC
2026-04-08 16:00:08,668 [INFO] Categories: {'apparel': 143, 'caps': 379, 'other': 17, 'pins': 155}
2026-04-08 16:00:08,778 [INFO] ══ Poll complete ══

/Users/sterling/Library/Python/3.9/lib/python/site-packages/urllib3/__init__.py:35: NotOpenSSLWarning: urllib3 v2 only supports OpenSSL 1.1.1+, currently the 'ssl' module is compiled with 'LibreSSL 2.8.3'. See: https://github.com/urllib3/urllib3/issues/3020
  warnings.warn(
2026-04-08 16:30:05,943 [INFO] ══ Scally Tracker — 2026-04-08 04:30 PM CT ══
2026-04-08 16:30:05,947 [INFO] DB ready: /Users/sterling/app/scally-tracker/data/inventory.db
2026-04-08 16:30:08,141 [INFO] Fetched 640 products from BSC
2026-04-08 16:30:08,835 [INFO] Categories: {'apparel': 143, 'caps': 379, 'other': 17, 'pins': 155}
2026-04-08 16:30:08,956 [INFO] ══ Poll complete ══

/Users/sterling/Library/Python/3.9/lib/python/site-packages/urllib3/__init__.py:35: NotOpenSSLWarning: urllib3 v2 only supports OpenSSL 1.1.1+, currently the 'ssl' module is compiled with 'LibreSSL 2.8.3'. See: https://github.com/urllib3/urllib3/issues/3020
  warnings.warn(
2026-04-08 17:00:05,921 [INFO] ══ Scally Tracker — 2026-04-08 05:00 PM CT ══
2026-04-08 17:00:05,924 [INFO] DB ready: /Users/sterling/app/scally-tracker/data/inventory.db
2026-04-08 17:00:07,804 [INFO] Fetched 640 products from BSC
2026-04-08 17:00:08,464 [INFO] Categories: {'apparel': 143, 'caps': 379, 'other': 17, 'pins': 155}
2026-04-08 17:00:08,583 [INFO] ══ Poll complete ══

/Users/sterling/Library/Python/3.9/lib/python/site-packages/urllib3/__init__.py:35: NotOpenSSLWarning: urllib3 v2 only supports OpenSSL 1.1.1+, currently the 'ssl' module is compiled with 'LibreSSL 2.8.3'. See: https://github.com/urllib3/urllib3/issues/3020
  warnings.warn(
2026-04-08 17:30:05,953 [INFO] ══ Scally Tracker — 2026-04-08 05:30 PM CT ══
2026-04-08 17:30:05,955 [INFO] DB ready: /Users/sterling/app/scally-tracker/data/inventory.db
2026-04-08 17:30:07,789 [INFO] Fetched 640 products from BSC
2026-04-08 17:30:08,398 [INFO] Categories: {'apparel': 143, 'caps': 379, 'other': 17, 'pins': 155}
2026-04-08 17:30:08,493 [INFO] ══ Poll complete ══

/Users/sterling/Library/Python/3.9/lib/python/site-packages/urllib3/__init__.py:35: NotOpenSSLWarning: urllib3 v2 only supports OpenSSL 1.1.1+, currently the 'ssl' module is compiled with 'LibreSSL 2.8.3'. See: https://github.com/urllib3/urllib3/issues/3020
  warnings.warn(
2026-04-08 18:00:05,928 [INFO] ══ Scally Tracker — 2026-04-08 06:00 PM CT ══
2026-04-08 18:00:05,931 [INFO] DB ready: /Users/sterling/app/scally-tracker/data/inventory.db
2026-04-08 18:00:07,864 [INFO] Fetched 640 products from BSC
2026-04-08 18:00:08,494 [INFO] Categories: {'apparel': 143, 'caps': 379, 'other': 17, 'pins': 155}
2026-04-08 18:00:08,605 [INFO] ══ Poll complete ══

/Users/sterling/Library/Python/3.9/lib/python/site-packages/urllib3/__init__.py:35: NotOpenSSLWarning: urllib3 v2 only supports OpenSSL 1.1.1+, currently the 'ssl' module is compiled with 'LibreSSL 2.8.3'. See: https://github.com/urllib3/urllib3/issues/3020
  warnings.warn(
2026-04-08 18:30:05,948 [INFO] ══ Scally Tracker — 2026-04-08 06:30 PM CT ══
2026-04-08 18:30:05,951 [INFO] DB ready: /Users/sterling/app/scally-tracker/data/inventory.db
2026-04-08 18:30:07,610 [INFO] Fetched 640 products from BSC
2026-04-08 18:30:08,193 [INFO] Categories: {'apparel': 143, 'caps': 379, 'other': 17, 'pins': 155}
2026-04-08 18:30:08,287 [INFO] ══ Poll complete ══

/Users/sterling/Library/Python/3.9/lib/python/site-packages/urllib3/__init__.py:35: NotOpenSSLWarning: urllib3 v2 only supports OpenSSL 1.1.1+, currently the 'ssl' module is compiled with 'LibreSSL 2.8.3'. See: https://github.com/urllib3/urllib3/issues/3020
  warnings.warn(
2026-04-08 19:00:05,962 [INFO] ══ Scally Tracker — 2026-04-08 07:00 PM CT ══
2026-04-08 19:00:05,965 [INFO] DB ready: /Users/sterling/app/scally-tracker/data/inventory.db
2026-04-08 19:00:07,664 [INFO] Fetched 640 products from BSC
2026-04-08 19:00:08,290 [INFO] Purged 4 alert(s) older than 30 days
2026-04-08 19:00:08,290 [INFO] Categories: {'apparel': 143, 'caps': 379, 'other': 17, 'pins': 155}
2026-04-08 19:00:08,396 [INFO] ══ Poll complete ══

/Users/sterling/Library/Python/3.9/lib/python/site-packages/urllib3/__init__.py:35: NotOpenSSLWarning: urllib3 v2 only supports OpenSSL 1.1.1+, currently the 'ssl' module is compiled with 'LibreSSL 2.8.3'. See: https://github.com/urllib3/urllib3/issues/3020
  warnings.warn(
2026-04-09 07:00:06,004 [INFO] ══ Scally Tracker — 2026-04-09 07:00 AM CT ══
2026-04-09 07:00:06,008 [INFO] DB ready: /Users/sterling/app/scally-tracker/data/inventory.db
2026-04-09 07:00:08,077 [INFO] Fetched 640 products from BSC
2026-04-09 07:00:08,768 [INFO] Categories: {'apparel': 143, 'caps': 379, 'other': 17, 'pins': 155}
2026-04-09 07:00:08,882 [INFO] ══ Poll complete ══

/Users/sterling/Library/Python/3.9/lib/python/site-packages/urllib3/__init__.py:35: NotOpenSSLWarning: urllib3 v2 only supports OpenSSL 1.1.1+, currently the 'ssl' module is compiled with 'LibreSSL 2.8.3'. See: https://github.com/urllib3/urllib3/issues/3020
  warnings.warn(
2026-04-09 07:30:05,965 [INFO] ══ Scally Tracker — 2026-04-09 07:30 AM CT ══
2026-04-09 07:30:05,967 [INFO] DB ready: /Users/sterling/app/scally-tracker/data/inventory.db
2026-04-09 07:30:07,577 [INFO] Fetched 640 products from BSC
2026-04-09 07:30:08,177 [INFO] Categories: {'apparel': 143, 'caps': 379, 'other': 17, 'pins': 155}
2026-04-09 07:30:08,283 [INFO] ══ Poll complete ══

/Users/sterling/Library/Python/3.9/lib/python/site-packages/urllib3/__init__.py:35: NotOpenSSLWarning: urllib3 v2 only supports OpenSSL 1.1.1+, currently the 'ssl' module is compiled with 'LibreSSL 2.8.3'. See: https://github.com/urllib3/urllib3/issues/3020
  warnings.warn(
2026-04-09 08:00:05,952 [INFO] ══ Scally Tracker — 2026-04-09 08:00 AM CT ══
2026-04-09 08:00:05,956 [INFO] DB ready: /Users/sterling/app/scally-tracker/data/inventory.db
2026-04-09 08:00:07,630 [INFO] Fetched 640 products from BSC
2026-04-09 08:00:08,224 [INFO] Categories: {'apparel': 143, 'caps': 379, 'other': 17, 'pins': 155}
2026-04-09 08:00:08,329 [INFO] ══ Poll complete ══

/Users/sterling/Library/Python/3.9/lib/python/site-packages/urllib3/__init__.py:35: NotOpenSSLWarning: urllib3 v2 only supports OpenSSL 1.1.1+, currently the 'ssl' module is compiled with 'LibreSSL 2.8.3'. See: https://github.com/urllib3/urllib3/issues/3020
  warnings.warn(
2026-04-09 08:30:05,959 [INFO] ══ Scally Tracker — 2026-04-09 08:30 AM CT ══
2026-04-09 08:30:05,962 [INFO] DB ready: /Users/sterling/app/scally-tracker/data/inventory.db
2026-04-09 08:30:08,164 [INFO] Fetched 640 products from BSC
2026-04-09 08:30:08,827 [INFO] ntfy 200: 🎉 Restock!
2026-04-09 08:30:09,377 [INFO] Categories: {'apparel': 143, 'caps': 379, 'other': 17, 'pins': 155}
2026-04-09 08:30:09,480 [INFO] ══ Poll complete ══

/Users/sterling/Library/Python/3.9/lib/python/site-packages/urllib3/__init__.py:35: NotOpenSSLWarning: urllib3 v2 only supports OpenSSL 1.1.1+, currently the 'ssl' module is compiled with 'LibreSSL 2.8.3'. See: https://github.com/urllib3/urllib3/issues/3020
  warnings.warn(
2026-04-09 09:00:05,922 [INFO] ══ Scally Tracker — 2026-04-09 09:00 AM CT ══
2026-04-09 09:00:05,925 [INFO] DB ready: /Users/sterling/app/scally-tracker/data/inventory.db
2026-04-09 09:00:07,576 [INFO] Fetched 640 products from BSC
2026-04-09 09:00:08,179 [INFO] Categories: {'apparel': 143, 'caps': 379, 'other': 17, 'pins': 155}
2026-04-09 09:00:08,280 [INFO] ══ Poll complete ══

/Users/sterling/Library/Python/3.9/lib/python/site-packages/urllib3/__init__.py:35: NotOpenSSLWarning: urllib3 v2 only supports OpenSSL 1.1.1+, currently the 'ssl' module is compiled with 'LibreSSL 2.8.3'. See: https://github.com/urllib3/urllib3/issues/3020
  warnings.warn(
2026-04-09 09:30:02,847 [INFO] ══ Scally Tracker — 2026-04-09 09:30 AM CT ══
2026-04-09 09:30:02,850 [INFO] DB ready: /Users/sterling/app/scally-tracker/data/inventory.db
2026-04-09 09:30:04,644 [INFO] Fetched 640 products from BSC
2026-04-09 09:30:05,307 [INFO] Categories: {'apparel': 143, 'caps': 379, 'other': 17, 'pins': 155}
2026-04-09 09:30:05,410 [INFO] ══ Poll complete ══

/Users/sterling/Library/Python/3.9/lib/python/site-packages/urllib3/__init__.py:35: NotOpenSSLWarning: urllib3 v2 only supports OpenSSL 1.1.1+, currently the 'ssl' module is compiled with 'LibreSSL 2.8.3'. See: https://github.com/urllib3/urllib3/issues/3020
  warnings.warn(
2026-04-09 10:00:05,220 [INFO] ══ Scally Tracker — 2026-04-09 10:00 AM CT ══
2026-04-09 10:00:05,223 [INFO] DB ready: /Users/sterling/app/scally-tracker/data/inventory.db
2026-04-09 10:00:06,910 [INFO] Fetched 640 products from BSC
2026-04-09 10:00:07,417 [INFO] ntfy 200: 🎉 Restock!
2026-04-09 10:00:07,947 [INFO] Categories: {'apparel': 143, 'caps': 379, 'other': 17, 'pins': 155}
2026-04-09 10:00:08,058 [INFO] ══ Poll complete ══

/Users/sterling/Library/Python/3.9/lib/python/site-packages/urllib3/__init__.py:35: NotOpenSSLWarning: urllib3 v2 only supports OpenSSL 1.1.1+, currently the 'ssl' module is compiled with 'LibreSSL 2.8.3'. See: https://github.com/urllib3/urllib3/issues/3020
  warnings.warn(
2026-04-09 10:30:05,937 [INFO] ══ Scally Tracker — 2026-04-09 10:30 AM CT ══
2026-04-09 10:30:05,939 [INFO] DB ready: /Users/sterling/app/scally-tracker/data/inventory.db
2026-04-09 10:30:07,579 [INFO] Fetched 640 products from BSC
2026-04-09 10:30:08,127 [INFO] Categories: {'apparel': 143, 'caps': 379, 'other': 17, 'pins': 155}
2026-04-09 10:30:08,228 [INFO] ══ Poll complete ══

/Users/sterling/Library/Python/3.9/lib/python/site-packages/urllib3/__init__.py:35: NotOpenSSLWarning: urllib3 v2 only supports OpenSSL 1.1.1+, currently the 'ssl' module is compiled with 'LibreSSL 2.8.3'. See: https://github.com/urllib3/urllib3/issues/3020
  warnings.warn(
2026-04-09 11:00:05,928 [INFO] ══ Scally Tracker — 2026-04-09 11:00 AM CT ══
2026-04-09 11:00:05,931 [INFO] DB ready: /Users/sterling/app/scally-tracker/data/inventory.db
2026-04-09 11:00:07,506 [INFO] Fetched 640 products from BSC
2026-04-09 11:00:07,902 [INFO] ntfy 200: 🎉 Restock!
2026-04-09 11:00:08,233 [INFO] ntfy 200: 🎉 Restock!
2026-04-09 11:00:08,781 [INFO] ntfy 200: 🎉 Restock!
2026-04-09 11:00:09,084 [INFO] Categories: {'apparel': 143, 'caps': 379, 'other': 17, 'pins': 155}
2026-04-09 11:00:09,189 [INFO] ══ Poll complete ══

/Users/sterling/Library/Python/3.9/lib/python/site-packages/urllib3/__init__.py:35: NotOpenSSLWarning: urllib3 v2 only supports OpenSSL 1.1.1+, currently the 'ssl' module is compiled with 'LibreSSL 2.8.3'. See: https://github.com/urllib3/urllib3/issues/3020
  warnings.warn(
2026-04-09 11:30:03,012 [INFO] ══ Scally Tracker — 2026-04-09 11:30 AM CT ══
2026-04-09 11:30:03,014 [INFO] DB ready: /Users/sterling/app/scally-tracker/data/inventory.db
2026-04-09 11:30:04,723 [INFO] Fetched 640 products from BSC
2026-04-09 11:30:05,295 [INFO] Categories: {'apparel': 143, 'caps': 379, 'other': 17, 'pins': 155}
2026-04-09 11:30:05,387 [INFO] ══ Poll complete ══

/Users/sterling/Library/Python/3.9/lib/python/site-packages/urllib3/__init__.py:35: NotOpenSSLWarning: urllib3 v2 only supports OpenSSL 1.1.1+, currently the 'ssl' module is compiled with 'LibreSSL 2.8.3'. See: https://github.com/urllib3/urllib3/issues/3020
  warnings.warn(
2026-04-09 12:00:05,954 [INFO] ══ Scally Tracker — 2026-04-09 12:00 PM CT ══
2026-04-09 12:00:05,957 [INFO] DB ready: /Users/sterling/app/scally-tracker/data/inventory.db
2026-04-09 12:00:07,675 [INFO] Fetched 640 products from BSC
2026-04-09 12:00:08,269 [INFO] Categories: {'apparel': 143, 'caps': 379, 'other': 17, 'pins': 155}
2026-04-09 12:00:08,374 [INFO] ══ Poll complete ══

/Users/sterling/Library/Python/3.9/lib/python/site-packages/urllib3/__init__.py:35: NotOpenSSLWarning: urllib3 v2 only supports OpenSSL 1.1.1+, currently the 'ssl' module is compiled with 'LibreSSL 2.8.3'. See: https://github.com/urllib3/urllib3/issues/3020
  warnings.warn(
2026-04-09 12:30:05,974 [INFO] ══ Scally Tracker — 2026-04-09 12:30 PM CT ══
2026-04-09 12:30:05,977 [INFO] DB ready: /Users/sterling/app/scally-tracker/data/inventory.db
2026-04-09 12:30:08,079 [INFO] Fetched 640 products from BSC
2026-04-09 12:30:08,692 [INFO] Categories: {'apparel': 143, 'caps': 379, 'other': 17, 'pins': 155}
2026-04-09 12:30:08,798 [INFO] ══ Poll complete ══

/Users/sterling/Library/Python/3.9/lib/python/site-packages/urllib3/__init__.py:35: NotOpenSSLWarning: urllib3 v2 only supports OpenSSL 1.1.1+, currently the 'ssl' module is compiled with 'LibreSSL 2.8.3'. See: https://github.com/urllib3/urllib3/issues/3020
  warnings.warn(
2026-04-09 13:00:06,072 [INFO] ══ Scally Tracker — 2026-04-09 01:00 PM CT ══
2026-04-09 13:00:06,075 [INFO] DB ready: /Users/sterling/app/scally-tracker/data/inventory.db
2026-04-09 13:00:08,042 [INFO] Fetched 640 products from BSC
2026-04-09 13:00:08,670 [INFO] Categories: {'apparel': 143, 'caps': 379, 'other': 17, 'pins': 155}
2026-04-09 13:00:08,779 [INFO] ══ Poll complete ══

/Users/sterling/Library/Python/3.9/lib/python/site-packages/urllib3/__init__.py:35: NotOpenSSLWarning: urllib3 v2 only supports OpenSSL 1.1.1+, currently the 'ssl' module is compiled with 'LibreSSL 2.8.3'. See: https://github.com/urllib3/urllib3/issues/3020
  warnings.warn(
2026-04-09 13:30:05,884 [INFO] ══ Scally Tracker — 2026-04-09 01:30 PM CT ══
2026-04-09 13:30:05,887 [INFO] DB ready: /Users/sterling/app/scally-tracker/data/inventory.db
2026-04-09 13:30:07,496 [INFO] Fetched 640 products from BSC
2026-04-09 13:30:08,089 [INFO] Categories: {'apparel': 143, 'caps': 379, 'other': 17, 'pins': 155}
2026-04-09 13:30:08,193 [INFO] ══ Poll complete ══

/Users/sterling/Library/Python/3.9/lib/python/site-packages/urllib3/__init__.py:35: NotOpenSSLWarning: urllib3 v2 only supports OpenSSL 1.1.1+, currently the 'ssl' module is compiled with 'LibreSSL 2.8.3'. See: https://github.com/urllib3/urllib3/issues/3020
  warnings.warn(
2026-04-09 14:00:05,899 [INFO] ══ Scally Tracker — 2026-04-09 02:00 PM CT ══
2026-04-09 14:00:05,902 [INFO] DB ready: /Users/sterling/app/scally-tracker/data/inventory.db
2026-04-09 14:00:07,645 [INFO] Fetched 640 products from BSC
2026-04-09 14:00:08,245 [INFO] Categories: {'apparel': 143, 'caps': 379, 'other': 17, 'pins': 155}
2026-04-09 14:00:08,352 [INFO] ══ Poll complete ══

/Users/sterling/Library/Python/3.9/lib/python/site-packages/urllib3/__init__.py:35: NotOpenSSLWarning: urllib3 v2 only supports OpenSSL 1.1.1+, currently the 'ssl' module is compiled with 'LibreSSL 2.8.3'. See: https://github.com/urllib3/urllib3/issues/3020
  warnings.warn(
2026-04-09 14:30:05,923 [INFO] ══ Scally Tracker — 2026-04-09 02:30 PM CT ══
2026-04-09 14:30:05,926 [INFO] DB ready: /Users/sterling/app/scally-tracker/data/inventory.db
2026-04-09 14:30:07,709 [INFO] Fetched 640 products from BSC
2026-04-09 14:30:08,310 [INFO] Categories: {'apparel': 143, 'caps': 379, 'other': 17, 'pins': 155}
2026-04-09 14:30:08,418 [INFO] ══ Poll complete ══

/Users/sterling/Library/Python/3.9/lib/python/site-packages/urllib3/__init__.py:35: NotOpenSSLWarning: urllib3 v2 only supports OpenSSL 1.1.1+, currently the 'ssl' module is compiled with 'LibreSSL 2.8.3'. See: https://github.com/urllib3/urllib3/issues/3020
  warnings.warn(
2026-04-09 15:00:05,940 [INFO] ══ Scally Tracker — 2026-04-09 03:00 PM CT ══
2026-04-09 15:00:05,942 [INFO] DB ready: /Users/sterling/app/scally-tracker/data/inventory.db
2026-04-09 15:00:07,685 [INFO] Fetched 640 products from BSC
2026-04-09 15:00:08,307 [INFO] Categories: {'apparel': 143, 'caps': 379, 'other': 17, 'pins': 155}
2026-04-09 15:00:08,413 [INFO] ══ Poll complete ══

/Users/sterling/Library/Python/3.9/lib/python/site-packages/urllib3/__init__.py:35: NotOpenSSLWarning: urllib3 v2 only supports OpenSSL 1.1.1+, currently the 'ssl' module is compiled with 'LibreSSL 2.8.3'. See: https://github.com/urllib3/urllib3/issues/3020
  warnings.warn(
2026-04-09 15:30:05,963 [INFO] ══ Scally Tracker — 2026-04-09 03:30 PM CT ══
2026-04-09 15:30:05,966 [INFO] DB ready: /Users/sterling/app/scally-tracker/data/inventory.db
2026-04-09 15:30:07,616 [INFO] Fetched 640 products from BSC
2026-04-09 15:30:08,220 [INFO] Categories: {'apparel': 143, 'caps': 379, 'other': 17, 'pins': 155}
2026-04-09 15:30:08,320 [INFO] ══ Poll complete ══

/Users/sterling/Library/Python/3.9/lib/python/site-packages/urllib3/__init__.py:35: NotOpenSSLWarning: urllib3 v2 only supports OpenSSL 1.1.1+, currently the 'ssl' module is compiled with 'LibreSSL 2.8.3'. See: https://github.com/urllib3/urllib3/issues/3020
  warnings.warn(
2026-04-09 16:00:05,861 [INFO] ══ Scally Tracker — 2026-04-09 04:00 PM CT ══
2026-04-09 16:00:05,863 [INFO] DB ready: /Users/sterling/app/scally-tracker/data/inventory.db
2026-04-09 16:00:07,562 [INFO] Fetched 640 products from BSC
2026-04-09 16:00:08,165 [INFO] Categories: {'apparel': 143, 'caps': 379, 'other': 17, 'pins': 155}
2026-04-09 16:00:08,268 [INFO] ══ Poll complete ══

/Users/sterling/Library/Python/3.9/lib/python/site-packages/urllib3/__init__.py:35: NotOpenSSLWarning: urllib3 v2 only supports OpenSSL 1.1.1+, currently the 'ssl' module is compiled with 'LibreSSL 2.8.3'. See: https://github.com/urllib3/urllib3/issues/3020
  warnings.warn(
2026-04-09 16:30:05,947 [INFO] ══ Scally Tracker — 2026-04-09 04:30 PM CT ══
2026-04-09 16:30:05,950 [INFO] DB ready: /Users/sterling/app/scally-tracker/data/inventory.db
2026-04-09 16:30:08,011 [INFO] Fetched 640 products from BSC
2026-04-09 16:30:08,684 [INFO] Categories: {'apparel': 143, 'caps': 379, 'other': 17, 'pins': 155}
2026-04-09 16:30:08,780 [INFO] ══ Poll complete ══

/Users/sterling/Library/Python/3.9/lib/python/site-packages/urllib3/__init__.py:35: NotOpenSSLWarning: urllib3 v2 only supports OpenSSL 1.1.1+, currently the 'ssl' module is compiled with 'LibreSSL 2.8.3'. See: https://github.com/urllib3/urllib3/issues/3020
  warnings.warn(
2026-04-09 17:00:05,948 [INFO] ══ Scally Tracker — 2026-04-09 05:00 PM CT ══
2026-04-09 17:00:05,951 [INFO] DB ready: /Users/sterling/app/scally-tracker/data/inventory.db
2026-04-09 17:00:07,734 [INFO] Fetched 640 products from BSC
2026-04-09 17:00:08,360 [INFO] Categories: {'apparel': 143, 'caps': 379, 'other': 17, 'pins': 155}
2026-04-09 17:00:08,465 [INFO] ══ Poll complete ══

/Users/sterling/Library/Python/3.9/lib/python/site-packages/urllib3/__init__.py:35: NotOpenSSLWarning: urllib3 v2 only supports OpenSSL 1.1.1+, currently the 'ssl' module is compiled with 'LibreSSL 2.8.3'. See: https://github.com/urllib3/urllib3/issues/3020
  warnings.warn(
2026-04-09 17:30:05,968 [INFO] ══ Scally Tracker — 2026-04-09 05:30 PM CT ══
2026-04-09 17:30:05,971 [INFO] DB ready: /Users/sterling/app/scally-tracker/data/inventory.db
2026-04-09 17:30:07,757 [INFO] Fetched 640 products from BSC
2026-04-09 17:30:08,375 [INFO] Categories: {'apparel': 143, 'caps': 379, 'other': 17, 'pins': 155}
2026-04-09 17:30:08,460 [INFO] ══ Poll complete ══

/Users/sterling/Library/Python/3.9/lib/python/site-packages/urllib3/__init__.py:35: NotOpenSSLWarning: urllib3 v2 only supports OpenSSL 1.1.1+, currently the 'ssl' module is compiled with 'LibreSSL 2.8.3'. See: https://github.com/urllib3/urllib3/issues/3020
  warnings.warn(
2026-04-09 18:00:05,917 [INFO] ══ Scally Tracker — 2026-04-09 06:00 PM CT ══
2026-04-09 18:00:05,920 [INFO] DB ready: /Users/sterling/app/scally-tracker/data/inventory.db
2026-04-09 18:00:07,683 [INFO] Fetched 640 products from BSC
2026-04-09 18:00:08,294 [INFO] Categories: {'apparel': 143, 'caps': 379, 'other': 17, 'pins': 155}
2026-04-09 18:00:08,392 [INFO] ══ Poll complete ══

/Users/sterling/Library/Python/3.9/lib/python/site-packages/urllib3/__init__.py:35: NotOpenSSLWarning: urllib3 v2 only supports OpenSSL 1.1.1+, currently the 'ssl' module is compiled with 'LibreSSL 2.8.3'. See: https://github.com/urllib3/urllib3/issues/3020
  warnings.warn(
2026-04-09 18:30:05,934 [INFO] ══ Scally Tracker — 2026-04-09 06:30 PM CT ══
2026-04-09 18:30:05,937 [INFO] DB ready: /Users/sterling/app/scally-tracker/data/inventory.db
2026-04-09 18:30:07,752 [INFO] Fetched 640 products from BSC
2026-04-09 18:30:08,351 [INFO] Categories: {'apparel': 143, 'caps': 379, 'other': 17, 'pins': 155}
2026-04-09 18:30:08,455 [INFO] ══ Poll complete ══

/Users/sterling/Library/Python/3.9/lib/python/site-packages/urllib3/__init__.py:35: NotOpenSSLWarning: urllib3 v2 only supports OpenSSL 1.1.1+, currently the 'ssl' module is compiled with 'LibreSSL 2.8.3'. See: https://github.com/urllib3/urllib3/issues/3020
  warnings.warn(
2026-04-09 19:00:05,925 [INFO] ══ Scally Tracker — 2026-04-09 07:00 PM CT ══
2026-04-09 19:00:05,927 [INFO] DB ready: /Users/sterling/app/scally-tracker/data/inventory.db
2026-04-09 19:00:07,688 [INFO] Fetched 640 products from BSC
2026-04-09 19:00:08,314 [INFO] Purged 56 alert(s) older than 30 days
2026-04-09 19:00:08,315 [INFO] Categories: {'apparel': 143, 'caps': 379, 'other': 17, 'pins': 155}
2026-04-09 19:00:08,420 [INFO] ══ Poll complete ══

/Users/sterling/Library/Python/3.9/lib/python/site-packages/urllib3/__init__.py:35: NotOpenSSLWarning: urllib3 v2 only supports OpenSSL 1.1.1+, currently the 'ssl' module is compiled with 'LibreSSL 2.8.3'. See: https://github.com/urllib3/urllib3/issues/3020
  warnings.warn(
2026-04-10 07:00:02,878 [INFO] ══ Scally Tracker — 2026-04-10 07:00 AM CT ══
2026-04-10 07:00:02,881 [INFO] DB ready: /Users/sterling/app/scally-tracker/data/inventory.db
2026-04-10 07:00:04,560 [INFO] Fetched 640 products from BSC
2026-04-10 07:00:05,182 [INFO] Categories: {'apparel': 143, 'caps': 379, 'other': 17, 'pins': 155}
2026-04-10 07:00:05,288 [INFO] ══ Poll complete ══

/Users/sterling/Library/Python/3.9/lib/python/site-packages/urllib3/__init__.py:35: NotOpenSSLWarning: urllib3 v2 only supports OpenSSL 1.1.1+, currently the 'ssl' module is compiled with 'LibreSSL 2.8.3'. See: https://github.com/urllib3/urllib3/issues/3020
  warnings.warn(
2026-04-10 07:30:05,069 [INFO] ══ Scally Tracker — 2026-04-10 07:30 AM CT ══
2026-04-10 07:30:05,073 [INFO] DB ready: /Users/sterling/app/scally-tracker/data/inventory.db
2026-04-10 07:30:06,780 [INFO] Fetched 640 products from BSC
2026-04-10 07:30:07,367 [INFO] Categories: {'apparel': 143, 'caps': 379, 'other': 17, 'pins': 155}
2026-04-10 07:30:07,466 [INFO] ══ Poll complete ══

/Users/sterling/Library/Python/3.9/lib/python/site-packages/urllib3/__init__.py:35: NotOpenSSLWarning: urllib3 v2 only supports OpenSSL 1.1.1+, currently the 'ssl' module is compiled with 'LibreSSL 2.8.3'. See: https://github.com/urllib3/urllib3/issues/3020
  warnings.warn(
2026-04-10 08:00:06,089 [INFO] ══ Scally Tracker — 2026-04-10 08:00 AM CT ══
2026-04-10 08:00:06,092 [INFO] DB ready: /Users/sterling/app/scally-tracker/data/inventory.db
2026-04-10 08:00:07,740 [INFO] Fetched 640 products from BSC
2026-04-10 08:00:08,368 [INFO] Categories: {'apparel': 143, 'caps': 379, 'other': 17, 'pins': 155}
2026-04-10 08:00:08,471 [INFO] ══ Poll complete ══

/Users/sterling/Library/Python/3.9/lib/python/site-packages/urllib3/__init__.py:35: NotOpenSSLWarning: urllib3 v2 only supports OpenSSL 1.1.1+, currently the 'ssl' module is compiled with 'LibreSSL 2.8.3'. See: https://github.com/urllib3/urllib3/issues/3020
  warnings.warn(
2026-04-10 08:30:06,075 [INFO] ══ Scally Tracker — 2026-04-10 08:30 AM CT ══
2026-04-10 08:30:06,078 [INFO] DB ready: /Users/sterling/app/scally-tracker/data/inventory.db
2026-04-10 08:30:08,070 [INFO] Fetched 640 products from BSC
2026-04-10 08:30:09,685 [INFO] Categories: {'apparel': 143, 'caps': 379, 'other': 17, 'pins': 155}
2026-04-10 08:30:09,778 [INFO] ══ Poll complete ══

/Users/sterling/Library/Python/3.9/lib/python/site-packages/urllib3/__init__.py:35: NotOpenSSLWarning: urllib3 v2 only supports OpenSSL 1.1.1+, currently the 'ssl' module is compiled with 'LibreSSL 2.8.3'. See: https://github.com/urllib3/urllib3/issues/3020
  warnings.warn(
2026-04-10 09:00:05,917 [INFO] ══ Scally Tracker — 2026-04-10 09:00 AM CT ══
2026-04-10 09:00:05,919 [INFO] DB ready: /Users/sterling/app/scally-tracker/data/inventory.db
2026-04-10 09:00:07,698 [INFO] Fetched 640 products from BSC
2026-04-10 09:00:08,317 [INFO] Categories: {'apparel': 143, 'caps': 379, 'other': 17, 'pins': 155}
2026-04-10 09:00:08,424 [INFO] ══ Poll complete ══

/Users/sterling/Library/Python/3.9/lib/python/site-packages/urllib3/__init__.py:35: NotOpenSSLWarning: urllib3 v2 only supports OpenSSL 1.1.1+, currently the 'ssl' module is compiled with 'LibreSSL 2.8.3'. See: https://github.com/urllib3/urllib3/issues/3020
  warnings.warn(
2026-04-10 09:30:05,922 [INFO] ══ Scally Tracker — 2026-04-10 09:30 AM CT ══
2026-04-10 09:30:05,925 [INFO] DB ready: /Users/sterling/app/scally-tracker/data/inventory.db
2026-04-10 09:30:07,721 [INFO] Fetched 640 products from BSC
2026-04-10 09:30:08,338 [INFO] Categories: {'apparel': 143, 'caps': 379, 'other': 17, 'pins': 155}
2026-04-10 09:30:08,447 [INFO] ══ Poll complete ══

/Users/sterling/Library/Python/3.9/lib/python/site-packages/urllib3/__init__.py:35: NotOpenSSLWarning: urllib3 v2 only supports OpenSSL 1.1.1+, currently the 'ssl' module is compiled with 'LibreSSL 2.8.3'. See: https://github.com/urllib3/urllib3/issues/3020
  warnings.warn(
2026-04-10 10:00:05,921 [INFO] ══ Scally Tracker — 2026-04-10 10:00 AM CT ══
2026-04-10 10:00:05,924 [INFO] DB ready: /Users/sterling/app/scally-tracker/data/inventory.db
2026-04-10 10:00:07,569 [INFO] Fetched 640 products from BSC
2026-04-10 10:00:08,196 [INFO] Categories: {'apparel': 143, 'caps': 379, 'other': 17, 'pins': 155}
2026-04-10 10:00:08,305 [INFO] ══ Poll complete ══

/Users/sterling/Library/Python/3.9/lib/python/site-packages/urllib3/__init__.py:35: NotOpenSSLWarning: urllib3 v2 only supports OpenSSL 1.1.1+, currently the 'ssl' module is compiled with 'LibreSSL 2.8.3'. See: https://github.com/urllib3/urllib3/issues/3020
  warnings.warn(
2026-04-10 10:30:05,912 [INFO] ══ Scally Tracker — 2026-04-10 10:30 AM CT ══
2026-04-10 10:30:05,915 [INFO] DB ready: /Users/sterling/app/scally-tracker/data/inventory.db
2026-04-10 10:30:07,563 [INFO] Fetched 640 products from BSC
2026-04-10 10:30:08,203 [INFO] Categories: {'apparel': 143, 'caps': 379, 'other': 17, 'pins': 155}
2026-04-10 10:30:08,314 [INFO] ══ Poll complete ══

/Users/sterling/Library/Python/3.9/lib/python/site-packages/urllib3/__init__.py:35: NotOpenSSLWarning: urllib3 v2 only supports OpenSSL 1.1.1+, currently the 'ssl' module is compiled with 'LibreSSL 2.8.3'. See: https://github.com/urllib3/urllib3/issues/3020
  warnings.warn(
2026-04-10 11:00:05,961 [INFO] ══ Scally Tracker — 2026-04-10 11:00 AM CT ══
2026-04-10 11:00:05,964 [INFO] DB ready: /Users/sterling/app/scally-tracker/data/inventory.db
2026-04-10 11:00:07,653 [INFO] Fetched 643 products from BSC
2026-04-10 11:00:07,661 [INFO] NEW [pins]: Boston Scally The Azalea Cap Pin
2026-04-10 11:00:08,356 [INFO] ntfy 200: 🆕 New on BSC!
2026-04-10 11:00:08,364 [INFO] NEW [caps]: The Azalea Boston Scally Cap - Plaid Edition
2026-04-10 11:00:08,687 [INFO] ntfy 200: 🆕 New on BSC!
2026-04-10 11:00:08,693 [INFO] RELEASE auto-added: The Azalea - Plaid Edition on 4/10/26
2026-04-10 11:00:08,696 [INFO] NEW [caps]: The Azalea Boston Scally Cap - Patchwork Edition
2026-04-10 11:00:09,254 [INFO] ntfy 200: 🆕 New on BSC!
2026-04-10 11:00:09,256 [INFO] RELEASE auto-added: The Azalea - Patchwork Edition on 4/10/26
2026-04-10 11:00:09,864 [INFO] Categories: {'apparel': 143, 'caps': 381, 'other': 17, 'pins': 156}
2026-04-10 11:00:09,974 [INFO] ══ Poll complete ══

/Users/sterling/Library/Python/3.9/lib/python/site-packages/urllib3/__init__.py:35: NotOpenSSLWarning: urllib3 v2 only supports OpenSSL 1.1.1+, currently the 'ssl' module is compiled with 'LibreSSL 2.8.3'. See: https://github.com/urllib3/urllib3/issues/3020
  warnings.warn(
2026-04-10 11:30:03,082 [INFO] ══ Scally Tracker — 2026-04-10 11:30 AM CT ══
2026-04-10 11:30:03,085 [INFO] DB ready: /Users/sterling/app/scally-tracker/data/inventory.db
2026-04-10 11:30:05,490 [INFO] Fetched 643 products from BSC
2026-04-10 11:30:06,096 [INFO] Categories: {'apparel': 143, 'caps': 381, 'other': 17, 'pins': 156}
2026-04-10 11:30:06,202 [INFO] ══ Poll complete ══

/Users/sterling/Library/Python/3.9/lib/python/site-packages/urllib3/__init__.py:35: NotOpenSSLWarning: urllib3 v2 only supports OpenSSL 1.1.1+, currently the 'ssl' module is compiled with 'LibreSSL 2.8.3'. See: https://github.com/urllib3/urllib3/issues/3020
  warnings.warn(
2026-04-10 12:00:05,974 [INFO] ══ Scally Tracker — 2026-04-10 12:00 PM CT ══
2026-04-10 12:00:05,977 [INFO] DB ready: /Users/sterling/app/scally-tracker/data/inventory.db
2026-04-10 12:00:07,857 [INFO] Fetched 643 products from BSC
2026-04-10 12:00:08,470 [INFO] Categories: {'apparel': 143, 'caps': 381, 'other': 17, 'pins': 156}
2026-04-10 12:00:08,572 [INFO] ══ Poll complete ══

/Users/sterling/Library/Python/3.9/lib/python/site-packages/urllib3/__init__.py:35: NotOpenSSLWarning: urllib3 v2 only supports OpenSSL 1.1.1+, currently the 'ssl' module is compiled with 'LibreSSL 2.8.3'. See: https://github.com/urllib3/urllib3/issues/3020
  warnings.warn(
2026-04-10 12:30:05,878 [INFO] ══ Scally Tracker — 2026-04-10 12:30 PM CT ══
2026-04-10 12:30:05,881 [INFO] DB ready: /Users/sterling/app/scally-tracker/data/inventory.db
2026-04-10 12:30:07,734 [INFO] Fetched 643 products from BSC
2026-04-10 12:30:08,379 [INFO] Categories: {'apparel': 143, 'caps': 381, 'other': 17, 'pins': 156}
2026-04-10 12:30:08,490 [INFO] ══ Poll complete ══

/Users/sterling/Library/Python/3.9/lib/python/site-packages/urllib3/__init__.py:35: NotOpenSSLWarning: urllib3 v2 only supports OpenSSL 1.1.1+, currently the 'ssl' module is compiled with 'LibreSSL 2.8.3'. See: https://github.com/urllib3/urllib3/issues/3020
  warnings.warn(
2026-04-10 13:00:05,922 [INFO] ══ Scally Tracker — 2026-04-10 01:00 PM CT ══
2026-04-10 13:00:05,924 [INFO] DB ready: /Users/sterling/app/scally-tracker/data/inventory.db
2026-04-10 13:00:07,965 [INFO] Fetched 643 products from BSC
2026-04-10 13:00:08,609 [INFO] Categories: {'apparel': 143, 'caps': 381, 'other': 17, 'pins': 156}
2026-04-10 13:00:08,716 [INFO] ══ Poll complete ══

/Users/sterling/Library/Python/3.9/lib/python/site-packages/urllib3/__init__.py:35: NotOpenSSLWarning: urllib3 v2 only supports OpenSSL 1.1.1+, currently the 'ssl' module is compiled with 'LibreSSL 2.8.3'. See: https://github.com/urllib3/urllib3/issues/3020
  warnings.warn(
2026-04-10 13:30:05,942 [INFO] ══ Scally Tracker — 2026-04-10 01:30 PM CT ══
2026-04-10 13:30:05,945 [INFO] DB ready: /Users/sterling/app/scally-tracker/data/inventory.db
2026-04-10 13:30:07,669 [INFO] Fetched 643 products from BSC
2026-04-10 13:30:08,311 [INFO] Categories: {'apparel': 143, 'caps': 381, 'other': 17, 'pins': 156}
2026-04-10 13:30:08,417 [INFO] ══ Poll complete ══

/Users/sterling/Library/Python/3.9/lib/python/site-packages/urllib3/__init__.py:35: NotOpenSSLWarning: urllib3 v2 only supports OpenSSL 1.1.1+, currently the 'ssl' module is compiled with 'LibreSSL 2.8.3'. See: https://github.com/urllib3/urllib3/issues/3020
  warnings.warn(
2026-04-10 14:00:00,335 [INFO] ══ Scally Tracker — 2026-04-10 02:00 PM CT ══
2026-04-10 14:00:00,338 [INFO] DB ready: /Users/sterling/app/scally-tracker/data/inventory.db
2026-04-10 14:00:02,218 [INFO] Fetched 643 products from BSC
2026-04-10 14:00:02,867 [INFO] Categories: {'apparel': 143, 'caps': 381, 'other': 17, 'pins': 156}
2026-04-10 14:00:02,975 [INFO] ══ Poll complete ══

/Users/sterling/Library/Python/3.9/lib/python/site-packages/urllib3/__init__.py:35: NotOpenSSLWarning: urllib3 v2 only supports OpenSSL 1.1.1+, currently the 'ssl' module is compiled with 'LibreSSL 2.8.3'. See: https://github.com/urllib3/urllib3/issues/3020
  warnings.warn(
2026-04-10 14:30:05,227 [INFO] ══ Scally Tracker — 2026-04-10 02:30 PM CT ══
2026-04-10 14:30:05,229 [INFO] DB ready: /Users/sterling/app/scally-tracker/data/inventory.db
2026-04-10 14:30:07,041 [INFO] Fetched 643 products from BSC
2026-04-10 14:30:07,672 [INFO] Categories: {'apparel': 143, 'caps': 381, 'other': 17, 'pins': 156}
2026-04-10 14:30:07,775 [INFO] ══ Poll complete ══

/Users/sterling/Library/Python/3.9/lib/python/site-packages/urllib3/__init__.py:35: NotOpenSSLWarning: urllib3 v2 only supports OpenSSL 1.1.1+, currently the 'ssl' module is compiled with 'LibreSSL 2.8.3'. See: https://github.com/urllib3/urllib3/issues/3020
  warnings.warn(
2026-04-10 15:00:05,917 [INFO] ══ Scally Tracker — 2026-04-10 03:00 PM CT ══
2026-04-10 15:00:05,919 [INFO] DB ready: /Users/sterling/app/scally-tracker/data/inventory.db
2026-04-10 15:00:07,814 [INFO] Fetched 643 products from BSC
2026-04-10 15:00:08,470 [INFO] Categories: {'apparel': 143, 'caps': 381, 'other': 17, 'pins': 156}
2026-04-10 15:00:08,585 [INFO] ══ Poll complete ══

/Users/sterling/Library/Python/3.9/lib/python/site-packages/urllib3/__init__.py:35: NotOpenSSLWarning: urllib3 v2 only supports OpenSSL 1.1.1+, currently the 'ssl' module is compiled with 'LibreSSL 2.8.3'. See: https://github.com/urllib3/urllib3/issues/3020
  warnings.warn(
2026-04-10 15:30:05,931 [INFO] ══ Scally Tracker — 2026-04-10 03:30 PM CT ══
2026-04-10 15:30:05,934 [INFO] DB ready: /Users/sterling/app/scally-tracker/data/inventory.db
2026-04-10 15:30:07,709 [INFO] Fetched 643 products from BSC
2026-04-10 15:30:08,696 [INFO] Categories: {'apparel': 143, 'caps': 381, 'other': 17, 'pins': 156}
2026-04-10 15:30:08,801 [INFO] ══ Poll complete ══

/Users/sterling/Library/Python/3.9/lib/python/site-packages/urllib3/__init__.py:35: NotOpenSSLWarning: urllib3 v2 only supports OpenSSL 1.1.1+, currently the 'ssl' module is compiled with 'LibreSSL 2.8.3'. See: https://github.com/urllib3/urllib3/issues/3020
  warnings.warn(
2026-04-10 16:00:05,940 [INFO] ══ Scally Tracker — 2026-04-10 04:00 PM CT ══
2026-04-10 16:00:05,943 [INFO] DB ready: /Users/sterling/app/scally-tracker/data/inventory.db
2026-04-10 16:00:07,631 [INFO] Fetched 643 products from BSC
2026-04-10 16:00:08,301 [INFO] Categories: {'apparel': 143, 'caps': 381, 'other': 17, 'pins': 156}
2026-04-10 16:00:08,413 [INFO] ══ Poll complete ══

/Users/sterling/Library/Python/3.9/lib/python/site-packages/urllib3/__init__.py:35: NotOpenSSLWarning: urllib3 v2 only supports OpenSSL 1.1.1+, currently the 'ssl' module is compiled with 'LibreSSL 2.8.3'. See: https://github.com/urllib3/urllib3/issues/3020
  warnings.warn(
2026-04-10 16:30:05,925 [INFO] ══ Scally Tracker — 2026-04-10 04:30 PM CT ══
2026-04-10 16:30:05,928 [INFO] DB ready: /Users/sterling/app/scally-tracker/data/inventory.db
2026-04-10 16:30:07,874 [INFO] Fetched 643 products from BSC
2026-04-10 16:30:08,497 [INFO] Categories: {'apparel': 143, 'caps': 381, 'other': 17, 'pins': 156}
2026-04-10 16:30:08,598 [INFO] ══ Poll complete ══

/Users/sterling/Library/Python/3.9/lib/python/site-packages/urllib3/__init__.py:35: NotOpenSSLWarning: urllib3 v2 only supports OpenSSL 1.1.1+, currently the 'ssl' module is compiled with 'LibreSSL 2.8.3'. See: https://github.com/urllib3/urllib3/issues/3020
  warnings.warn(
2026-04-10 17:00:05,412 [INFO] ══ Scally Tracker — 2026-04-10 05:00 PM CT ══
2026-04-10 17:00:05,415 [INFO] DB ready: /Users/sterling/app/scally-tracker/data/inventory.db
2026-04-10 17:00:07,128 [INFO] Fetched 643 products from BSC
2026-04-10 17:00:07,758 [INFO] Categories: {'apparel': 143, 'caps': 381, 'other': 17, 'pins': 156}
2026-04-10 17:00:07,859 [INFO] ══ Poll complete ══

/Users/sterling/Library/Python/3.9/lib/python/site-packages/urllib3/__init__.py:35: NotOpenSSLWarning: urllib3 v2 only supports OpenSSL 1.1.1+, currently the 'ssl' module is compiled with 'LibreSSL 2.8.3'. See: https://github.com/urllib3/urllib3/issues/3020
  warnings.warn(
2026-04-10 17:30:05,345 [INFO] ══ Scally Tracker — 2026-04-10 05:30 PM CT ══
2026-04-10 17:30:05,348 [INFO] DB ready: /Users/sterling/app/scally-tracker/data/inventory.db
2026-04-10 17:30:07,193 [INFO] Fetched 643 products from BSC
2026-04-10 17:30:07,882 [INFO] Categories: {'apparel': 143, 'caps': 381, 'other': 17, 'pins': 156}
2026-04-10 17:30:08,011 [INFO] ══ Poll complete ══

/Users/sterling/Library/Python/3.9/lib/python/site-packages/urllib3/__init__.py:35: NotOpenSSLWarning: urllib3 v2 only supports OpenSSL 1.1.1+, currently the 'ssl' module is compiled with 'LibreSSL 2.8.3'. See: https://github.com/urllib3/urllib3/issues/3020
  warnings.warn(
2026-04-10 18:00:05,948 [INFO] ══ Scally Tracker — 2026-04-10 06:00 PM CT ══
2026-04-10 18:00:05,952 [INFO] DB ready: /Users/sterling/app/scally-tracker/data/inventory.db
2026-04-10 18:00:07,904 [INFO] Fetched 643 products from BSC
2026-04-10 18:00:08,558 [INFO] Categories: {'apparel': 143, 'caps': 381, 'other': 17, 'pins': 156}
2026-04-10 18:00:08,675 [INFO] ══ Poll complete ══

/Users/sterling/Library/Python/3.9/lib/python/site-packages/urllib3/__init__.py:35: NotOpenSSLWarning: urllib3 v2 only supports OpenSSL 1.1.1+, currently the 'ssl' module is compiled with 'LibreSSL 2.8.3'. See: https://github.com/urllib3/urllib3/issues/3020
  warnings.warn(
2026-04-10 18:30:06,069 [INFO] ══ Scally Tracker — 2026-04-10 06:30 PM CT ══
2026-04-10 18:30:06,071 [INFO] DB ready: /Users/sterling/app/scally-tracker/data/inventory.db
2026-04-10 18:30:08,009 [INFO] Fetched 643 products from BSC
2026-04-10 18:30:08,717 [INFO] Categories: {'apparel': 143, 'caps': 381, 'other': 17, 'pins': 156}
2026-04-10 18:30:08,831 [INFO] ══ Poll complete ══

/Users/sterling/Library/Python/3.9/lib/python/site-packages/urllib3/__init__.py:35: NotOpenSSLWarning: urllib3 v2 only supports OpenSSL 1.1.1+, currently the 'ssl' module is compiled with 'LibreSSL 2.8.3'. See: https://github.com/urllib3/urllib3/issues/3020
  warnings.warn(
2026-04-10 19:00:05,935 [INFO] ══ Scally Tracker — 2026-04-10 07:00 PM CT ══
2026-04-10 19:00:05,938 [INFO] DB ready: /Users/sterling/app/scally-tracker/data/inventory.db
2026-04-10 19:00:07,809 [INFO] Fetched 643 products from BSC
2026-04-10 19:00:08,628 [INFO] Purged 13 alert(s) older than 30 days
2026-04-10 19:00:08,628 [INFO] Categories: {'apparel': 143, 'caps': 381, 'other': 17, 'pins': 156}
2026-04-10 19:00:08,737 [INFO] ══ Poll complete ══

/Users/sterling/Library/Python/3.9/lib/python/site-packages/urllib3/__init__.py:35: NotOpenSSLWarning: urllib3 v2 only supports OpenSSL 1.1.1+, currently the 'ssl' module is compiled with 'LibreSSL 2.8.3'. See: https://github.com/urllib3/urllib3/issues/3020
  warnings.warn(
2026-04-11 07:00:05,235 [INFO] ══ Scally Tracker — 2026-04-11 07:00 AM CT ══
2026-04-11 07:00:05,238 [INFO] DB ready: /Users/sterling/app/scally-tracker/data/inventory.db
2026-04-11 07:00:06,987 [INFO] Fetched 643 products from BSC
2026-04-11 07:00:07,659 [INFO] Categories: {'apparel': 143, 'caps': 381, 'other': 17, 'pins': 156}
2026-04-11 07:00:07,773 [INFO] ══ Poll complete ══

/Users/sterling/Library/Python/3.9/lib/python/site-packages/urllib3/__init__.py:35: NotOpenSSLWarning: urllib3 v2 only supports OpenSSL 1.1.1+, currently the 'ssl' module is compiled with 'LibreSSL 2.8.3'. See: https://github.com/urllib3/urllib3/issues/3020
  warnings.warn(
2026-04-11 07:30:05,862 [INFO] ══ Scally Tracker — 2026-04-11 07:30 AM CT ══
2026-04-11 07:30:05,866 [INFO] DB ready: /Users/sterling/app/scally-tracker/data/inventory.db
2026-04-11 07:30:07,642 [INFO] Fetched 643 products from BSC
2026-04-11 07:30:08,235 [INFO] Categories: {'apparel': 143, 'caps': 381, 'other': 17, 'pins': 156}
2026-04-11 07:30:08,352 [INFO] ══ Poll complete ══

/Users/sterling/Library/Python/3.9/lib/python/site-packages/urllib3/__init__.py:35: NotOpenSSLWarning: urllib3 v2 only supports OpenSSL 1.1.1+, currently the 'ssl' module is compiled with 'LibreSSL 2.8.3'. See: https://github.com/urllib3/urllib3/issues/3020
  warnings.warn(
2026-04-11 08:00:05,905 [INFO] ══ Scally Tracker — 2026-04-11 08:00 AM CT ══
2026-04-11 08:00:05,909 [INFO] DB ready: /Users/sterling/app/scally-tracker/data/inventory.db
2026-04-11 08:00:10,567 [INFO] Fetched 643 products from BSC
2026-04-11 08:00:11,213 [INFO] Categories: {'apparel': 143, 'caps': 381, 'other': 17, 'pins': 156}
2026-04-11 08:00:11,347 [INFO] ══ Poll complete ══

/Users/sterling/Library/Python/3.9/lib/python/site-packages/urllib3/__init__.py:35: NotOpenSSLWarning: urllib3 v2 only supports OpenSSL 1.1.1+, currently the 'ssl' module is compiled with 'LibreSSL 2.8.3'. See: https://github.com/urllib3/urllib3/issues/3020
  warnings.warn(
2026-04-11 08:30:05,879 [INFO] ══ Scally Tracker — 2026-04-11 08:30 AM CT ══
2026-04-11 08:30:05,881 [INFO] DB ready: /Users/sterling/app/scally-tracker/data/inventory.db
2026-04-11 08:30:07,523 [INFO] Fetched 643 products from BSC
2026-04-11 08:30:08,207 [INFO] Categories: {'apparel': 143, 'caps': 381, 'other': 17, 'pins': 156}
2026-04-11 08:30:08,322 [INFO] ══ Poll complete ══

/Users/sterling/Library/Python/3.9/lib/python/site-packages/urllib3/__init__.py:35: NotOpenSSLWarning: urllib3 v2 only supports OpenSSL 1.1.1+, currently the 'ssl' module is compiled with 'LibreSSL 2.8.3'. See: https://github.com/urllib3/urllib3/issues/3020
  warnings.warn(
2026-04-11 09:00:03,659 [INFO] ══ Scally Tracker — 2026-04-11 09:00 AM CT ══
2026-04-11 09:00:03,662 [INFO] DB ready: /Users/sterling/app/scally-tracker/data/inventory.db
2026-04-11 09:00:05,698 [INFO] Fetched 643 products from BSC
2026-04-11 09:00:06,368 [INFO] Categories: {'apparel': 143, 'caps': 381, 'other': 17, 'pins': 156}
2026-04-11 09:00:06,492 [INFO] ══ Poll complete ══

/Users/sterling/Library/Python/3.9/lib/python/site-packages/urllib3/__init__.py:35: NotOpenSSLWarning: urllib3 v2 only supports OpenSSL 1.1.1+, currently the 'ssl' module is compiled with 'LibreSSL 2.8.3'. See: https://github.com/urllib3/urllib3/issues/3020
  warnings.warn(
2026-04-11 09:30:05,373 [INFO] ══ Scally Tracker — 2026-04-11 09:30 AM CT ══
2026-04-11 09:30:05,376 [INFO] DB ready: /Users/sterling/app/scally-tracker/data/inventory.db
2026-04-11 09:30:07,258 [INFO] Fetched 643 products from BSC
2026-04-11 09:30:07,921 [INFO] Categories: {'apparel': 143, 'caps': 381, 'other': 17, 'pins': 156}
2026-04-11 09:30:08,036 [INFO] ══ Poll complete ══

/Users/sterling/Library/Python/3.9/lib/python/site-packages/urllib3/__init__.py:35: NotOpenSSLWarning: urllib3 v2 only supports OpenSSL 1.1.1+, currently the 'ssl' module is compiled with 'LibreSSL 2.8.3'. See: https://github.com/urllib3/urllib3/issues/3020
  warnings.warn(
2026-04-11 10:00:05,232 [INFO] ══ Scally Tracker — 2026-04-11 10:00 AM CT ══
2026-04-11 10:00:05,236 [INFO] DB ready: /Users/sterling/app/scally-tracker/data/inventory.db
2026-04-11 10:00:06,990 [INFO] Fetched 643 products from BSC
2026-04-11 10:00:07,652 [INFO] Categories: {'apparel': 143, 'caps': 381, 'other': 17, 'pins': 156}
2026-04-11 10:00:07,770 [INFO] ══ Poll complete ══

/Users/sterling/Library/Python/3.9/lib/python/site-packages/urllib3/__init__.py:35: NotOpenSSLWarning: urllib3 v2 only supports OpenSSL 1.1.1+, currently the 'ssl' module is compiled with 'LibreSSL 2.8.3'. See: https://github.com/urllib3/urllib3/issues/3020
  warnings.warn(
2026-04-11 10:30:05,892 [INFO] ══ Scally Tracker — 2026-04-11 10:30 AM CT ══
2026-04-11 10:30:05,894 [INFO] DB ready: /Users/sterling/app/scally-tracker/data/inventory.db
2026-04-11 10:30:07,738 [INFO] Fetched 643 products from BSC
2026-04-11 10:30:08,394 [INFO] Categories: {'apparel': 143, 'caps': 381, 'other': 17, 'pins': 156}
2026-04-11 10:30:08,506 [INFO] ══ Poll complete ══

/Users/sterling/Library/Python/3.9/lib/python/site-packages/urllib3/__init__.py:35: NotOpenSSLWarning: urllib3 v2 only supports OpenSSL 1.1.1+, currently the 'ssl' module is compiled with 'LibreSSL 2.8.3'. See: https://github.com/urllib3/urllib3/issues/3020
  warnings.warn(
2026-04-11 11:00:05,881 [INFO] ══ Scally Tracker — 2026-04-11 11:00 AM CT ══
2026-04-11 11:00:05,883 [INFO] DB ready: /Users/sterling/app/scally-tracker/data/inventory.db
2026-04-11 11:00:07,994 [INFO] Fetched 643 products from BSC
2026-04-11 11:00:08,655 [INFO] Categories: {'apparel': 143, 'caps': 381, 'other': 17, 'pins': 156}
2026-04-11 11:00:08,764 [INFO] ══ Poll complete ══

/Users/sterling/Library/Python/3.9/lib/python/site-packages/urllib3/__init__.py:35: NotOpenSSLWarning: urllib3 v2 only supports OpenSSL 1.1.1+, currently the 'ssl' module is compiled with 'LibreSSL 2.8.3'. See: https://github.com/urllib3/urllib3/issues/3020
  warnings.warn(
2026-04-11 11:30:05,880 [INFO] ══ Scally Tracker — 2026-04-11 11:30 AM CT ══
2026-04-11 11:30:05,882 [INFO] DB ready: /Users/sterling/app/scally-tracker/data/inventory.db
2026-04-11 11:30:13,182 [INFO] Fetched 643 products from BSC
2026-04-11 11:30:13,827 [INFO] Categories: {'apparel': 143, 'caps': 381, 'other': 17, 'pins': 156}
2026-04-11 11:30:13,946 [INFO] ══ Poll complete ══

/Users/sterling/Library/Python/3.9/lib/python/site-packages/urllib3/__init__.py:35: NotOpenSSLWarning: urllib3 v2 only supports OpenSSL 1.1.1+, currently the 'ssl' module is compiled with 'LibreSSL 2.8.3'. See: https://github.com/urllib3/urllib3/issues/3020
  warnings.warn(
2026-04-11 12:00:05,912 [INFO] ══ Scally Tracker — 2026-04-11 12:00 PM CT ══
2026-04-11 12:00:05,915 [INFO] DB ready: /Users/sterling/app/scally-tracker/data/inventory.db
2026-04-11 12:00:07,736 [INFO] Fetched 643 products from BSC
2026-04-11 12:00:08,409 [INFO] Categories: {'apparel': 143, 'caps': 381, 'other': 17, 'pins': 156}
2026-04-11 12:00:08,500 [INFO] ══ Poll complete ══

/Users/sterling/Library/Python/3.9/lib/python/site-packages/urllib3/__init__.py:35: NotOpenSSLWarning: urllib3 v2 only supports OpenSSL 1.1.1+, currently the 'ssl' module is compiled with 'LibreSSL 2.8.3'. See: https://github.com/urllib3/urllib3/issues/3020
  warnings.warn(
2026-04-11 12:30:05,900 [INFO] ══ Scally Tracker — 2026-04-11 12:30 PM CT ══
2026-04-11 12:30:05,904 [INFO] DB ready: /Users/sterling/app/scally-tracker/data/inventory.db
2026-04-11 12:30:07,778 [INFO] Fetched 643 products from BSC
2026-04-11 12:30:08,407 [INFO] Categories: {'apparel': 143, 'caps': 381, 'other': 17, 'pins': 156}
2026-04-11 12:30:08,516 [INFO] ══ Poll complete ══

/Users/sterling/Library/Python/3.9/lib/python/site-packages/urllib3/__init__.py:35: NotOpenSSLWarning: urllib3 v2 only supports OpenSSL 1.1.1+, currently the 'ssl' module is compiled with 'LibreSSL 2.8.3'. See: https://github.com/urllib3/urllib3/issues/3020
  warnings.warn(
2026-04-11 13:00:05,888 [INFO] ══ Scally Tracker — 2026-04-11 01:00 PM CT ══
2026-04-11 13:00:05,891 [INFO] DB ready: /Users/sterling/app/scally-tracker/data/inventory.db
2026-04-11 13:00:07,560 [INFO] Fetched 643 products from BSC
2026-04-11 13:00:08,193 [INFO] Categories: {'apparel': 143, 'caps': 381, 'other': 17, 'pins': 156}
2026-04-11 13:00:08,299 [INFO] ══ Poll complete ══

/Users/sterling/Library/Python/3.9/lib/python/site-packages/urllib3/__init__.py:35: NotOpenSSLWarning: urllib3 v2 only supports OpenSSL 1.1.1+, currently the 'ssl' module is compiled with 'LibreSSL 2.8.3'. See: https://github.com/urllib3/urllib3/issues/3020
  warnings.warn(
2026-04-11 13:30:06,107 [INFO] ══ Scally Tracker — 2026-04-11 01:30 PM CT ══
2026-04-11 13:30:06,110 [INFO] DB ready: /Users/sterling/app/scally-tracker/data/inventory.db
2026-04-11 13:30:08,054 [INFO] Fetched 643 products from BSC
2026-04-11 13:30:08,673 [INFO] Categories: {'apparel': 143, 'caps': 381, 'other': 17, 'pins': 156}
2026-04-11 13:30:08,779 [INFO] ══ Poll complete ══

/Users/sterling/Library/Python/3.9/lib/python/site-packages/urllib3/__init__.py:35: NotOpenSSLWarning: urllib3 v2 only supports OpenSSL 1.1.1+, currently the 'ssl' module is compiled with 'LibreSSL 2.8.3'. See: https://github.com/urllib3/urllib3/issues/3020
  warnings.warn(
2026-04-11 14:00:05,911 [INFO] ══ Scally Tracker — 2026-04-11 02:00 PM CT ══
2026-04-11 14:00:05,914 [INFO] DB ready: /Users/sterling/app/scally-tracker/data/inventory.db
2026-04-11 14:00:07,714 [INFO] Fetched 643 products from BSC
2026-04-11 14:00:08,364 [INFO] Categories: {'apparel': 143, 'caps': 381, 'other': 17, 'pins': 156}
2026-04-11 14:00:08,479 [INFO] ══ Poll complete ══

/Users/sterling/Library/Python/3.9/lib/python/site-packages/urllib3/__init__.py:35: NotOpenSSLWarning: urllib3 v2 only supports OpenSSL 1.1.1+, currently the 'ssl' module is compiled with 'LibreSSL 2.8.3'. See: https://github.com/urllib3/urllib3/issues/3020
  warnings.warn(
2026-04-11 14:30:05,870 [INFO] ══ Scally Tracker — 2026-04-11 02:30 PM CT ══
2026-04-11 14:30:05,873 [INFO] DB ready: /Users/sterling/app/scally-tracker/data/inventory.db
2026-04-11 14:30:07,473 [INFO] Fetched 643 products from BSC
2026-04-11 14:30:08,119 [INFO] Categories: {'apparel': 143, 'caps': 381, 'other': 17, 'pins': 156}
2026-04-11 14:30:08,231 [INFO] ══ Poll complete ══

/Users/sterling/Library/Python/3.9/lib/python/site-packages/urllib3/__init__.py:35: NotOpenSSLWarning: urllib3 v2 only supports OpenSSL 1.1.1+, currently the 'ssl' module is compiled with 'LibreSSL 2.8.3'. See: https://github.com/urllib3/urllib3/issues/3020
  warnings.warn(
2026-04-11 15:00:05,859 [INFO] ══ Scally Tracker — 2026-04-11 03:00 PM CT ══
2026-04-11 15:00:05,862 [INFO] DB ready: /Users/sterling/app/scally-tracker/data/inventory.db
2026-04-11 15:00:07,616 [INFO] Fetched 643 products from BSC
2026-04-11 15:00:08,262 [INFO] Categories: {'apparel': 143, 'caps': 381, 'other': 17, 'pins': 156}
2026-04-11 15:00:08,384 [INFO] ══ Poll complete ══

/Users/sterling/Library/Python/3.9/lib/python/site-packages/urllib3/__init__.py:35: NotOpenSSLWarning: urllib3 v2 only supports OpenSSL 1.1.1+, currently the 'ssl' module is compiled with 'LibreSSL 2.8.3'. See: https://github.com/urllib3/urllib3/issues/3020
  warnings.warn(
2026-04-11 15:30:05,885 [INFO] ══ Scally Tracker — 2026-04-11 03:30 PM CT ══
2026-04-11 15:30:05,888 [INFO] DB ready: /Users/sterling/app/scally-tracker/data/inventory.db
2026-04-11 15:30:07,553 [INFO] Fetched 643 products from BSC
2026-04-11 15:30:08,186 [INFO] Categories: {'apparel': 143, 'caps': 381, 'other': 17, 'pins': 156}
2026-04-11 15:30:08,302 [INFO] ══ Poll complete ══

/Users/sterling/Library/Python/3.9/lib/python/site-packages/urllib3/__init__.py:35: NotOpenSSLWarning: urllib3 v2 only supports OpenSSL 1.1.1+, currently the 'ssl' module is compiled with 'LibreSSL 2.8.3'. See: https://github.com/urllib3/urllib3/issues/3020
  warnings.warn(
2026-04-11 16:00:03,874 [INFO] ══ Scally Tracker — 2026-04-11 04:00 PM CT ══
2026-04-11 16:00:03,877 [INFO] DB ready: /Users/sterling/app/scally-tracker/data/inventory.db
2026-04-11 16:00:05,812 [INFO] Fetched 643 products from BSC
2026-04-11 16:00:06,441 [INFO] Categories: {'apparel': 143, 'caps': 381, 'other': 17, 'pins': 156}
2026-04-11 16:00:06,557 [INFO] ══ Poll complete ══

/Users/sterling/Library/Python/3.9/lib/python/site-packages/urllib3/__init__.py:35: NotOpenSSLWarning: urllib3 v2 only supports OpenSSL 1.1.1+, currently the 'ssl' module is compiled with 'LibreSSL 2.8.3'. See: https://github.com/urllib3/urllib3/issues/3020
  warnings.warn(
2026-04-11 16:30:05,893 [INFO] ══ Scally Tracker — 2026-04-11 04:30 PM CT ══
2026-04-11 16:30:05,895 [INFO] DB ready: /Users/sterling/app/scally-tracker/data/inventory.db
2026-04-11 16:30:07,784 [INFO] Fetched 643 products from BSC
2026-04-11 16:30:08,415 [INFO] Categories: {'apparel': 143, 'caps': 381, 'other': 17, 'pins': 156}
2026-04-11 16:30:08,505 [INFO] ══ Poll complete ══

/Users/sterling/Library/Python/3.9/lib/python/site-packages/urllib3/__init__.py:35: NotOpenSSLWarning: urllib3 v2 only supports OpenSSL 1.1.1+, currently the 'ssl' module is compiled with 'LibreSSL 2.8.3'. See: https://github.com/urllib3/urllib3/issues/3020
  warnings.warn(
2026-04-11 17:00:05,876 [INFO] ══ Scally Tracker — 2026-04-11 05:00 PM CT ══
2026-04-11 17:00:05,880 [INFO] DB ready: /Users/sterling/app/scally-tracker/data/inventory.db
2026-04-11 17:00:07,644 [INFO] Fetched 643 products from BSC
2026-04-11 17:00:08,272 [INFO] Categories: {'apparel': 143, 'caps': 381, 'other': 17, 'pins': 156}
2026-04-11 17:00:08,385 [INFO] ══ Poll complete ══

/Users/sterling/Library/Python/3.9/lib/python/site-packages/urllib3/__init__.py:35: NotOpenSSLWarning: urllib3 v2 only supports OpenSSL 1.1.1+, currently the 'ssl' module is compiled with 'LibreSSL 2.8.3'. See: https://github.com/urllib3/urllib3/issues/3020
  warnings.warn(
2026-04-11 17:30:05,858 [INFO] ══ Scally Tracker — 2026-04-11 05:30 PM CT ══
2026-04-11 17:30:05,861 [INFO] DB ready: /Users/sterling/app/scally-tracker/data/inventory.db
2026-04-11 17:30:07,534 [INFO] Fetched 643 products from BSC
2026-04-11 17:30:08,164 [INFO] Categories: {'apparel': 143, 'caps': 381, 'other': 17, 'pins': 156}
2026-04-11 17:30:08,274 [INFO] ══ Poll complete ══

/Users/sterling/Library/Python/3.9/lib/python/site-packages/urllib3/__init__.py:35: NotOpenSSLWarning: urllib3 v2 only supports OpenSSL 1.1.1+, currently the 'ssl' module is compiled with 'LibreSSL 2.8.3'. See: https://github.com/urllib3/urllib3/issues/3020
  warnings.warn(
2026-04-11 18:00:05,871 [INFO] ══ Scally Tracker — 2026-04-11 06:00 PM CT ══
2026-04-11 18:00:05,873 [INFO] DB ready: /Users/sterling/app/scally-tracker/data/inventory.db
2026-04-11 18:00:07,563 [INFO] Fetched 643 products from BSC
2026-04-11 18:00:08,221 [INFO] Categories: {'apparel': 143, 'caps': 381, 'other': 17, 'pins': 156}
2026-04-11 18:00:08,332 [INFO] ══ Poll complete ══

/Users/sterling/Library/Python/3.9/lib/python/site-packages/urllib3/__init__.py:35: NotOpenSSLWarning: urllib3 v2 only supports OpenSSL 1.1.1+, currently the 'ssl' module is compiled with 'LibreSSL 2.8.3'. See: https://github.com/urllib3/urllib3/issues/3020
  warnings.warn(
2026-04-11 18:30:05,891 [INFO] ══ Scally Tracker — 2026-04-11 06:30 PM CT ══
2026-04-11 18:30:05,893 [INFO] DB ready: /Users/sterling/app/scally-tracker/data/inventory.db
2026-04-11 18:30:07,486 [INFO] Fetched 643 products from BSC
2026-04-11 18:30:08,116 [INFO] Categories: {'apparel': 143, 'caps': 381, 'other': 17, 'pins': 156}
2026-04-11 18:30:08,221 [INFO] ══ Poll complete ══

/Users/sterling/Library/Python/3.9/lib/python/site-packages/urllib3/__init__.py:35: NotOpenSSLWarning: urllib3 v2 only supports OpenSSL 1.1.1+, currently the 'ssl' module is compiled with 'LibreSSL 2.8.3'. See: https://github.com/urllib3/urllib3/issues/3020
  warnings.warn(
2026-04-11 19:00:05,871 [INFO] ══ Scally Tracker — 2026-04-11 07:00 PM CT ══
2026-04-11 19:00:05,874 [INFO] DB ready: /Users/sterling/app/scally-tracker/data/inventory.db
2026-04-11 19:00:07,561 [INFO] Fetched 643 products from BSC
2026-04-11 19:00:08,206 [INFO] Purged 95 alert(s) older than 30 days
2026-04-11 19:00:08,206 [INFO] Categories: {'apparel': 143, 'caps': 381, 'other': 17, 'pins': 156}
2026-04-11 19:00:08,320 [INFO] ══ Poll complete ══

/Users/sterling/Library/Python/3.9/lib/python/site-packages/urllib3/__init__.py:35: NotOpenSSLWarning: urllib3 v2 only supports OpenSSL 1.1.1+, currently the 'ssl' module is compiled with 'LibreSSL 2.8.3'. See: https://github.com/urllib3/urllib3/issues/3020
  warnings.warn(
2026-04-12 07:00:05,944 [INFO] ══ Scally Tracker — 2026-04-12 07:00 AM CT ══
2026-04-12 07:00:05,947 [INFO] DB ready: /Users/sterling/app/scally-tracker/data/inventory.db
2026-04-12 07:00:07,687 [INFO] Fetched 643 products from BSC
2026-04-12 07:00:08,343 [INFO] Categories: {'apparel': 143, 'caps': 381, 'other': 17, 'pins': 156}
2026-04-12 07:00:08,447 [INFO] ══ Poll complete ══

/Users/sterling/Library/Python/3.9/lib/python/site-packages/urllib3/__init__.py:35: NotOpenSSLWarning: urllib3 v2 only supports OpenSSL 1.1.1+, currently the 'ssl' module is compiled with 'LibreSSL 2.8.3'. See: https://github.com/urllib3/urllib3/issues/3020
  warnings.warn(
2026-04-12 07:30:05,910 [INFO] ══ Scally Tracker — 2026-04-12 07:30 AM CT ══
2026-04-12 07:30:05,914 [INFO] DB ready: /Users/sterling/app/scally-tracker/data/inventory.db
2026-04-12 07:30:07,426 [INFO] Fetched 643 products from BSC
2026-04-12 07:30:08,043 [INFO] Categories: {'apparel': 143, 'caps': 381, 'other': 17, 'pins': 156}
2026-04-12 07:30:08,144 [INFO] ══ Poll complete ══

/Users/sterling/Library/Python/3.9/lib/python/site-packages/urllib3/__init__.py:35: NotOpenSSLWarning: urllib3 v2 only supports OpenSSL 1.1.1+, currently the 'ssl' module is compiled with 'LibreSSL 2.8.3'. See: https://github.com/urllib3/urllib3/issues/3020
  warnings.warn(
2026-04-12 08:00:05,880 [INFO] ══ Scally Tracker — 2026-04-12 08:00 AM CT ══
2026-04-12 08:00:05,883 [INFO] DB ready: /Users/sterling/app/scally-tracker/data/inventory.db
2026-04-12 08:00:08,416 [INFO] Fetched 643 products from BSC
2026-04-12 08:00:09,068 [INFO] Categories: {'apparel': 143, 'caps': 381, 'other': 17, 'pins': 156}
2026-04-12 08:00:09,176 [INFO] ══ Poll complete ══

/Users/sterling/Library/Python/3.9/lib/python/site-packages/urllib3/__init__.py:35: NotOpenSSLWarning: urllib3 v2 only supports OpenSSL 1.1.1+, currently the 'ssl' module is compiled with 'LibreSSL 2.8.3'. See: https://github.com/urllib3/urllib3/issues/3020
  warnings.warn(
2026-04-12 08:30:05,877 [INFO] ══ Scally Tracker — 2026-04-12 08:30 AM CT ══
2026-04-12 08:30:05,879 [INFO] DB ready: /Users/sterling/app/scally-tracker/data/inventory.db
2026-04-12 08:30:07,559 [INFO] Fetched 643 products from BSC
2026-04-12 08:30:08,178 [INFO] Categories: {'apparel': 143, 'caps': 381, 'other': 17, 'pins': 156}
2026-04-12 08:30:08,283 [INFO] ══ Poll complete ══

/Users/sterling/Library/Python/3.9/lib/python/site-packages/urllib3/__init__.py:35: NotOpenSSLWarning: urllib3 v2 only supports OpenSSL 1.1.1+, currently the 'ssl' module is compiled with 'LibreSSL 2.8.3'. See: https://github.com/urllib3/urllib3/issues/3020
  warnings.warn(
2026-04-12 09:00:05,856 [INFO] ══ Scally Tracker — 2026-04-12 09:00 AM CT ══
2026-04-12 09:00:05,859 [INFO] DB ready: /Users/sterling/app/scally-tracker/data/inventory.db
2026-04-12 09:00:07,655 [INFO] Fetched 643 products from BSC
2026-04-12 09:00:08,287 [INFO] Categories: {'apparel': 143, 'caps': 381, 'other': 17, 'pins': 156}
2026-04-12 09:00:08,376 [INFO] ══ Poll complete ══

/Users/sterling/Library/Python/3.9/lib/python/site-packages/urllib3/__init__.py:35: NotOpenSSLWarning: urllib3 v2 only supports OpenSSL 1.1.1+, currently the 'ssl' module is compiled with 'LibreSSL 2.8.3'. See: https://github.com/urllib3/urllib3/issues/3020
  warnings.warn(
2026-04-12 09:30:05,866 [INFO] ══ Scally Tracker — 2026-04-12 09:30 AM CT ══
2026-04-12 09:30:05,869 [INFO] DB ready: /Users/sterling/app/scally-tracker/data/inventory.db
2026-04-12 09:30:07,473 [INFO] Fetched 643 products from BSC
2026-04-12 09:30:08,084 [INFO] Categories: {'apparel': 143, 'caps': 381, 'other': 17, 'pins': 156}
2026-04-12 09:30:08,195 [INFO] ══ Poll complete ══

/Users/sterling/Library/Python/3.9/lib/python/site-packages/urllib3/__init__.py:35: NotOpenSSLWarning: urllib3 v2 only supports OpenSSL 1.1.1+, currently the 'ssl' module is compiled with 'LibreSSL 2.8.3'. See: https://github.com/urllib3/urllib3/issues/3020
  warnings.warn(
2026-04-12 10:00:05,878 [INFO] ══ Scally Tracker — 2026-04-12 10:00 AM CT ══
2026-04-12 10:00:05,881 [INFO] DB ready: /Users/sterling/app/scally-tracker/data/inventory.db
2026-04-12 10:00:07,526 [INFO] Fetched 643 products from BSC
2026-04-12 10:00:08,130 [INFO] Categories: {'apparel': 143, 'caps': 381, 'other': 17, 'pins': 156}
2026-04-12 10:00:08,236 [INFO] ══ Poll complete ══

/Users/sterling/Library/Python/3.9/lib/python/site-packages/urllib3/__init__.py:35: NotOpenSSLWarning: urllib3 v2 only supports OpenSSL 1.1.1+, currently the 'ssl' module is compiled with 'LibreSSL 2.8.3'. See: https://github.com/urllib3/urllib3/issues/3020
  warnings.warn(
2026-04-12 10:30:05,878 [INFO] ══ Scally Tracker — 2026-04-12 10:30 AM CT ══
2026-04-12 10:30:05,881 [INFO] DB ready: /Users/sterling/app/scally-tracker/data/inventory.db
2026-04-12 10:30:07,799 [INFO] Fetched 643 products from BSC
2026-04-12 10:30:08,422 [INFO] Categories: {'apparel': 143, 'caps': 381, 'other': 17, 'pins': 156}
2026-04-12 10:30:08,493 [INFO] ══ Poll complete ══

/Users/sterling/Library/Python/3.9/lib/python/site-packages/urllib3/__init__.py:35: NotOpenSSLWarning: urllib3 v2 only supports OpenSSL 1.1.1+, currently the 'ssl' module is compiled with 'LibreSSL 2.8.3'. See: https://github.com/urllib3/urllib3/issues/3020
  warnings.warn(
2026-04-12 11:00:05,868 [INFO] ══ Scally Tracker — 2026-04-12 11:00 AM CT ══
2026-04-12 11:00:05,871 [INFO] DB ready: /Users/sterling/app/scally-tracker/data/inventory.db
2026-04-12 11:00:07,663 [INFO] Fetched 643 products from BSC
2026-04-12 11:00:08,263 [INFO] Categories: {'apparel': 143, 'caps': 381, 'other': 17, 'pins': 156}
2026-04-12 11:00:08,343 [INFO] ══ Poll complete ══

/Users/sterling/Library/Python/3.9/lib/python/site-packages/urllib3/__init__.py:35: NotOpenSSLWarning: urllib3 v2 only supports OpenSSL 1.1.1+, currently the 'ssl' module is compiled with 'LibreSSL 2.8.3'. See: https://github.com/urllib3/urllib3/issues/3020
  warnings.warn(
2026-04-12 11:30:02,936 [INFO] ══ Scally Tracker — 2026-04-12 11:30 AM CT ══
2026-04-12 11:30:02,939 [INFO] DB ready: /Users/sterling/app/scally-tracker/data/inventory.db
2026-04-12 11:30:04,816 [INFO] Fetched 643 products from BSC
2026-04-12 11:30:05,393 [INFO] Categories: {'apparel': 143, 'caps': 381, 'other': 17, 'pins': 156}
2026-04-12 11:30:05,495 [INFO] ══ Poll complete ══

/Users/sterling/Library/Python/3.9/lib/python/site-packages/urllib3/__init__.py:35: NotOpenSSLWarning: urllib3 v2 only supports OpenSSL 1.1.1+, currently the 'ssl' module is compiled with 'LibreSSL 2.8.3'. See: https://github.com/urllib3/urllib3/issues/3020
  warnings.warn(
2026-04-12 12:00:05,959 [INFO] ══ Scally Tracker — 2026-04-12 12:00 PM CT ══
2026-04-12 12:00:05,962 [INFO] DB ready: /Users/sterling/app/scally-tracker/data/inventory.db
2026-04-12 12:00:07,645 [INFO] Fetched 643 products from BSC
2026-04-12 12:00:08,257 [INFO] Categories: {'apparel': 143, 'caps': 381, 'other': 17, 'pins': 156}
2026-04-12 12:00:08,345 [INFO] ══ Poll complete ══

/Users/sterling/Library/Python/3.9/lib/python/site-packages/urllib3/__init__.py:35: NotOpenSSLWarning: urllib3 v2 only supports OpenSSL 1.1.1+, currently the 'ssl' module is compiled with 'LibreSSL 2.8.3'. See: https://github.com/urllib3/urllib3/issues/3020
  warnings.warn(
2026-04-12 12:30:05,875 [INFO] ══ Scally Tracker — 2026-04-12 12:30 PM CT ══
2026-04-12 12:30:05,878 [INFO] DB ready: /Users/sterling/app/scally-tracker/data/inventory.db
2026-04-12 12:30:07,941 [INFO] Fetched 643 products from BSC
2026-04-12 12:30:08,538 [INFO] Categories: {'apparel': 143, 'caps': 381, 'other': 17, 'pins': 156}
2026-04-12 12:30:08,643 [INFO] ══ Poll complete ══

/Users/sterling/Library/Python/3.9/lib/python/site-packages/urllib3/__init__.py:35: NotOpenSSLWarning: urllib3 v2 only supports OpenSSL 1.1.1+, currently the 'ssl' module is compiled with 'LibreSSL 2.8.3'. See: https://github.com/urllib3/urllib3/issues/3020
  warnings.warn(
2026-04-12 13:00:05,877 [INFO] ══ Scally Tracker — 2026-04-12 01:00 PM CT ══
2026-04-12 13:00:05,880 [INFO] DB ready: /Users/sterling/app/scally-tracker/data/inventory.db
2026-04-12 13:00:07,747 [INFO] Fetched 643 products from BSC
2026-04-12 13:00:08,375 [INFO] Categories: {'apparel': 143, 'caps': 381, 'other': 17, 'pins': 156}
2026-04-12 13:00:08,480 [INFO] ══ Poll complete ══

/Users/sterling/Library/Python/3.9/lib/python/site-packages/urllib3/__init__.py:35: NotOpenSSLWarning: urllib3 v2 only supports OpenSSL 1.1.1+, currently the 'ssl' module is compiled with 'LibreSSL 2.8.3'. See: https://github.com/urllib3/urllib3/issues/3020
  warnings.warn(
2026-04-12 13:30:05,882 [INFO] ══ Scally Tracker — 2026-04-12 01:30 PM CT ══
2026-04-12 13:30:05,886 [INFO] DB ready: /Users/sterling/app/scally-tracker/data/inventory.db
2026-04-12 13:30:08,013 [INFO] Fetched 643 products from BSC
2026-04-12 13:30:08,954 [INFO] Categories: {'apparel': 143, 'caps': 381, 'other': 17, 'pins': 156}
2026-04-12 13:30:09,050 [INFO] ══ Poll complete ══

/Users/sterling/Library/Python/3.9/lib/python/site-packages/urllib3/__init__.py:35: NotOpenSSLWarning: urllib3 v2 only supports OpenSSL 1.1.1+, currently the 'ssl' module is compiled with 'LibreSSL 2.8.3'. See: https://github.com/urllib3/urllib3/issues/3020
  warnings.warn(
2026-04-12 14:00:05,872 [INFO] ══ Scally Tracker — 2026-04-12 02:00 PM CT ══
2026-04-12 14:00:05,875 [INFO] DB ready: /Users/sterling/app/scally-tracker/data/inventory.db
2026-04-12 14:00:07,814 [INFO] Fetched 643 products from BSC
2026-04-12 14:00:08,453 [INFO] Categories: {'apparel': 143, 'caps': 381, 'other': 17, 'pins': 156}
2026-04-12 14:00:08,544 [INFO] ══ Poll complete ══

/Users/sterling/Library/Python/3.9/lib/python/site-packages/urllib3/__init__.py:35: NotOpenSSLWarning: urllib3 v2 only supports OpenSSL 1.1.1+, currently the 'ssl' module is compiled with 'LibreSSL 2.8.3'. See: https://github.com/urllib3/urllib3/issues/3020
  warnings.warn(
2026-04-12 14:30:05,885 [INFO] ══ Scally Tracker — 2026-04-12 02:30 PM CT ══
2026-04-12 14:30:05,887 [INFO] DB ready: /Users/sterling/app/scally-tracker/data/inventory.db
2026-04-12 14:30:07,874 [INFO] Fetched 643 products from BSC
2026-04-12 14:30:08,484 [INFO] Categories: {'apparel': 143, 'caps': 381, 'other': 17, 'pins': 156}
2026-04-12 14:30:08,587 [INFO] ══ Poll complete ══

/Users/sterling/Library/Python/3.9/lib/python/site-packages/urllib3/__init__.py:35: NotOpenSSLWarning: urllib3 v2 only supports OpenSSL 1.1.1+, currently the 'ssl' module is compiled with 'LibreSSL 2.8.3'. See: https://github.com/urllib3/urllib3/issues/3020
  warnings.warn(
2026-04-12 15:00:05,876 [INFO] ══ Scally Tracker — 2026-04-12 03:00 PM CT ══
2026-04-12 15:00:05,879 [INFO] DB ready: /Users/sterling/app/scally-tracker/data/inventory.db
2026-04-12 15:00:07,489 [INFO] Fetched 643 products from BSC
2026-04-12 15:00:08,176 [INFO] Categories: {'apparel': 143, 'caps': 381, 'other': 17, 'pins': 156}
2026-04-12 15:00:08,268 [INFO] ══ Poll complete ══

/Users/sterling/Library/Python/3.9/lib/python/site-packages/urllib3/__init__.py:35: NotOpenSSLWarning: urllib3 v2 only supports OpenSSL 1.1.1+, currently the 'ssl' module is compiled with 'LibreSSL 2.8.3'. See: https://github.com/urllib3/urllib3/issues/3020
  warnings.warn(
2026-04-12 15:30:05,888 [INFO] ══ Scally Tracker — 2026-04-12 03:30 PM CT ══
2026-04-12 15:30:05,891 [INFO] DB ready: /Users/sterling/app/scally-tracker/data/inventory.db
2026-04-12 15:30:07,418 [INFO] Fetched 643 products from BSC
2026-04-12 15:30:08,035 [INFO] Categories: {'apparel': 143, 'caps': 381, 'other': 17, 'pins': 156}
2026-04-12 15:30:08,145 [INFO] ══ Poll complete ══

/Users/sterling/Library/Python/3.9/lib/python/site-packages/urllib3/__init__.py:35: NotOpenSSLWarning: urllib3 v2 only supports OpenSSL 1.1.1+, currently the 'ssl' module is compiled with 'LibreSSL 2.8.3'. See: https://github.com/urllib3/urllib3/issues/3020
  warnings.warn(
2026-04-12 16:00:00,524 [INFO] ══ Scally Tracker — 2026-04-12 04:00 PM CT ══
2026-04-12 16:00:00,527 [INFO] DB ready: /Users/sterling/app/scally-tracker/data/inventory.db
2026-04-12 16:00:02,466 [INFO] Fetched 643 products from BSC
2026-04-12 16:00:03,089 [INFO] Categories: {'apparel': 143, 'caps': 381, 'other': 17, 'pins': 156}
2026-04-12 16:00:03,194 [INFO] ══ Poll complete ══

/Users/sterling/Library/Python/3.9/lib/python/site-packages/urllib3/__init__.py:35: NotOpenSSLWarning: urllib3 v2 only supports OpenSSL 1.1.1+, currently the 'ssl' module is compiled with 'LibreSSL 2.8.3'. See: https://github.com/urllib3/urllib3/issues/3020
  warnings.warn(
2026-04-12 16:30:05,306 [INFO] ══ Scally Tracker — 2026-04-12 04:30 PM CT ══
2026-04-12 16:30:05,309 [INFO] DB ready: /Users/sterling/app/scally-tracker/data/inventory.db
2026-04-12 16:30:06,942 [INFO] Fetched 643 products from BSC
2026-04-12 16:30:07,530 [INFO] Categories: {'apparel': 143, 'caps': 381, 'other': 17, 'pins': 156}
2026-04-12 16:30:07,635 [INFO] ══ Poll complete ══

/Users/sterling/Library/Python/3.9/lib/python/site-packages/urllib3/__init__.py:35: NotOpenSSLWarning: urllib3 v2 only supports OpenSSL 1.1.1+, currently the 'ssl' module is compiled with 'LibreSSL 2.8.3'. See: https://github.com/urllib3/urllib3/issues/3020
  warnings.warn(
2026-04-12 17:00:05,904 [INFO] ══ Scally Tracker — 2026-04-12 05:00 PM CT ══
2026-04-12 17:00:05,907 [INFO] DB ready: /Users/sterling/app/scally-tracker/data/inventory.db
2026-04-12 17:00:07,339 [INFO] Fetched 643 products from BSC
2026-04-12 17:00:07,959 [INFO] Categories: {'apparel': 143, 'caps': 381, 'other': 17, 'pins': 156}
2026-04-12 17:00:08,053 [INFO] ══ Poll complete ══

/Users/sterling/Library/Python/3.9/lib/python/site-packages/urllib3/__init__.py:35: NotOpenSSLWarning: urllib3 v2 only supports OpenSSL 1.1.1+, currently the 'ssl' module is compiled with 'LibreSSL 2.8.3'. See: https://github.com/urllib3/urllib3/issues/3020
  warnings.warn(
2026-04-12 17:30:05,896 [INFO] ══ Scally Tracker — 2026-04-12 05:30 PM CT ══
2026-04-12 17:30:05,899 [INFO] DB ready: /Users/sterling/app/scally-tracker/data/inventory.db
2026-04-12 17:30:07,554 [INFO] Fetched 643 products from BSC
2026-04-12 17:30:08,159 [INFO] Categories: {'apparel': 143, 'caps': 381, 'other': 17, 'pins': 156}
2026-04-12 17:30:08,255 [INFO] ══ Poll complete ══

/Users/sterling/Library/Python/3.9/lib/python/site-packages/urllib3/__init__.py:35: NotOpenSSLWarning: urllib3 v2 only supports OpenSSL 1.1.1+, currently the 'ssl' module is compiled with 'LibreSSL 2.8.3'. See: https://github.com/urllib3/urllib3/issues/3020
  warnings.warn(
2026-04-12 18:00:05,883 [INFO] ══ Scally Tracker — 2026-04-12 06:00 PM CT ══
2026-04-12 18:00:05,886 [INFO] DB ready: /Users/sterling/app/scally-tracker/data/inventory.db
2026-04-12 18:00:07,606 [INFO] Fetched 643 products from BSC
2026-04-12 18:00:08,251 [INFO] Categories: {'apparel': 143, 'caps': 381, 'other': 17, 'pins': 156}
2026-04-12 18:00:08,358 [INFO] ══ Poll complete ══

/Users/sterling/Library/Python/3.9/lib/python/site-packages/urllib3/__init__.py:35: NotOpenSSLWarning: urllib3 v2 only supports OpenSSL 1.1.1+, currently the 'ssl' module is compiled with 'LibreSSL 2.8.3'. See: https://github.com/urllib3/urllib3/issues/3020
  warnings.warn(
2026-04-12 18:30:05,926 [INFO] ══ Scally Tracker — 2026-04-12 06:30 PM CT ══
2026-04-12 18:30:05,928 [INFO] DB ready: /Users/sterling/app/scally-tracker/data/inventory.db
2026-04-12 18:30:07,657 [INFO] Fetched 643 products from BSC
2026-04-12 18:30:08,280 [INFO] Categories: {'apparel': 143, 'caps': 381, 'other': 17, 'pins': 156}
2026-04-12 18:30:08,385 [INFO] ══ Poll complete ══

/Users/sterling/Library/Python/3.9/lib/python/site-packages/urllib3/__init__.py:35: NotOpenSSLWarning: urllib3 v2 only supports OpenSSL 1.1.1+, currently the 'ssl' module is compiled with 'LibreSSL 2.8.3'. See: https://github.com/urllib3/urllib3/issues/3020
  warnings.warn(
2026-04-12 19:00:05,880 [INFO] ══ Scally Tracker — 2026-04-12 07:00 PM CT ══
2026-04-12 19:00:05,883 [INFO] DB ready: /Users/sterling/app/scally-tracker/data/inventory.db
2026-04-12 19:00:07,561 [INFO] Fetched 643 products from BSC
2026-04-12 19:00:08,192 [INFO] Purged 50 alert(s) older than 30 days
2026-04-12 19:00:08,192 [INFO] Categories: {'apparel': 143, 'caps': 381, 'other': 17, 'pins': 156}
2026-04-12 19:00:08,290 [INFO] ══ Poll complete ══

/Users/sterling/Library/Python/3.9/lib/python/site-packages/urllib3/__init__.py:35: NotOpenSSLWarning: urllib3 v2 only supports OpenSSL 1.1.1+, currently the 'ssl' module is compiled with 'LibreSSL 2.8.3'. See: https://github.com/urllib3/urllib3/issues/3020
  warnings.warn(
2026-04-13 07:00:05,866 [INFO] ══ Scally Tracker — 2026-04-13 07:00 AM CT ══
2026-04-13 07:00:05,869 [INFO] DB ready: /Users/sterling/app/scally-tracker/data/inventory.db
2026-04-13 07:00:07,536 [INFO] Fetched 643 products from BSC
2026-04-13 07:00:08,191 [INFO] Categories: {'apparel': 143, 'caps': 381, 'other': 17, 'pins': 156}
2026-04-13 07:00:08,291 [INFO] ══ Poll complete ══

/Users/sterling/Library/Python/3.9/lib/python/site-packages/urllib3/__init__.py:35: NotOpenSSLWarning: urllib3 v2 only supports OpenSSL 1.1.1+, currently the 'ssl' module is compiled with 'LibreSSL 2.8.3'. See: https://github.com/urllib3/urllib3/issues/3020
  warnings.warn(
2026-04-13 07:30:05,904 [INFO] ══ Scally Tracker — 2026-04-13 07:30 AM CT ══
2026-04-13 07:30:05,907 [INFO] DB ready: /Users/sterling/app/scally-tracker/data/inventory.db
2026-04-13 07:30:07,654 [INFO] Fetched 643 products from BSC
2026-04-13 07:30:08,254 [INFO] Categories: {'apparel': 143, 'caps': 381, 'other': 17, 'pins': 156}
2026-04-13 07:30:08,352 [INFO] ══ Poll complete ══

/Users/sterling/Library/Python/3.9/lib/python/site-packages/urllib3/__init__.py:35: NotOpenSSLWarning: urllib3 v2 only supports OpenSSL 1.1.1+, currently the 'ssl' module is compiled with 'LibreSSL 2.8.3'. See: https://github.com/urllib3/urllib3/issues/3020
  warnings.warn(
2026-04-13 08:00:05,872 [INFO] ══ Scally Tracker — 2026-04-13 08:00 AM CT ══
2026-04-13 08:00:05,876 [INFO] DB ready: /Users/sterling/app/scally-tracker/data/inventory.db
2026-04-13 08:00:07,582 [INFO] Fetched 643 products from BSC
2026-04-13 08:00:08,193 [INFO] Categories: {'apparel': 143, 'caps': 381, 'other': 17, 'pins': 156}
2026-04-13 08:00:08,299 [INFO] ══ Poll complete ══

/Users/sterling/Library/Python/3.9/lib/python/site-packages/urllib3/__init__.py:35: NotOpenSSLWarning: urllib3 v2 only supports OpenSSL 1.1.1+, currently the 'ssl' module is compiled with 'LibreSSL 2.8.3'. See: https://github.com/urllib3/urllib3/issues/3020
  warnings.warn(
2026-04-13 08:30:05,872 [INFO] ══ Scally Tracker — 2026-04-13 08:30 AM CT ══
2026-04-13 08:30:05,875 [INFO] DB ready: /Users/sterling/app/scally-tracker/data/inventory.db
2026-04-13 08:30:07,502 [INFO] Fetched 643 products from BSC
2026-04-13 08:30:08,123 [INFO] Categories: {'apparel': 143, 'caps': 381, 'other': 17, 'pins': 156}
2026-04-13 08:30:08,229 [INFO] ══ Poll complete ══

/Users/sterling/Library/Python/3.9/lib/python/site-packages/urllib3/__init__.py:35: NotOpenSSLWarning: urllib3 v2 only supports OpenSSL 1.1.1+, currently the 'ssl' module is compiled with 'LibreSSL 2.8.3'. See: https://github.com/urllib3/urllib3/issues/3020
  warnings.warn(
2026-04-13 09:00:05,922 [INFO] ══ Scally Tracker — 2026-04-13 09:00 AM CT ══
2026-04-13 09:00:05,925 [INFO] DB ready: /Users/sterling/app/scally-tracker/data/inventory.db
2026-04-13 09:00:07,927 [INFO] Fetched 643 products from BSC
2026-04-13 09:00:08,564 [INFO] Categories: {'apparel': 143, 'caps': 381, 'other': 17, 'pins': 156}
2026-04-13 09:00:08,667 [INFO] ══ Poll complete ══

/Users/sterling/Library/Python/3.9/lib/python/site-packages/urllib3/__init__.py:35: NotOpenSSLWarning: urllib3 v2 only supports OpenSSL 1.1.1+, currently the 'ssl' module is compiled with 'LibreSSL 2.8.3'. See: https://github.com/urllib3/urllib3/issues/3020
  warnings.warn(
2026-04-13 09:30:05,947 [INFO] ══ Scally Tracker — 2026-04-13 09:30 AM CT ══
2026-04-13 09:30:05,950 [INFO] DB ready: /Users/sterling/app/scally-tracker/data/inventory.db
2026-04-13 09:30:07,748 [INFO] Fetched 643 products from BSC
2026-04-13 09:30:08,148 [INFO] ntfy 200: 🎉 Restock!
2026-04-13 09:30:08,483 [INFO] ntfy 200: 🎉 Restock!
2026-04-13 09:30:08,946 [INFO] ntfy 200: 🎉 Restock!
2026-04-13 09:30:09,285 [INFO] Categories: {'apparel': 143, 'caps': 381, 'other': 17, 'pins': 156}
2026-04-13 09:30:09,386 [INFO] ══ Poll complete ══

/Users/sterling/Library/Python/3.9/lib/python/site-packages/urllib3/__init__.py:35: NotOpenSSLWarning: urllib3 v2 only supports OpenSSL 1.1.1+, currently the 'ssl' module is compiled with 'LibreSSL 2.8.3'. See: https://github.com/urllib3/urllib3/issues/3020
  warnings.warn(
2026-04-13 10:00:02,866 [INFO] ══ Scally Tracker — 2026-04-13 10:00 AM CT ══
2026-04-13 10:00:02,869 [INFO] DB ready: /Users/sterling/app/scally-tracker/data/inventory.db
2026-04-13 10:00:04,569 [INFO] Fetched 643 products from BSC
2026-04-13 10:00:05,201 [INFO] Categories: {'apparel': 143, 'caps': 381, 'other': 17, 'pins': 156}
2026-04-13 10:00:05,312 [INFO] ══ Poll complete ══

/Users/sterling/Library/Python/3.9/lib/python/site-packages/urllib3/__init__.py:35: NotOpenSSLWarning: urllib3 v2 only supports OpenSSL 1.1.1+, currently the 'ssl' module is compiled with 'LibreSSL 2.8.3'. See: https://github.com/urllib3/urllib3/issues/3020
  warnings.warn(
2026-04-13 10:30:03,888 [INFO] ══ Scally Tracker — 2026-04-13 10:30 AM CT ══
2026-04-13 10:30:03,891 [INFO] DB ready: /Users/sterling/app/scally-tracker/data/inventory.db
2026-04-13 10:30:05,535 [INFO] Fetched 643 products from BSC
2026-04-13 10:30:06,144 [INFO] Categories: {'apparel': 143, 'caps': 381, 'other': 17, 'pins': 156}
2026-04-13 10:30:06,248 [INFO] ══ Poll complete ══

/Users/sterling/Library/Python/3.9/lib/python/site-packages/urllib3/__init__.py:35: NotOpenSSLWarning: urllib3 v2 only supports OpenSSL 1.1.1+, currently the 'ssl' module is compiled with 'LibreSSL 2.8.3'. See: https://github.com/urllib3/urllib3/issues/3020
  warnings.warn(
2026-04-13 11:00:03,894 [INFO] ══ Scally Tracker — 2026-04-13 11:00 AM CT ══
2026-04-13 11:00:03,897 [INFO] DB ready: /Users/sterling/app/scally-tracker/data/inventory.db
2026-04-13 11:00:05,552 [INFO] Fetched 643 products from BSC
2026-04-13 11:00:06,175 [INFO] Categories: {'apparel': 143, 'caps': 381, 'other': 17, 'pins': 156}
2026-04-13 11:00:06,282 [INFO] ══ Poll complete ══

/Users/sterling/Library/Python/3.9/lib/python/site-packages/urllib3/__init__.py:35: NotOpenSSLWarning: urllib3 v2 only supports OpenSSL 1.1.1+, currently the 'ssl' module is compiled with 'LibreSSL 2.8.3'. See: https://github.com/urllib3/urllib3/issues/3020
  warnings.warn(
2026-04-13 11:30:01,982 [INFO] ══ Scally Tracker — 2026-04-13 11:30 AM CT ══
2026-04-13 11:30:01,991 [INFO] DB ready: /Users/sterling/app/scally-tracker/data/inventory.db
2026-04-13 11:30:03,915 [INFO] Fetched 643 products from BSC
2026-04-13 11:30:04,457 [INFO] Categories: {'apparel': 143, 'caps': 381, 'other': 17, 'pins': 156}
2026-04-13 11:30:04,566 [INFO] ══ Poll complete ══

/Users/sterling/Library/Python/3.9/lib/python/site-packages/urllib3/__init__.py:35: NotOpenSSLWarning: urllib3 v2 only supports OpenSSL 1.1.1+, currently the 'ssl' module is compiled with 'LibreSSL 2.8.3'. See: https://github.com/urllib3/urllib3/issues/3020
  warnings.warn(
2026-04-13 12:00:05,895 [INFO] ══ Scally Tracker — 2026-04-13 12:00 PM CT ══
2026-04-13 12:00:05,897 [INFO] DB ready: /Users/sterling/app/scally-tracker/data/inventory.db
2026-04-13 12:00:07,582 [INFO] Fetched 643 products from BSC
2026-04-13 12:00:08,202 [INFO] Categories: {'apparel': 143, 'caps': 381, 'other': 17, 'pins': 156}
2026-04-13 12:00:08,310 [INFO] ══ Poll complete ══

/Users/sterling/Library/Python/3.9/lib/python/site-packages/urllib3/__init__.py:35: NotOpenSSLWarning: urllib3 v2 only supports OpenSSL 1.1.1+, currently the 'ssl' module is compiled with 'LibreSSL 2.8.3'. See: https://github.com/urllib3/urllib3/issues/3020
  warnings.warn(
2026-04-13 12:30:05,895 [INFO] ══ Scally Tracker — 2026-04-13 12:30 PM CT ══
2026-04-13 12:30:05,897 [INFO] DB ready: /Users/sterling/app/scally-tracker/data/inventory.db
2026-04-13 12:30:07,922 [INFO] Fetched 643 products from BSC
2026-04-13 12:30:08,670 [INFO] Categories: {'apparel': 143, 'caps': 381, 'other': 17, 'pins': 156}
2026-04-13 12:30:08,748 [INFO] ══ Poll complete ══

/Users/sterling/Library/Python/3.9/lib/python/site-packages/urllib3/__init__.py:35: NotOpenSSLWarning: urllib3 v2 only supports OpenSSL 1.1.1+, currently the 'ssl' module is compiled with 'LibreSSL 2.8.3'. See: https://github.com/urllib3/urllib3/issues/3020
  warnings.warn(
2026-04-13 13:00:05,864 [INFO] ══ Scally Tracker — 2026-04-13 01:00 PM CT ══
2026-04-13 13:00:05,867 [INFO] DB ready: /Users/sterling/app/scally-tracker/data/inventory.db
2026-04-13 13:00:07,816 [INFO] Fetched 643 products from BSC
2026-04-13 13:00:08,474 [INFO] Categories: {'apparel': 143, 'caps': 381, 'other': 17, 'pins': 156}
2026-04-13 13:00:08,595 [INFO] ══ Poll complete ══

/Users/sterling/Library/Python/3.9/lib/python/site-packages/urllib3/__init__.py:35: NotOpenSSLWarning: urllib3 v2 only supports OpenSSL 1.1.1+, currently the 'ssl' module is compiled with 'LibreSSL 2.8.3'. See: https://github.com/urllib3/urllib3/issues/3020
  warnings.warn(
2026-04-13 13:30:05,890 [INFO] ══ Scally Tracker — 2026-04-13 01:30 PM CT ══
2026-04-13 13:30:05,893 [INFO] DB ready: /Users/sterling/app/scally-tracker/data/inventory.db
2026-04-13 13:30:08,031 [INFO] Fetched 643 products from BSC
2026-04-13 13:30:08,664 [INFO] ntfy 200: 🎉 Restock!
2026-04-13 13:30:08,969 [INFO] Categories: {'apparel': 143, 'caps': 381, 'other': 17, 'pins': 156}
2026-04-13 13:30:09,080 [INFO] ══ Poll complete ══

/Users/sterling/Library/Python/3.9/lib/python/site-packages/urllib3/__init__.py:35: NotOpenSSLWarning: urllib3 v2 only supports OpenSSL 1.1.1+, currently the 'ssl' module is compiled with 'LibreSSL 2.8.3'. See: https://github.com/urllib3/urllib3/issues/3020
  warnings.warn(
2026-04-13 14:00:05,868 [INFO] ══ Scally Tracker — 2026-04-13 02:00 PM CT ══
2026-04-13 14:00:05,872 [INFO] DB ready: /Users/sterling/app/scally-tracker/data/inventory.db
2026-04-13 14:00:07,944 [INFO] Fetched 643 products from BSC
2026-04-13 14:00:08,584 [INFO] Categories: {'apparel': 143, 'caps': 381, 'other': 17, 'pins': 156}
2026-04-13 14:00:08,695 [INFO] ══ Poll complete ══

/Users/sterling/Library/Python/3.9/lib/python/site-packages/urllib3/__init__.py:35: NotOpenSSLWarning: urllib3 v2 only supports OpenSSL 1.1.1+, currently the 'ssl' module is compiled with 'LibreSSL 2.8.3'. See: https://github.com/urllib3/urllib3/issues/3020
  warnings.warn(
2026-04-13 14:30:05,893 [INFO] ══ Scally Tracker — 2026-04-13 02:30 PM CT ══
2026-04-13 14:30:05,896 [INFO] DB ready: /Users/sterling/app/scally-tracker/data/inventory.db
2026-04-13 14:30:07,988 [INFO] Fetched 643 products from BSC
2026-04-13 14:30:08,617 [INFO] Categories: {'apparel': 143, 'caps': 381, 'other': 17, 'pins': 156}
2026-04-13 14:30:08,730 [INFO] ══ Poll complete ══

/Users/sterling/Library/Python/3.9/lib/python/site-packages/urllib3/__init__.py:35: NotOpenSSLWarning: urllib3 v2 only supports OpenSSL 1.1.1+, currently the 'ssl' module is compiled with 'LibreSSL 2.8.3'. See: https://github.com/urllib3/urllib3/issues/3020
  warnings.warn(
2026-04-13 15:00:05,879 [INFO] ══ Scally Tracker — 2026-04-13 03:00 PM CT ══
2026-04-13 15:00:05,882 [INFO] DB ready: /Users/sterling/app/scally-tracker/data/inventory.db
2026-04-13 15:00:07,628 [INFO] Fetched 643 products from BSC
2026-04-13 15:00:08,333 [INFO] ntfy 200: 🎉 Restock!
2026-04-13 15:00:08,649 [INFO] Categories: {'apparel': 143, 'caps': 381, 'other': 17, 'pins': 156}
2026-04-13 15:00:08,765 [INFO] ══ Poll complete ══

/Users/sterling/Library/Python/3.9/lib/python/site-packages/urllib3/__init__.py:35: NotOpenSSLWarning: urllib3 v2 only supports OpenSSL 1.1.1+, currently the 'ssl' module is compiled with 'LibreSSL 2.8.3'. See: https://github.com/urllib3/urllib3/issues/3020
  warnings.warn(
2026-04-13 15:30:05,884 [INFO] ══ Scally Tracker — 2026-04-13 03:30 PM CT ══
2026-04-13 15:30:05,887 [INFO] DB ready: /Users/sterling/app/scally-tracker/data/inventory.db
2026-04-13 15:30:07,478 [INFO] Fetched 643 products from BSC
2026-04-13 15:30:08,134 [INFO] Categories: {'apparel': 143, 'caps': 381, 'other': 17, 'pins': 156}
2026-04-13 15:30:08,250 [INFO] ══ Poll complete ══

/Users/sterling/Library/Python/3.9/lib/python/site-packages/urllib3/__init__.py:35: NotOpenSSLWarning: urllib3 v2 only supports OpenSSL 1.1.1+, currently the 'ssl' module is compiled with 'LibreSSL 2.8.3'. See: https://github.com/urllib3/urllib3/issues/3020
  warnings.warn(
2026-04-13 16:00:05,869 [INFO] ══ Scally Tracker — 2026-04-13 04:00 PM CT ══
2026-04-13 16:00:05,872 [INFO] DB ready: /Users/sterling/app/scally-tracker/data/inventory.db
2026-04-13 16:00:07,883 [INFO] Fetched 643 products from BSC
2026-04-13 16:00:08,541 [INFO] Categories: {'apparel': 143, 'caps': 381, 'other': 17, 'pins': 156}
2026-04-13 16:00:08,648 [INFO] ══ Poll complete ══

/Users/sterling/Library/Python/3.9/lib/python/site-packages/urllib3/__init__.py:35: NotOpenSSLWarning: urllib3 v2 only supports OpenSSL 1.1.1+, currently the 'ssl' module is compiled with 'LibreSSL 2.8.3'. See: https://github.com/urllib3/urllib3/issues/3020
  warnings.warn(
2026-04-13 16:30:05,871 [INFO] ══ Scally Tracker — 2026-04-13 04:30 PM CT ══
2026-04-13 16:30:05,874 [INFO] DB ready: /Users/sterling/app/scally-tracker/data/inventory.db
2026-04-13 16:30:07,634 [INFO] Fetched 643 products from BSC
2026-04-13 16:30:08,299 [INFO] Categories: {'apparel': 143, 'caps': 381, 'other': 17, 'pins': 156}
2026-04-13 16:30:08,415 [INFO] ══ Poll complete ══

/Users/sterling/Library/Python/3.9/lib/python/site-packages/urllib3/__init__.py:35: NotOpenSSLWarning: urllib3 v2 only supports OpenSSL 1.1.1+, currently the 'ssl' module is compiled with 'LibreSSL 2.8.3'. See: https://github.com/urllib3/urllib3/issues/3020
  warnings.warn(
2026-04-13 17:00:05,858 [INFO] ══ Scally Tracker — 2026-04-13 05:00 PM CT ══
2026-04-13 17:00:05,860 [INFO] DB ready: /Users/sterling/app/scally-tracker/data/inventory.db
2026-04-13 17:00:07,628 [INFO] Fetched 643 products from BSC
2026-04-13 17:00:08,297 [INFO] Categories: {'apparel': 143, 'caps': 381, 'other': 17, 'pins': 156}
2026-04-13 17:00:08,411 [INFO] ══ Poll complete ══

/Users/sterling/Library/Python/3.9/lib/python/site-packages/urllib3/__init__.py:35: NotOpenSSLWarning: urllib3 v2 only supports OpenSSL 1.1.1+, currently the 'ssl' module is compiled with 'LibreSSL 2.8.3'. See: https://github.com/urllib3/urllib3/issues/3020
  warnings.warn(
2026-04-13 17:30:05,883 [INFO] ══ Scally Tracker — 2026-04-13 05:30 PM CT ══
2026-04-13 17:30:05,886 [INFO] DB ready: /Users/sterling/app/scally-tracker/data/inventory.db
2026-04-13 17:30:07,670 [INFO] Fetched 643 products from BSC
2026-04-13 17:30:08,379 [INFO] Categories: {'apparel': 143, 'caps': 381, 'other': 17, 'pins': 156}
2026-04-13 17:30:08,499 [INFO] ══ Poll complete ══

/Users/sterling/Library/Python/3.9/lib/python/site-packages/urllib3/__init__.py:35: NotOpenSSLWarning: urllib3 v2 only supports OpenSSL 1.1.1+, currently the 'ssl' module is compiled with 'LibreSSL 2.8.3'. See: https://github.com/urllib3/urllib3/issues/3020
  warnings.warn(
2026-04-13 18:00:05,869 [INFO] ══ Scally Tracker — 2026-04-13 06:00 PM CT ══
2026-04-13 18:00:05,873 [INFO] DB ready: /Users/sterling/app/scally-tracker/data/inventory.db
2026-04-13 18:00:07,970 [INFO] Fetched 643 products from BSC
2026-04-13 18:00:08,634 [INFO] Categories: {'apparel': 143, 'caps': 381, 'other': 17, 'pins': 156}
2026-04-13 18:00:08,748 [INFO] ══ Poll complete ══

/Users/sterling/Library/Python/3.9/lib/python/site-packages/urllib3/__init__.py:35: NotOpenSSLWarning: urllib3 v2 only supports OpenSSL 1.1.1+, currently the 'ssl' module is compiled with 'LibreSSL 2.8.3'. See: https://github.com/urllib3/urllib3/issues/3020
  warnings.warn(
2026-04-13 18:30:05,875 [INFO] ══ Scally Tracker — 2026-04-13 06:30 PM CT ══
2026-04-13 18:30:05,879 [INFO] DB ready: /Users/sterling/app/scally-tracker/data/inventory.db
2026-04-13 18:30:07,957 [INFO] Fetched 643 products from BSC
2026-04-13 18:30:08,614 [INFO] Categories: {'apparel': 143, 'caps': 381, 'other': 17, 'pins': 156}
2026-04-13 18:30:08,725 [INFO] ══ Poll complete ══

/Users/sterling/Library/Python/3.9/lib/python/site-packages/urllib3/__init__.py:35: NotOpenSSLWarning: urllib3 v2 only supports OpenSSL 1.1.1+, currently the 'ssl' module is compiled with 'LibreSSL 2.8.3'. See: https://github.com/urllib3/urllib3/issues/3020
  warnings.warn(
2026-04-13 19:00:05,890 [INFO] ══ Scally Tracker — 2026-04-13 07:00 PM CT ══
2026-04-13 19:00:05,893 [INFO] DB ready: /Users/sterling/app/scally-tracker/data/inventory.db
2026-04-13 19:00:07,749 [INFO] Fetched 643 products from BSC
2026-04-13 19:00:08,447 [INFO] Purged 6 alert(s) older than 30 days
2026-04-13 19:00:08,447 [INFO] Categories: {'apparel': 143, 'caps': 381, 'other': 17, 'pins': 156}
2026-04-13 19:00:08,542 [INFO] ══ Poll complete ══

/Users/sterling/Library/Python/3.9/lib/python/site-packages/urllib3/__init__.py:35: NotOpenSSLWarning: urllib3 v2 only supports OpenSSL 1.1.1+, currently the 'ssl' module is compiled with 'LibreSSL 2.8.3'. See: https://github.com/urllib3/urllib3/issues/3020
  warnings.warn(
2026-04-14 07:00:05,922 [INFO] ══ Scally Tracker — 2026-04-14 07:00 AM CT ══
2026-04-14 07:00:05,925 [INFO] DB ready: /Users/sterling/app/scally-tracker/data/inventory.db
2026-04-14 07:00:07,514 [INFO] Fetched 643 products from BSC
2026-04-14 07:00:08,244 [INFO] Categories: {'apparel': 143, 'caps': 381, 'other': 17, 'pins': 156}
2026-04-14 07:00:08,356 [INFO] ══ Poll complete ══

/Users/sterling/Library/Python/3.9/lib/python/site-packages/urllib3/__init__.py:35: NotOpenSSLWarning: urllib3 v2 only supports OpenSSL 1.1.1+, currently the 'ssl' module is compiled with 'LibreSSL 2.8.3'. See: https://github.com/urllib3/urllib3/issues/3020
  warnings.warn(
2026-04-14 07:30:05,938 [INFO] ══ Scally Tracker — 2026-04-14 07:30 AM CT ══
2026-04-14 07:30:05,941 [INFO] DB ready: /Users/sterling/app/scally-tracker/data/inventory.db
2026-04-14 07:30:07,881 [INFO] Fetched 643 products from BSC
2026-04-14 07:30:08,518 [INFO] Categories: {'apparel': 143, 'caps': 381, 'other': 17, 'pins': 156}
2026-04-14 07:30:08,641 [INFO] ══ Poll complete ══

/Users/sterling/Library/Python/3.9/lib/python/site-packages/urllib3/__init__.py:35: NotOpenSSLWarning: urllib3 v2 only supports OpenSSL 1.1.1+, currently the 'ssl' module is compiled with 'LibreSSL 2.8.3'. See: https://github.com/urllib3/urllib3/issues/3020
  warnings.warn(
2026-04-14 08:00:05,879 [INFO] ══ Scally Tracker — 2026-04-14 08:00 AM CT ══
2026-04-14 08:00:05,882 [INFO] DB ready: /Users/sterling/app/scally-tracker/data/inventory.db
2026-04-14 08:00:07,588 [INFO] Fetched 643 products from BSC
2026-04-14 08:00:08,224 [INFO] Categories: {'apparel': 143, 'caps': 381, 'other': 17, 'pins': 156}
2026-04-14 08:00:08,305 [INFO] ══ Poll complete ══

/Users/sterling/Library/Python/3.9/lib/python/site-packages/urllib3/__init__.py:35: NotOpenSSLWarning: urllib3 v2 only supports OpenSSL 1.1.1+, currently the 'ssl' module is compiled with 'LibreSSL 2.8.3'. See: https://github.com/urllib3/urllib3/issues/3020
  warnings.warn(
2026-04-14 08:30:05,865 [INFO] ══ Scally Tracker — 2026-04-14 08:30 AM CT ══
2026-04-14 08:30:05,869 [INFO] DB ready: /Users/sterling/app/scally-tracker/data/inventory.db
2026-04-14 08:30:07,535 [INFO] Fetched 643 products from BSC
2026-04-14 08:30:08,116 [INFO] ntfy 200: 🎉 Restock!
2026-04-14 08:30:09,737 [INFO] ntfy 200: 🎉 Restock!
2026-04-14 08:30:10,134 [INFO] Categories: {'apparel': 143, 'caps': 381, 'other': 17, 'pins': 156}
2026-04-14 08:30:10,251 [INFO] ══ Poll complete ══

/Users/sterling/Library/Python/3.9/lib/python/site-packages/urllib3/__init__.py:35: NotOpenSSLWarning: urllib3 v2 only supports OpenSSL 1.1.1+, currently the 'ssl' module is compiled with 'LibreSSL 2.8.3'. See: https://github.com/urllib3/urllib3/issues/3020
  warnings.warn(
2026-04-14 09:00:05,860 [INFO] ══ Scally Tracker — 2026-04-14 09:00 AM CT ══
2026-04-14 09:00:05,863 [INFO] DB ready: /Users/sterling/app/scally-tracker/data/inventory.db
2026-04-14 09:00:07,641 [INFO] Fetched 643 products from BSC
2026-04-14 09:00:08,337 [INFO] Categories: {'apparel': 143, 'caps': 381, 'other': 17, 'pins': 156}
2026-04-14 09:00:08,446 [INFO] ══ Poll complete ══

/Users/sterling/Library/Python/3.9/lib/python/site-packages/urllib3/__init__.py:35: NotOpenSSLWarning: urllib3 v2 only supports OpenSSL 1.1.1+, currently the 'ssl' module is compiled with 'LibreSSL 2.8.3'. See: https://github.com/urllib3/urllib3/issues/3020
  warnings.warn(
2026-04-14 09:30:05,892 [INFO] ══ Scally Tracker — 2026-04-14 09:30 AM CT ══
2026-04-14 09:30:05,895 [INFO] DB ready: /Users/sterling/app/scally-tracker/data/inventory.db
2026-04-14 09:30:08,172 [INFO] Fetched 643 products from BSC
2026-04-14 09:30:08,826 [INFO] Categories: {'apparel': 143, 'caps': 381, 'other': 17, 'pins': 156}
2026-04-14 09:30:08,945 [INFO] ══ Poll complete ══

/Users/sterling/Library/Python/3.9/lib/python/site-packages/urllib3/__init__.py:35: NotOpenSSLWarning: urllib3 v2 only supports OpenSSL 1.1.1+, currently the 'ssl' module is compiled with 'LibreSSL 2.8.3'. See: https://github.com/urllib3/urllib3/issues/3020
  warnings.warn(
2026-04-14 10:00:03,252 [INFO] ══ Scally Tracker — 2026-04-14 10:00 AM CT ══
2026-04-14 10:00:03,254 [INFO] DB ready: /Users/sterling/app/scally-tracker/data/inventory.db
2026-04-14 10:00:05,665 [INFO] Fetched 643 products from BSC
2026-04-14 10:00:06,318 [INFO] Categories: {'apparel': 143, 'caps': 381, 'other': 17, 'pins': 156}
2026-04-14 10:00:06,420 [INFO] ══ Poll complete ══

/Users/sterling/Library/Python/3.9/lib/python/site-packages/urllib3/__init__.py:35: NotOpenSSLWarning: urllib3 v2 only supports OpenSSL 1.1.1+, currently the 'ssl' module is compiled with 'LibreSSL 2.8.3'. See: https://github.com/urllib3/urllib3/issues/3020
  warnings.warn(
2026-04-14 10:30:06,216 [INFO] ══ Scally Tracker — 2026-04-14 10:30 AM CT ══
2026-04-14 10:30:06,219 [INFO] DB ready: /Users/sterling/app/scally-tracker/data/inventory.db
2026-04-14 10:30:07,821 [INFO] Fetched 643 products from BSC
2026-04-14 10:30:08,259 [INFO] ntfy 200: ⭐ Wishlist Restock!
2026-04-14 10:30:08,794 [INFO] Categories: {'apparel': 143, 'caps': 381, 'other': 17, 'pins': 156}
2026-04-14 10:30:08,907 [INFO] ══ Poll complete ══

/Users/sterling/Library/Python/3.9/lib/python/site-packages/urllib3/__init__.py:35: NotOpenSSLWarning: urllib3 v2 only supports OpenSSL 1.1.1+, currently the 'ssl' module is compiled with 'LibreSSL 2.8.3'. See: https://github.com/urllib3/urllib3/issues/3020
  warnings.warn(
2026-04-14 11:00:05,894 [INFO] ══ Scally Tracker — 2026-04-14 11:00 AM CT ══
2026-04-14 11:00:05,896 [INFO] DB ready: /Users/sterling/app/scally-tracker/data/inventory.db
2026-04-14 11:00:07,465 [INFO] Fetched 643 products from BSC
2026-04-14 11:00:08,144 [INFO] Categories: {'apparel': 143, 'caps': 381, 'other': 17, 'pins': 156}
2026-04-14 11:00:08,255 [INFO] ══ Poll complete ══

/Users/sterling/Library/Python/3.9/lib/python/site-packages/urllib3/__init__.py:35: NotOpenSSLWarning: urllib3 v2 only supports OpenSSL 1.1.1+, currently the 'ssl' module is compiled with 'LibreSSL 2.8.3'. See: https://github.com/urllib3/urllib3/issues/3020
  warnings.warn(
2026-04-14 11:30:02,883 [INFO] ══ Scally Tracker — 2026-04-14 11:30 AM CT ══
2026-04-14 11:30:02,885 [INFO] DB ready: /Users/sterling/app/scally-tracker/data/inventory.db
2026-04-14 11:30:04,835 [INFO] Fetched 643 products from BSC
2026-04-14 11:30:05,542 [INFO] Categories: {'apparel': 143, 'caps': 381, 'other': 17, 'pins': 156}
2026-04-14 11:30:05,656 [INFO] ══ Poll complete ══

/Users/sterling/Library/Python/3.9/lib/python/site-packages/urllib3/__init__.py:35: NotOpenSSLWarning: urllib3 v2 only supports OpenSSL 1.1.1+, currently the 'ssl' module is compiled with 'LibreSSL 2.8.3'. See: https://github.com/urllib3/urllib3/issues/3020
  warnings.warn(
2026-04-14 12:00:05,891 [INFO] ══ Scally Tracker — 2026-04-14 12:00 PM CT ══
2026-04-14 12:00:05,894 [INFO] DB ready: /Users/sterling/app/scally-tracker/data/inventory.db
2026-04-14 12:00:07,760 [INFO] Fetched 643 products from BSC
2026-04-14 12:00:08,410 [INFO] Categories: {'apparel': 143, 'caps': 381, 'other': 17, 'pins': 156}
2026-04-14 12:00:08,525 [INFO] ══ Poll complete ══

/Users/sterling/Library/Python/3.9/lib/python/site-packages/urllib3/__init__.py:35: NotOpenSSLWarning: urllib3 v2 only supports OpenSSL 1.1.1+, currently the 'ssl' module is compiled with 'LibreSSL 2.8.3'. See: https://github.com/urllib3/urllib3/issues/3020
  warnings.warn(
2026-04-14 12:30:05,902 [INFO] ══ Scally Tracker — 2026-04-14 12:30 PM CT ══
2026-04-14 12:30:05,905 [INFO] DB ready: /Users/sterling/app/scally-tracker/data/inventory.db
2026-04-14 12:30:08,548 [INFO] Fetched 644 products from BSC
2026-04-14 12:30:10,192 [INFO] Categories: {'apparel': 143, 'caps': 381, 'other': 17, 'pins': 156}
2026-04-14 12:30:10,300 [INFO] ══ Poll complete ══

/Users/sterling/Library/Python/3.9/lib/python/site-packages/urllib3/__init__.py:35: NotOpenSSLWarning: urllib3 v2 only supports OpenSSL 1.1.1+, currently the 'ssl' module is compiled with 'LibreSSL 2.8.3'. See: https://github.com/urllib3/urllib3/issues/3020
  warnings.warn(
2026-04-14 13:00:05,872 [INFO] ══ Scally Tracker — 2026-04-14 01:00 PM CT ══
2026-04-14 13:00:05,874 [INFO] DB ready: /Users/sterling/app/scally-tracker/data/inventory.db
2026-04-14 13:00:07,478 [INFO] Fetched 644 products from BSC
2026-04-14 13:00:08,140 [INFO] Categories: {'apparel': 143, 'caps': 381, 'other': 17, 'pins': 156}
2026-04-14 13:00:08,247 [INFO] ══ Poll complete ══

/Users/sterling/Library/Python/3.9/lib/python/site-packages/urllib3/__init__.py:35: NotOpenSSLWarning: urllib3 v2 only supports OpenSSL 1.1.1+, currently the 'ssl' module is compiled with 'LibreSSL 2.8.3'. See: https://github.com/urllib3/urllib3/issues/3020
  warnings.warn(
2026-04-14 13:30:05,858 [INFO] ══ Scally Tracker — 2026-04-14 01:30 PM CT ══
2026-04-14 13:30:05,861 [INFO] DB ready: /Users/sterling/app/scally-tracker/data/inventory.db
2026-04-14 13:30:06,076 [ERROR] Fetch error page 1: 503 Server Error: Service Unavailable for url: https://bostonscally.com/products.json?limit=250&page=1
2026-04-14 13:30:06,077 [INFO] Fetched 0 products from BSC
2026-04-14 13:30:06,079 [WARNING] No products returned — aborting
/Users/sterling/Library/Python/3.9/lib/python/site-packages/urllib3/__init__.py:35: NotOpenSSLWarning: urllib3 v2 only supports OpenSSL 1.1.1+, currently the 'ssl' module is compiled with 'LibreSSL 2.8.3'. See: https://github.com/urllib3/urllib3/issues/3020
  warnings.warn(
2026-04-14 14:00:05,860 [INFO] ══ Scally Tracker — 2026-04-14 02:00 PM CT ══
2026-04-14 14:00:05,862 [INFO] DB ready: /Users/sterling/app/scally-tracker/data/inventory.db
2026-04-14 14:00:07,591 [INFO] Fetched 644 products from BSC
2026-04-14 14:00:08,256 [INFO] Categories: {'apparel': 143, 'caps': 381, 'other': 17, 'pins': 156}
2026-04-14 14:00:08,375 [INFO] ══ Poll complete ══

/Users/sterling/Library/Python/3.9/lib/python/site-packages/urllib3/__init__.py:35: NotOpenSSLWarning: urllib3 v2 only supports OpenSSL 1.1.1+, currently the 'ssl' module is compiled with 'LibreSSL 2.8.3'. See: https://github.com/urllib3/urllib3/issues/3020
  warnings.warn(
2026-04-14 14:30:05,884 [INFO] ══ Scally Tracker — 2026-04-14 02:30 PM CT ══
2026-04-14 14:30:05,887 [INFO] DB ready: /Users/sterling/app/scally-tracker/data/inventory.db
2026-04-14 14:30:07,701 [INFO] Fetched 644 products from BSC
2026-04-14 14:30:08,869 [INFO] Categories: {'apparel': 143, 'caps': 381, 'other': 17, 'pins': 156}
2026-04-14 14:30:08,971 [INFO] ══ Poll complete ══

/Users/sterling/Library/Python/3.9/lib/python/site-packages/urllib3/__init__.py:35: NotOpenSSLWarning: urllib3 v2 only supports OpenSSL 1.1.1+, currently the 'ssl' module is compiled with 'LibreSSL 2.8.3'. See: https://github.com/urllib3/urllib3/issues/3020
  warnings.warn(
2026-04-14 15:00:05,864 [INFO] ══ Scally Tracker — 2026-04-14 03:00 PM CT ══
2026-04-14 15:00:05,866 [INFO] DB ready: /Users/sterling/app/scally-tracker/data/inventory.db
2026-04-14 15:00:07,576 [INFO] Fetched 644 products from BSC
2026-04-14 15:00:08,233 [INFO] Categories: {'apparel': 143, 'caps': 381, 'other': 17, 'pins': 156}
2026-04-14 15:00:08,337 [INFO] ══ Poll complete ══

/Users/sterling/Library/Python/3.9/lib/python/site-packages/urllib3/__init__.py:35: NotOpenSSLWarning: urllib3 v2 only supports OpenSSL 1.1.1+, currently the 'ssl' module is compiled with 'LibreSSL 2.8.3'. See: https://github.com/urllib3/urllib3/issues/3020
  warnings.warn(
2026-04-14 15:30:05,888 [INFO] ══ Scally Tracker — 2026-04-14 03:30 PM CT ══
2026-04-14 15:30:05,891 [INFO] DB ready: /Users/sterling/app/scally-tracker/data/inventory.db
2026-04-14 15:30:07,428 [INFO] Fetched 644 products from BSC
2026-04-14 15:30:08,096 [INFO] Categories: {'apparel': 143, 'caps': 381, 'other': 17, 'pins': 156}
2026-04-14 15:30:08,209 [INFO] ══ Poll complete ══

/Users/sterling/Library/Python/3.9/lib/python/site-packages/urllib3/__init__.py:35: NotOpenSSLWarning: urllib3 v2 only supports OpenSSL 1.1.1+, currently the 'ssl' module is compiled with 'LibreSSL 2.8.3'. See: https://github.com/urllib3/urllib3/issues/3020
  warnings.warn(
2026-04-14 16:00:06,605 [INFO] ══ Scally Tracker — 2026-04-14 04:00 PM CT ══
2026-04-14 16:00:06,608 [INFO] DB ready: /Users/sterling/app/scally-tracker/data/inventory.db
2026-04-14 16:00:08,341 [INFO] Fetched 644 products from BSC
2026-04-14 16:00:08,994 [INFO] Categories: {'apparel': 143, 'caps': 381, 'other': 17, 'pins': 156}
2026-04-14 16:00:09,108 [INFO] ══ Poll complete ══

/Users/sterling/Library/Python/3.9/lib/python/site-packages/urllib3/__init__.py:35: NotOpenSSLWarning: urllib3 v2 only supports OpenSSL 1.1.1+, currently the 'ssl' module is compiled with 'LibreSSL 2.8.3'. See: https://github.com/urllib3/urllib3/issues/3020
  warnings.warn(
2026-04-14 16:30:05,874 [INFO] ══ Scally Tracker — 2026-04-14 04:30 PM CT ══
2026-04-14 16:30:05,877 [INFO] DB ready: /Users/sterling/app/scally-tracker/data/inventory.db
2026-04-14 16:30:08,972 [INFO] Fetched 644 products from BSC
2026-04-14 16:30:09,659 [INFO] Categories: {'apparel': 143, 'caps': 381, 'other': 17, 'pins': 156}
2026-04-14 16:30:09,773 [INFO] ══ Poll complete ══

/Users/sterling/Library/Python/3.9/lib/python/site-packages/urllib3/__init__.py:35: NotOpenSSLWarning: urllib3 v2 only supports OpenSSL 1.1.1+, currently the 'ssl' module is compiled with 'LibreSSL 2.8.3'. See: https://github.com/urllib3/urllib3/issues/3020
  warnings.warn(
2026-04-14 17:00:05,876 [INFO] ══ Scally Tracker — 2026-04-14 05:00 PM CT ══
2026-04-14 17:00:05,879 [INFO] DB ready: /Users/sterling/app/scally-tracker/data/inventory.db
2026-04-14 17:00:07,774 [INFO] Fetched 644 products from BSC
2026-04-14 17:00:08,435 [INFO] Categories: {'apparel': 143, 'caps': 381, 'other': 17, 'pins': 156}
2026-04-14 17:00:08,546 [INFO] ══ Poll complete ══

/Users/sterling/Library/Python/3.9/lib/python/site-packages/urllib3/__init__.py:35: NotOpenSSLWarning: urllib3 v2 only supports OpenSSL 1.1.1+, currently the 'ssl' module is compiled with 'LibreSSL 2.8.3'. See: https://github.com/urllib3/urllib3/issues/3020
  warnings.warn(
2026-04-14 17:30:05,879 [INFO] ══ Scally Tracker — 2026-04-14 05:30 PM CT ══
2026-04-14 17:30:05,881 [INFO] DB ready: /Users/sterling/app/scally-tracker/data/inventory.db
2026-04-14 17:30:07,748 [INFO] Fetched 644 products from BSC
2026-04-14 17:30:08,398 [INFO] Categories: {'apparel': 143, 'caps': 381, 'other': 17, 'pins': 156}
2026-04-14 17:30:08,508 [INFO] ══ Poll complete ══

/Users/sterling/Library/Python/3.9/lib/python/site-packages/urllib3/__init__.py:35: NotOpenSSLWarning: urllib3 v2 only supports OpenSSL 1.1.1+, currently the 'ssl' module is compiled with 'LibreSSL 2.8.3'. See: https://github.com/urllib3/urllib3/issues/3020
  warnings.warn(
2026-04-14 18:00:05,880 [INFO] ══ Scally Tracker — 2026-04-14 06:00 PM CT ══
2026-04-14 18:00:05,883 [INFO] DB ready: /Users/sterling/app/scally-tracker/data/inventory.db
2026-04-14 18:00:07,790 [INFO] Fetched 644 products from BSC
2026-04-14 18:00:08,432 [INFO] Categories: {'apparel': 143, 'caps': 381, 'other': 17, 'pins': 156}
2026-04-14 18:00:08,545 [INFO] ══ Poll complete ══

/Users/sterling/Library/Python/3.9/lib/python/site-packages/urllib3/__init__.py:35: NotOpenSSLWarning: urllib3 v2 only supports OpenSSL 1.1.1+, currently the 'ssl' module is compiled with 'LibreSSL 2.8.3'. See: https://github.com/urllib3/urllib3/issues/3020
  warnings.warn(
2026-04-14 18:30:05,877 [INFO] ══ Scally Tracker — 2026-04-14 06:30 PM CT ══
2026-04-14 18:30:05,880 [INFO] DB ready: /Users/sterling/app/scally-tracker/data/inventory.db
2026-04-14 18:30:07,641 [INFO] Fetched 644 products from BSC
2026-04-14 18:30:08,237 [INFO] Categories: {'apparel': 143, 'caps': 381, 'other': 17, 'pins': 156}
2026-04-14 18:30:08,325 [INFO] ══ Poll complete ══

/Users/sterling/Library/Python/3.9/lib/python/site-packages/urllib3/__init__.py:35: NotOpenSSLWarning: urllib3 v2 only supports OpenSSL 1.1.1+, currently the 'ssl' module is compiled with 'LibreSSL 2.8.3'. See: https://github.com/urllib3/urllib3/issues/3020
  warnings.warn(
2026-04-14 19:00:05,955 [INFO] ══ Scally Tracker — 2026-04-14 07:00 PM CT ══
2026-04-14 19:00:05,959 [INFO] DB ready: /Users/sterling/app/scally-tracker/data/inventory.db
2026-04-14 19:00:07,645 [INFO] Fetched 644 products from BSC
2026-04-14 19:00:08,246 [INFO] Purged 11 alert(s) older than 30 days
2026-04-14 19:00:08,246 [INFO] Categories: {'apparel': 143, 'caps': 381, 'other': 17, 'pins': 156}
2026-04-14 19:00:08,349 [INFO] ══ Poll complete ══

/Users/sterling/Library/Python/3.9/lib/python/site-packages/urllib3/__init__.py:35: NotOpenSSLWarning: urllib3 v2 only supports OpenSSL 1.1.1+, currently the 'ssl' module is compiled with 'LibreSSL 2.8.3'. See: https://github.com/urllib3/urllib3/issues/3020
  warnings.warn(
2026-04-15 07:00:05,910 [INFO] ══ Scally Tracker — 2026-04-15 07:00 AM CT ══
2026-04-15 07:00:05,915 [INFO] DB ready: /Users/sterling/app/scally-tracker/data/inventory.db
2026-04-15 07:00:07,748 [INFO] Fetched 644 products from BSC
2026-04-15 07:00:08,423 [INFO] Categories: {'apparel': 143, 'caps': 381, 'other': 17, 'pins': 156}
2026-04-15 07:00:08,524 [INFO] ══ Poll complete ══

/Users/sterling/Library/Python/3.9/lib/python/site-packages/urllib3/__init__.py:35: NotOpenSSLWarning: urllib3 v2 only supports OpenSSL 1.1.1+, currently the 'ssl' module is compiled with 'LibreSSL 2.8.3'. See: https://github.com/urllib3/urllib3/issues/3020
  warnings.warn(
2026-04-15 07:30:05,899 [INFO] ══ Scally Tracker — 2026-04-15 07:30 AM CT ══
2026-04-15 07:30:05,901 [INFO] DB ready: /Users/sterling/app/scally-tracker/data/inventory.db
2026-04-15 07:30:07,864 [INFO] Fetched 644 products from BSC
2026-04-15 07:30:08,492 [INFO] Categories: {'apparel': 143, 'caps': 381, 'other': 17, 'pins': 156}
2026-04-15 07:30:08,568 [INFO] ══ Poll complete ══

/Users/sterling/Library/Python/3.9/lib/python/site-packages/urllib3/__init__.py:35: NotOpenSSLWarning: urllib3 v2 only supports OpenSSL 1.1.1+, currently the 'ssl' module is compiled with 'LibreSSL 2.8.3'. See: https://github.com/urllib3/urllib3/issues/3020
  warnings.warn(
2026-04-15 08:00:05,879 [INFO] ══ Scally Tracker — 2026-04-15 08:00 AM CT ══
2026-04-15 08:00:05,883 [INFO] DB ready: /Users/sterling/app/scally-tracker/data/inventory.db
2026-04-15 08:00:07,733 [INFO] Fetched 644 products from BSC
2026-04-15 08:00:08,289 [INFO] ntfy 200: 🎉 Restock!
2026-04-15 08:00:08,715 [INFO] ntfy 200: 🎉 Restock!
2026-04-15 08:00:09,228 [INFO] ntfy 200: 🎉 Restock!
2026-04-15 08:00:09,749 [INFO] Categories: {'apparel': 143, 'caps': 381, 'other': 17, 'pins': 156}
2026-04-15 08:00:09,903 [INFO] ══ Poll complete ══

/Users/sterling/Library/Python/3.9/lib/python/site-packages/urllib3/__init__.py:35: NotOpenSSLWarning: urllib3 v2 only supports OpenSSL 1.1.1+, currently the 'ssl' module is compiled with 'LibreSSL 2.8.3'. See: https://github.com/urllib3/urllib3/issues/3020
  warnings.warn(
2026-04-15 08:30:05,893 [INFO] ══ Scally Tracker — 2026-04-15 08:30 AM CT ══
2026-04-15 08:30:05,896 [INFO] DB ready: /Users/sterling/app/scally-tracker/data/inventory.db
2026-04-15 08:30:07,849 [INFO] Fetched 644 products from BSC
2026-04-15 08:30:08,456 [INFO] Categories: {'apparel': 143, 'caps': 381, 'other': 17, 'pins': 156}
2026-04-15 08:30:08,562 [INFO] ══ Poll complete ══

/Users/sterling/Library/Python/3.9/lib/python/site-packages/urllib3/__init__.py:35: NotOpenSSLWarning: urllib3 v2 only supports OpenSSL 1.1.1+, currently the 'ssl' module is compiled with 'LibreSSL 2.8.3'. See: https://github.com/urllib3/urllib3/issues/3020
  warnings.warn(
2026-04-15 09:00:05,862 [INFO] ══ Scally Tracker — 2026-04-15 09:00 AM CT ══
2026-04-15 09:00:05,865 [INFO] DB ready: /Users/sterling/app/scally-tracker/data/inventory.db
2026-04-15 09:00:07,500 [INFO] Fetched 644 products from BSC
2026-04-15 09:00:08,354 [INFO] ntfy 200: 🎉 Restock!
2026-04-15 09:00:08,908 [INFO] ntfy 200: 🎉 Restock!
2026-04-15 09:00:09,101 [INFO] Categories: {'apparel': 143, 'caps': 381, 'other': 17, 'pins': 156}
2026-04-15 09:00:09,204 [INFO] ══ Poll complete ══

/Users/sterling/Library/Python/3.9/lib/python/site-packages/urllib3/__init__.py:35: NotOpenSSLWarning: urllib3 v2 only supports OpenSSL 1.1.1+, currently the 'ssl' module is compiled with 'LibreSSL 2.8.3'. See: https://github.com/urllib3/urllib3/issues/3020
  warnings.warn(
2026-04-15 09:30:05,879 [INFO] ══ Scally Tracker — 2026-04-15 09:30 AM CT ══
2026-04-15 09:30:05,881 [INFO] DB ready: /Users/sterling/app/scally-tracker/data/inventory.db
2026-04-15 09:30:07,684 [INFO] Fetched 644 products from BSC
2026-04-15 09:30:08,041 [INFO] ntfy 200: 🎉 Restock!
2026-04-15 09:30:08,671 [INFO] ntfy 200: 🎉 Restock!
2026-04-15 09:30:09,078 [INFO] Categories: {'apparel': 143, 'caps': 381, 'other': 17, 'pins': 156}
2026-04-15 09:30:09,182 [INFO] ══ Poll complete ══

/Users/sterling/Library/Python/3.9/lib/python/site-packages/urllib3/__init__.py:35: NotOpenSSLWarning: urllib3 v2 only supports OpenSSL 1.1.1+, currently the 'ssl' module is compiled with 'LibreSSL 2.8.3'. See: https://github.com/urllib3/urllib3/issues/3020
  warnings.warn(
2026-04-15 10:00:05,867 [INFO] ══ Scally Tracker — 2026-04-15 10:00 AM CT ══
2026-04-15 10:00:05,869 [INFO] DB ready: /Users/sterling/app/scally-tracker/data/inventory.db
2026-04-15 10:00:07,465 [INFO] Fetched 644 products from BSC
2026-04-15 10:00:08,402 [INFO] ntfy 200: 🎉 Restock!
2026-04-15 10:00:08,570 [INFO] Categories: {'apparel': 143, 'caps': 381, 'other': 17, 'pins': 156}
2026-04-15 10:00:08,677 [INFO] ══ Poll complete ══

/Users/sterling/Library/Python/3.9/lib/python/site-packages/urllib3/__init__.py:35: NotOpenSSLWarning: urllib3 v2 only supports OpenSSL 1.1.1+, currently the 'ssl' module is compiled with 'LibreSSL 2.8.3'. See: https://github.com/urllib3/urllib3/issues/3020
  warnings.warn(
2026-04-15 10:30:05,892 [INFO] ══ Scally Tracker — 2026-04-15 10:30 AM CT ══
2026-04-15 10:30:05,895 [INFO] DB ready: /Users/sterling/app/scally-tracker/data/inventory.db
2026-04-15 10:30:07,638 [INFO] Fetched 644 products from BSC
2026-04-15 10:30:08,109 [INFO] ntfy 200: 🎉 Restock!
2026-04-15 10:30:08,594 [INFO] ntfy 200: 🎉 Restock!
2026-04-15 10:30:09,107 [INFO] Categories: {'apparel': 143, 'caps': 381, 'other': 17, 'pins': 156}
2026-04-15 10:30:09,214 [INFO] ══ Poll complete ══

/Users/sterling/Library/Python/3.9/lib/python/site-packages/urllib3/__init__.py:35: NotOpenSSLWarning: urllib3 v2 only supports OpenSSL 1.1.1+, currently the 'ssl' module is compiled with 'LibreSSL 2.8.3'. See: https://github.com/urllib3/urllib3/issues/3020
  warnings.warn(
2026-04-15 11:00:05,901 [INFO] ══ Scally Tracker — 2026-04-15 11:00 AM CT ══
2026-04-15 11:00:05,905 [INFO] DB ready: /Users/sterling/app/scally-tracker/data/inventory.db
2026-04-15 11:00:07,542 [INFO] Fetched 644 products from BSC
2026-04-15 11:00:08,178 [INFO] Categories: {'apparel': 143, 'caps': 381, 'other': 17, 'pins': 156}
2026-04-15 11:00:08,280 [INFO] ══ Poll complete ══

/Users/sterling/Library/Python/3.9/lib/python/site-packages/urllib3/__init__.py:35: NotOpenSSLWarning: urllib3 v2 only supports OpenSSL 1.1.1+, currently the 'ssl' module is compiled with 'LibreSSL 2.8.3'. See: https://github.com/urllib3/urllib3/issues/3020
  warnings.warn(
2026-04-15 11:30:03,033 [INFO] ══ Scally Tracker — 2026-04-15 11:30 AM CT ══
2026-04-15 11:30:03,035 [INFO] DB ready: /Users/sterling/app/scally-tracker/data/inventory.db
2026-04-15 11:30:05,023 [INFO] Fetched 644 products from BSC
2026-04-15 11:30:05,860 [INFO] ntfy 200: 🎉 Restock!
2026-04-15 11:30:06,252 [INFO] Categories: {'apparel': 143, 'caps': 381, 'other': 17, 'pins': 156}
2026-04-15 11:30:06,359 [INFO] ══ Poll complete ══

/Users/sterling/Library/Python/3.9/lib/python/site-packages/urllib3/__init__.py:35: NotOpenSSLWarning: urllib3 v2 only supports OpenSSL 1.1.1+, currently the 'ssl' module is compiled with 'LibreSSL 2.8.3'. See: https://github.com/urllib3/urllib3/issues/3020
  warnings.warn(
2026-04-15 12:00:05,909 [INFO] ══ Scally Tracker — 2026-04-15 12:00 PM CT ══
2026-04-15 12:00:05,911 [INFO] DB ready: /Users/sterling/app/scally-tracker/data/inventory.db
2026-04-15 12:00:07,692 [INFO] Fetched 644 products from BSC
2026-04-15 12:00:08,316 [INFO] Categories: {'apparel': 143, 'caps': 381, 'other': 17, 'pins': 156}
2026-04-15 12:00:08,418 [INFO] ══ Poll complete ══

/Users/sterling/Library/Python/3.9/lib/python/site-packages/urllib3/__init__.py:35: NotOpenSSLWarning: urllib3 v2 only supports OpenSSL 1.1.1+, currently the 'ssl' module is compiled with 'LibreSSL 2.8.3'. See: https://github.com/urllib3/urllib3/issues/3020
  warnings.warn(
2026-04-15 12:30:03,890 [INFO] ══ Scally Tracker — 2026-04-15 12:30 PM CT ══
2026-04-15 12:30:03,893 [INFO] DB ready: /Users/sterling/app/scally-tracker/data/inventory.db
2026-04-15 12:30:05,688 [INFO] Fetched 644 products from BSC
2026-04-15 12:30:06,308 [INFO] Categories: {'apparel': 143, 'caps': 381, 'other': 17, 'pins': 156}
2026-04-15 12:30:06,415 [INFO] ══ Poll complete ══

/Users/sterling/Library/Python/3.9/lib/python/site-packages/urllib3/__init__.py:35: NotOpenSSLWarning: urllib3 v2 only supports OpenSSL 1.1.1+, currently the 'ssl' module is compiled with 'LibreSSL 2.8.3'. See: https://github.com/urllib3/urllib3/issues/3020
  warnings.warn(
2026-04-15 13:00:01,887 [INFO] ══ Scally Tracker — 2026-04-15 01:00 PM CT ══
2026-04-15 13:00:01,890 [INFO] DB ready: /Users/sterling/app/scally-tracker/data/inventory.db
2026-04-15 13:00:03,677 [INFO] Fetched 644 products from BSC
2026-04-15 13:00:04,349 [INFO] Categories: {'apparel': 143, 'caps': 381, 'other': 17, 'pins': 156}
2026-04-15 13:00:04,449 [INFO] ══ Poll complete ══

/Users/sterling/Library/Python/3.9/lib/python/site-packages/urllib3/__init__.py:35: NotOpenSSLWarning: urllib3 v2 only supports OpenSSL 1.1.1+, currently the 'ssl' module is compiled with 'LibreSSL 2.8.3'. See: https://github.com/urllib3/urllib3/issues/3020
  warnings.warn(
2026-04-15 13:30:00,912 [INFO] ══ Scally Tracker — 2026-04-15 01:30 PM CT ══
2026-04-15 13:30:00,914 [INFO] DB ready: /Users/sterling/app/scally-tracker/data/inventory.db
2026-04-15 13:30:02,877 [INFO] Fetched 644 products from BSC
2026-04-15 13:30:03,599 [INFO] ntfy 200: 🎉 Restock!
2026-04-15 13:30:03,950 [INFO] Categories: {'apparel': 143, 'caps': 381, 'other': 17, 'pins': 156}
2026-04-15 13:30:04,057 [INFO] ══ Poll complete ══

/Users/sterling/Library/Python/3.9/lib/python/site-packages/urllib3/__init__.py:35: NotOpenSSLWarning: urllib3 v2 only supports OpenSSL 1.1.1+, currently the 'ssl' module is compiled with 'LibreSSL 2.8.3'. See: https://github.com/urllib3/urllib3/issues/3020
  warnings.warn(
2026-04-15 14:00:03,882 [INFO] ══ Scally Tracker — 2026-04-15 02:00 PM CT ══
2026-04-15 14:00:03,885 [INFO] DB ready: /Users/sterling/app/scally-tracker/data/inventory.db
2026-04-15 14:00:05,880 [INFO] Fetched 644 products from BSC
2026-04-15 14:00:06,506 [INFO] Categories: {'apparel': 143, 'caps': 381, 'other': 17, 'pins': 156}
2026-04-15 14:00:06,605 [INFO] ══ Poll complete ══

/Users/sterling/Library/Python/3.9/lib/python/site-packages/urllib3/__init__.py:35: NotOpenSSLWarning: urllib3 v2 only supports OpenSSL 1.1.1+, currently the 'ssl' module is compiled with 'LibreSSL 2.8.3'. See: https://github.com/urllib3/urllib3/issues/3020
  warnings.warn(
2026-04-15 14:30:05,906 [INFO] ══ Scally Tracker — 2026-04-15 02:30 PM CT ══
2026-04-15 14:30:05,908 [INFO] DB ready: /Users/sterling/app/scally-tracker/data/inventory.db
2026-04-15 14:30:08,047 [INFO] Fetched 644 products from BSC
2026-04-15 14:30:08,652 [INFO] Categories: {'apparel': 143, 'caps': 381, 'other': 17, 'pins': 156}
2026-04-15 14:30:08,754 [INFO] ══ Poll complete ══

/Users/sterling/Library/Python/3.9/lib/python/site-packages/urllib3/__init__.py:35: NotOpenSSLWarning: urllib3 v2 only supports OpenSSL 1.1.1+, currently the 'ssl' module is compiled with 'LibreSSL 2.8.3'. See: https://github.com/urllib3/urllib3/issues/3020
  warnings.warn(
2026-04-15 15:00:05,850 [INFO] ══ Scally Tracker — 2026-04-15 03:00 PM CT ══
2026-04-15 15:00:05,852 [INFO] DB ready: /Users/sterling/app/scally-tracker/data/inventory.db
2026-04-15 15:00:07,681 [INFO] Fetched 644 products from BSC
2026-04-15 15:00:08,303 [INFO] Categories: {'apparel': 143, 'caps': 381, 'other': 17, 'pins': 156}
2026-04-15 15:00:08,389 [INFO] ══ Poll complete ══

/Users/sterling/Library/Python/3.9/lib/python/site-packages/urllib3/__init__.py:35: NotOpenSSLWarning: urllib3 v2 only supports OpenSSL 1.1.1+, currently the 'ssl' module is compiled with 'LibreSSL 2.8.3'. See: https://github.com/urllib3/urllib3/issues/3020
  warnings.warn(
2026-04-15 15:30:05,821 [INFO] ══ Scally Tracker — 2026-04-15 03:30 PM CT ══
2026-04-15 15:30:05,824 [INFO] DB ready: /Users/sterling/app/scally-tracker/data/inventory.db
2026-04-15 15:30:07,374 [INFO] Fetched 644 products from BSC
2026-04-15 15:30:08,024 [INFO] Categories: {'apparel': 143, 'caps': 381, 'other': 17, 'pins': 156}
2026-04-15 15:30:08,126 [INFO] ══ Poll complete ══

/Users/sterling/Library/Python/3.9/lib/python/site-packages/urllib3/__init__.py:35: NotOpenSSLWarning: urllib3 v2 only supports OpenSSL 1.1.1+, currently the 'ssl' module is compiled with 'LibreSSL 2.8.3'. See: https://github.com/urllib3/urllib3/issues/3020
  warnings.warn(
2026-04-15 16:00:05,898 [INFO] ══ Scally Tracker — 2026-04-15 04:00 PM CT ══
2026-04-15 16:00:05,900 [INFO] DB ready: /Users/sterling/app/scally-tracker/data/inventory.db
2026-04-15 16:00:07,646 [INFO] Fetched 643 products from BSC
2026-04-15 16:00:08,291 [INFO] Categories: {'apparel': 143, 'caps': 381, 'other': 17, 'pins': 156}
2026-04-15 16:00:08,357 [INFO] ══ Poll complete ══

/Users/sterling/Library/Python/3.9/lib/python/site-packages/urllib3/__init__.py:35: NotOpenSSLWarning: urllib3 v2 only supports OpenSSL 1.1.1+, currently the 'ssl' module is compiled with 'LibreSSL 2.8.3'. See: https://github.com/urllib3/urllib3/issues/3020
  warnings.warn(
2026-04-15 16:30:05,905 [INFO] ══ Scally Tracker — 2026-04-15 04:30 PM CT ══
2026-04-15 16:30:05,908 [INFO] DB ready: /Users/sterling/app/scally-tracker/data/inventory.db
2026-04-15 16:30:07,532 [INFO] Fetched 643 products from BSC
2026-04-15 16:30:08,151 [INFO] Categories: {'apparel': 143, 'caps': 381, 'other': 17, 'pins': 156}
2026-04-15 16:30:08,240 [INFO] ══ Poll complete ══

/Users/sterling/Library/Python/3.9/lib/python/site-packages/urllib3/__init__.py:35: NotOpenSSLWarning: urllib3 v2 only supports OpenSSL 1.1.1+, currently the 'ssl' module is compiled with 'LibreSSL 2.8.3'. See: https://github.com/urllib3/urllib3/issues/3020
  warnings.warn(
2026-04-15 17:00:05,952 [INFO] ══ Scally Tracker — 2026-04-15 05:00 PM CT ══
2026-04-15 17:00:05,955 [INFO] DB ready: /Users/sterling/app/scally-tracker/data/inventory.db
2026-04-15 17:00:07,932 [INFO] Fetched 643 products from BSC
2026-04-15 17:00:08,561 [INFO] Categories: {'apparel': 143, 'caps': 381, 'other': 17, 'pins': 156}
2026-04-15 17:00:08,660 [INFO] ══ Poll complete ══

/Users/sterling/Library/Python/3.9/lib/python/site-packages/urllib3/__init__.py:35: NotOpenSSLWarning: urllib3 v2 only supports OpenSSL 1.1.1+, currently the 'ssl' module is compiled with 'LibreSSL 2.8.3'. See: https://github.com/urllib3/urllib3/issues/3020
  warnings.warn(
2026-04-15 17:30:05,885 [INFO] ══ Scally Tracker — 2026-04-15 05:30 PM CT ══
2026-04-15 17:30:05,887 [INFO] DB ready: /Users/sterling/app/scally-tracker/data/inventory.db
2026-04-15 17:30:07,595 [INFO] Fetched 643 products from BSC
2026-04-15 17:30:08,184 [INFO] Categories: {'apparel': 143, 'caps': 381, 'other': 17, 'pins': 156}
2026-04-15 17:30:08,256 [INFO] ══ Poll complete ══

/Users/sterling/Library/Python/3.9/lib/python/site-packages/urllib3/__init__.py:35: NotOpenSSLWarning: urllib3 v2 only supports OpenSSL 1.1.1+, currently the 'ssl' module is compiled with 'LibreSSL 2.8.3'. See: https://github.com/urllib3/urllib3/issues/3020
  warnings.warn(
2026-04-15 18:00:04,671 [INFO] ══ Scally Tracker — 2026-04-15 06:00 PM CT ══
2026-04-15 18:00:04,674 [INFO] DB ready: /Users/sterling/app/scally-tracker/data/inventory.db
2026-04-15 18:00:06,221 [INFO] Fetched 643 products from BSC
2026-04-15 18:00:06,855 [INFO] Categories: {'apparel': 143, 'caps': 381, 'other': 17, 'pins': 156}
2026-04-15 18:00:06,961 [INFO] ══ Poll complete ══

/Users/sterling/Library/Python/3.9/lib/python/site-packages/urllib3/__init__.py:35: NotOpenSSLWarning: urllib3 v2 only supports OpenSSL 1.1.1+, currently the 'ssl' module is compiled with 'LibreSSL 2.8.3'. See: https://github.com/urllib3/urllib3/issues/3020
  warnings.warn(
2026-04-15 18:30:05,492 [INFO] ══ Scally Tracker — 2026-04-15 06:30 PM CT ══
2026-04-15 18:30:05,495 [INFO] DB ready: /Users/sterling/app/scally-tracker/data/inventory.db
2026-04-15 18:30:07,165 [INFO] Fetched 643 products from BSC
2026-04-15 18:30:07,797 [INFO] Categories: {'apparel': 143, 'caps': 381, 'other': 17, 'pins': 156}
2026-04-15 18:30:07,902 [INFO] ══ Poll complete ══

/Users/sterling/Library/Python/3.9/lib/python/site-packages/urllib3/__init__.py:35: NotOpenSSLWarning: urllib3 v2 only supports OpenSSL 1.1.1+, currently the 'ssl' module is compiled with 'LibreSSL 2.8.3'. See: https://github.com/urllib3/urllib3/issues/3020
  warnings.warn(
2026-04-15 19:00:04,888 [INFO] ══ Scally Tracker — 2026-04-15 07:00 PM CT ══
2026-04-15 19:00:04,891 [INFO] DB ready: /Users/sterling/app/scally-tracker/data/inventory.db
2026-04-15 19:00:06,479 [INFO] Fetched 643 products from BSC
2026-04-15 19:00:07,111 [INFO] Purged 80 alert(s) older than 30 days
2026-04-15 19:00:07,111 [INFO] Categories: {'apparel': 143, 'caps': 381, 'other': 17, 'pins': 156}
2026-04-15 19:00:07,221 [INFO] ══ Poll complete ══

/Users/sterling/Library/Python/3.9/lib/python/site-packages/urllib3/__init__.py:35: NotOpenSSLWarning: urllib3 v2 only supports OpenSSL 1.1.1+, currently the 'ssl' module is compiled with 'LibreSSL 2.8.3'. See: https://github.com/urllib3/urllib3/issues/3020
  warnings.warn(
2026-04-16 07:00:05,450 [INFO] ══ Scally Tracker — 2026-04-16 07:00 AM CT ══
2026-04-16 07:00:05,456 [INFO] DB ready: /Users/sterling/app/scally-tracker/data/inventory.db
2026-04-16 07:00:06,915 [INFO] Fetched 643 products from BSC
2026-04-16 07:00:07,525 [INFO] Categories: {'apparel': 143, 'caps': 381, 'other': 17, 'pins': 156}
2026-04-16 07:00:07,617 [INFO] ══ Poll complete ══

/Users/sterling/Library/Python/3.9/lib/python/site-packages/urllib3/__init__.py:35: NotOpenSSLWarning: urllib3 v2 only supports OpenSSL 1.1.1+, currently the 'ssl' module is compiled with 'LibreSSL 2.8.3'. See: https://github.com/urllib3/urllib3/issues/3020
  warnings.warn(
2026-04-16 07:30:04,939 [INFO] ══ Scally Tracker — 2026-04-16 07:30 AM CT ══
2026-04-16 07:30:04,944 [INFO] DB ready: /Users/sterling/app/scally-tracker/data/inventory.db
2026-04-16 07:30:06,626 [INFO] Fetched 643 products from BSC
2026-04-16 07:30:07,238 [INFO] Categories: {'apparel': 143, 'caps': 381, 'other': 17, 'pins': 156}
2026-04-16 07:30:07,341 [INFO] ══ Poll complete ══

/Users/sterling/Library/Python/3.9/lib/python/site-packages/urllib3/__init__.py:35: NotOpenSSLWarning: urllib3 v2 only supports OpenSSL 1.1.1+, currently the 'ssl' module is compiled with 'LibreSSL 2.8.3'. See: https://github.com/urllib3/urllib3/issues/3020
  warnings.warn(
2026-04-16 08:00:05,853 [INFO] ══ Scally Tracker — 2026-04-16 08:00 AM CT ══
2026-04-16 08:00:05,856 [INFO] DB ready: /Users/sterling/app/scally-tracker/data/inventory.db
2026-04-16 08:00:07,572 [INFO] Fetched 643 products from BSC
2026-04-16 08:00:08,192 [INFO] Categories: {'apparel': 143, 'caps': 381, 'other': 17, 'pins': 156}
2026-04-16 08:00:08,303 [INFO] ══ Poll complete ══

/Users/sterling/Library/Python/3.9/lib/python/site-packages/urllib3/__init__.py:35: NotOpenSSLWarning: urllib3 v2 only supports OpenSSL 1.1.1+, currently the 'ssl' module is compiled with 'LibreSSL 2.8.3'. See: https://github.com/urllib3/urllib3/issues/3020
  warnings.warn(
2026-04-16 08:30:02,867 [INFO] ══ Scally Tracker — 2026-04-16 08:30 AM CT ══
2026-04-16 08:30:02,870 [INFO] DB ready: /Users/sterling/app/scally-tracker/data/inventory.db
2026-04-16 08:30:04,572 [INFO] Fetched 643 products from BSC
2026-04-16 08:30:05,189 [INFO] Categories: {'apparel': 143, 'caps': 381, 'other': 17, 'pins': 156}
2026-04-16 08:30:05,295 [INFO] ══ Poll complete ══

/Users/sterling/Library/Python/3.9/lib/python/site-packages/urllib3/__init__.py:35: NotOpenSSLWarning: urllib3 v2 only supports OpenSSL 1.1.1+, currently the 'ssl' module is compiled with 'LibreSSL 2.8.3'. See: https://github.com/urllib3/urllib3/issues/3020
  warnings.warn(
2026-04-16 09:00:01,863 [INFO] ══ Scally Tracker — 2026-04-16 09:00 AM CT ══
2026-04-16 09:00:01,867 [INFO] DB ready: /Users/sterling/app/scally-tracker/data/inventory.db
2026-04-16 09:00:03,719 [INFO] Fetched 643 products from BSC
2026-04-16 09:00:04,349 [INFO] ntfy 200: 🎉 Restock!
2026-04-16 09:00:05,444 [INFO] ntfy 200: 🎉 Restock!
2026-04-16 09:00:05,667 [INFO] Categories: {'apparel': 143, 'caps': 381, 'other': 17, 'pins': 156}
2026-04-16 09:00:05,767 [INFO] ══ Poll complete ══

/Users/sterling/Library/Python/3.9/lib/python/site-packages/urllib3/__init__.py:35: NotOpenSSLWarning: urllib3 v2 only supports OpenSSL 1.1.1+, currently the 'ssl' module is compiled with 'LibreSSL 2.8.3'. See: https://github.com/urllib3/urllib3/issues/3020
  warnings.warn(
2026-04-16 09:30:00,907 [INFO] ══ Scally Tracker — 2026-04-16 09:30 AM CT ══
2026-04-16 09:30:00,909 [INFO] DB ready: /Users/sterling/app/scally-tracker/data/inventory.db
2026-04-16 09:30:02,747 [INFO] Fetched 643 products from BSC
2026-04-16 09:30:03,358 [INFO] Categories: {'apparel': 143, 'caps': 381, 'other': 17, 'pins': 156}
2026-04-16 09:30:03,456 [INFO] ══ Poll complete ══

/Users/sterling/Library/Python/3.9/lib/python/site-packages/urllib3/__init__.py:35: NotOpenSSLWarning: urllib3 v2 only supports OpenSSL 1.1.1+, currently the 'ssl' module is compiled with 'LibreSSL 2.8.3'. See: https://github.com/urllib3/urllib3/issues/3020
  warnings.warn(
2026-04-16 10:00:01,873 [INFO] ══ Scally Tracker — 2026-04-16 10:00 AM CT ══
2026-04-16 10:00:01,876 [INFO] DB ready: /Users/sterling/app/scally-tracker/data/inventory.db
2026-04-16 10:00:03,524 [INFO] Fetched 643 products from BSC
2026-04-16 10:00:04,171 [INFO] Categories: {'apparel': 143, 'caps': 381, 'other': 17, 'pins': 156}
2026-04-16 10:00:04,257 [INFO] ══ Poll complete ══

/Users/sterling/Library/Python/3.9/lib/python/site-packages/urllib3/__init__.py:35: NotOpenSSLWarning: urllib3 v2 only supports OpenSSL 1.1.1+, currently the 'ssl' module is compiled with 'LibreSSL 2.8.3'. See: https://github.com/urllib3/urllib3/issues/3020
  warnings.warn(
2026-04-16 10:30:05,841 [INFO] ══ Scally Tracker — 2026-04-16 10:30 AM CT ══
2026-04-16 10:30:05,844 [INFO] DB ready: /Users/sterling/app/scally-tracker/data/inventory.db
2026-04-16 10:30:07,682 [INFO] Fetched 643 products from BSC
2026-04-16 10:30:08,343 [INFO] Categories: {'apparel': 143, 'caps': 381, 'other': 17, 'pins': 156}
2026-04-16 10:30:08,438 [INFO] ══ Poll complete ══

/Users/sterling/Library/Python/3.9/lib/python/site-packages/urllib3/__init__.py:35: NotOpenSSLWarning: urllib3 v2 only supports OpenSSL 1.1.1+, currently the 'ssl' module is compiled with 'LibreSSL 2.8.3'. See: https://github.com/urllib3/urllib3/issues/3020
  warnings.warn(
2026-04-16 11:00:05,898 [INFO] ══ Scally Tracker — 2026-04-16 11:00 AM CT ══
2026-04-16 11:00:05,901 [INFO] DB ready: /Users/sterling/app/scally-tracker/data/inventory.db
2026-04-16 11:00:07,388 [INFO] Fetched 643 products from BSC
2026-04-16 11:00:08,058 [INFO] ntfy 200: 🎉 Restock!
2026-04-16 11:00:08,376 [INFO] Categories: {'apparel': 143, 'caps': 381, 'other': 17, 'pins': 156}
2026-04-16 11:00:08,471 [INFO] ══ Poll complete ══

/Users/sterling/Library/Python/3.9/lib/python/site-packages/urllib3/__init__.py:35: NotOpenSSLWarning: urllib3 v2 only supports OpenSSL 1.1.1+, currently the 'ssl' module is compiled with 'LibreSSL 2.8.3'. See: https://github.com/urllib3/urllib3/issues/3020
  warnings.warn(
2026-04-16 11:30:03,087 [INFO] ══ Scally Tracker — 2026-04-16 11:30 AM CT ══
2026-04-16 11:30:03,089 [INFO] DB ready: /Users/sterling/app/scally-tracker/data/inventory.db
2026-04-16 11:30:05,122 [INFO] Fetched 643 products from BSC
2026-04-16 11:30:05,778 [INFO] Categories: {'apparel': 143, 'caps': 381, 'other': 17, 'pins': 156}
2026-04-16 11:30:05,886 [INFO] ══ Poll complete ══

/Users/sterling/Library/Python/3.9/lib/python/site-packages/urllib3/__init__.py:35: NotOpenSSLWarning: urllib3 v2 only supports OpenSSL 1.1.1+, currently the 'ssl' module is compiled with 'LibreSSL 2.8.3'. See: https://github.com/urllib3/urllib3/issues/3020
  warnings.warn(
2026-04-16 12:00:05,912 [INFO] ══ Scally Tracker — 2026-04-16 12:00 PM CT ══
2026-04-16 12:00:05,915 [INFO] DB ready: /Users/sterling/app/scally-tracker/data/inventory.db
2026-04-16 12:00:07,546 [INFO] Fetched 643 products from BSC
2026-04-16 12:00:08,174 [INFO] Categories: {'apparel': 143, 'caps': 381, 'other': 17, 'pins': 156}
2026-04-16 12:00:08,282 [INFO] ══ Poll complete ══

/Users/sterling/Library/Python/3.9/lib/python/site-packages/urllib3/__init__.py:35: NotOpenSSLWarning: urllib3 v2 only supports OpenSSL 1.1.1+, currently the 'ssl' module is compiled with 'LibreSSL 2.8.3'. See: https://github.com/urllib3/urllib3/issues/3020
  warnings.warn(
2026-04-16 12:30:05,878 [INFO] ══ Scally Tracker — 2026-04-16 12:30 PM CT ══
2026-04-16 12:30:05,881 [INFO] DB ready: /Users/sterling/app/scally-tracker/data/inventory.db
2026-04-16 12:30:07,486 [INFO] Fetched 643 products from BSC
2026-04-16 12:30:08,122 [INFO] Categories: {'apparel': 143, 'caps': 381, 'other': 17, 'pins': 156}
2026-04-16 12:30:08,227 [INFO] ══ Poll complete ══

/Users/sterling/Library/Python/3.9/lib/python/site-packages/urllib3/__init__.py:35: NotOpenSSLWarning: urllib3 v2 only supports OpenSSL 1.1.1+, currently the 'ssl' module is compiled with 'LibreSSL 2.8.3'. See: https://github.com/urllib3/urllib3/issues/3020
  warnings.warn(
2026-04-16 13:00:05,880 [INFO] ══ Scally Tracker — 2026-04-16 01:00 PM CT ══
2026-04-16 13:00:05,883 [INFO] DB ready: /Users/sterling/app/scally-tracker/data/inventory.db
2026-04-16 13:00:07,918 [INFO] Fetched 643 products from BSC
2026-04-16 13:00:08,566 [INFO] Categories: {'apparel': 143, 'caps': 381, 'other': 17, 'pins': 156}
2026-04-16 13:00:08,670 [INFO] ══ Poll complete ══

/Users/sterling/Library/Python/3.9/lib/python/site-packages/urllib3/__init__.py:35: NotOpenSSLWarning: urllib3 v2 only supports OpenSSL 1.1.1+, currently the 'ssl' module is compiled with 'LibreSSL 2.8.3'. See: https://github.com/urllib3/urllib3/issues/3020
  warnings.warn(
2026-04-16 13:30:05,888 [INFO] ══ Scally Tracker — 2026-04-16 01:30 PM CT ══
2026-04-16 13:30:05,890 [INFO] DB ready: /Users/sterling/app/scally-tracker/data/inventory.db
2026-04-16 13:30:07,477 [INFO] Fetched 643 products from BSC
2026-04-16 13:30:08,173 [INFO] Categories: {'apparel': 143, 'caps': 381, 'other': 17, 'pins': 156}
2026-04-16 13:30:08,278 [INFO] ══ Poll complete ══

/Users/sterling/Library/Python/3.9/lib/python/site-packages/urllib3/__init__.py:35: NotOpenSSLWarning: urllib3 v2 only supports OpenSSL 1.1.1+, currently the 'ssl' module is compiled with 'LibreSSL 2.8.3'. See: https://github.com/urllib3/urllib3/issues/3020
  warnings.warn(
2026-04-16 14:00:05,799 [INFO] ══ Scally Tracker — 2026-04-16 02:00 PM CT ══
2026-04-16 14:00:05,802 [INFO] DB ready: /Users/sterling/app/scally-tracker/data/inventory.db
2026-04-16 14:00:07,465 [INFO] Fetched 643 products from BSC
2026-04-16 14:00:08,112 [INFO] Categories: {'apparel': 143, 'caps': 381, 'other': 17, 'pins': 156}
2026-04-16 14:00:08,216 [INFO] ══ Poll complete ══

/Users/sterling/Library/Python/3.9/lib/python/site-packages/urllib3/__init__.py:35: NotOpenSSLWarning: urllib3 v2 only supports OpenSSL 1.1.1+, currently the 'ssl' module is compiled with 'LibreSSL 2.8.3'. See: https://github.com/urllib3/urllib3/issues/3020
  warnings.warn(
2026-04-16 14:30:05,890 [INFO] ══ Scally Tracker — 2026-04-16 02:30 PM CT ══
2026-04-16 14:30:05,892 [INFO] DB ready: /Users/sterling/app/scally-tracker/data/inventory.db
2026-04-16 14:30:08,130 [INFO] Fetched 643 products from BSC
2026-04-16 14:30:08,750 [INFO] Categories: {'apparel': 143, 'caps': 381, 'other': 17, 'pins': 156}
2026-04-16 14:30:08,860 [INFO] ══ Poll complete ══

/Users/sterling/Library/Python/3.9/lib/python/site-packages/urllib3/__init__.py:35: NotOpenSSLWarning: urllib3 v2 only supports OpenSSL 1.1.1+, currently the 'ssl' module is compiled with 'LibreSSL 2.8.3'. See: https://github.com/urllib3/urllib3/issues/3020
  warnings.warn(
2026-04-16 15:00:05,171 [INFO] ══ Scally Tracker — 2026-04-16 03:00 PM CT ══
2026-04-16 15:00:05,173 [INFO] DB ready: /Users/sterling/app/scally-tracker/data/inventory.db
2026-04-16 15:00:06,721 [INFO] Fetched 643 products from BSC
2026-04-16 15:00:07,381 [INFO] Categories: {'apparel': 143, 'caps': 381, 'other': 17, 'pins': 156}
2026-04-16 15:00:07,488 [INFO] ══ Poll complete ══

/Users/sterling/Library/Python/3.9/lib/python/site-packages/urllib3/__init__.py:35: NotOpenSSLWarning: urllib3 v2 only supports OpenSSL 1.1.1+, currently the 'ssl' module is compiled with 'LibreSSL 2.8.3'. See: https://github.com/urllib3/urllib3/issues/3020
  warnings.warn(
2026-04-16 15:30:05,628 [INFO] ══ Scally Tracker — 2026-04-16 03:30 PM CT ══
2026-04-16 15:30:05,630 [INFO] DB ready: /Users/sterling/app/scally-tracker/data/inventory.db
2026-04-16 15:30:07,444 [INFO] Fetched 643 products from BSC
2026-04-16 15:30:08,039 [INFO] Categories: {'apparel': 143, 'caps': 381, 'other': 17, 'pins': 156}
2026-04-16 15:30:08,134 [INFO] ══ Poll complete ══

/Users/sterling/Library/Python/3.9/lib/python/site-packages/urllib3/__init__.py:35: NotOpenSSLWarning: urllib3 v2 only supports OpenSSL 1.1.1+, currently the 'ssl' module is compiled with 'LibreSSL 2.8.3'. See: https://github.com/urllib3/urllib3/issues/3020
  warnings.warn(
2026-04-16 16:00:05,624 [INFO] ══ Scally Tracker — 2026-04-16 04:00 PM CT ══
2026-04-16 16:00:05,627 [INFO] DB ready: /Users/sterling/app/scally-tracker/data/inventory.db
2026-04-16 16:00:07,295 [INFO] Fetched 643 products from BSC
2026-04-16 16:00:07,964 [INFO] Categories: {'apparel': 143, 'caps': 381, 'other': 17, 'pins': 156}
2026-04-16 16:00:08,071 [INFO] ══ Poll complete ══

/Users/sterling/Library/Python/3.9/lib/python/site-packages/urllib3/__init__.py:35: NotOpenSSLWarning: urllib3 v2 only supports OpenSSL 1.1.1+, currently the 'ssl' module is compiled with 'LibreSSL 2.8.3'. See: https://github.com/urllib3/urllib3/issues/3020
  warnings.warn(
2026-04-16 16:30:05,656 [INFO] ══ Scally Tracker — 2026-04-16 04:30 PM CT ══
2026-04-16 16:30:05,659 [INFO] DB ready: /Users/sterling/app/scally-tracker/data/inventory.db
2026-04-16 16:30:07,376 [INFO] Fetched 643 products from BSC
2026-04-16 16:30:08,050 [INFO] Categories: {'apparel': 143, 'caps': 381, 'other': 17, 'pins': 156}
2026-04-16 16:30:08,156 [INFO] ══ Poll complete ══

/Users/sterling/Library/Python/3.9/lib/python/site-packages/urllib3/__init__.py:35: NotOpenSSLWarning: urllib3 v2 only supports OpenSSL 1.1.1+, currently the 'ssl' module is compiled with 'LibreSSL 2.8.3'. See: https://github.com/urllib3/urllib3/issues/3020
  warnings.warn(
2026-04-16 17:00:05,590 [INFO] ══ Scally Tracker — 2026-04-16 05:00 PM CT ══
2026-04-16 17:00:05,595 [INFO] DB ready: /Users/sterling/app/scally-tracker/data/inventory.db
2026-04-16 17:00:07,088 [INFO] Fetched 643 products from BSC
2026-04-16 17:00:07,743 [INFO] Categories: {'apparel': 143, 'caps': 381, 'other': 17, 'pins': 156}
2026-04-16 17:00:07,860 [INFO] ══ Poll complete ══

/Users/sterling/Library/Python/3.9/lib/python/site-packages/urllib3/__init__.py:35: NotOpenSSLWarning: urllib3 v2 only supports OpenSSL 1.1.1+, currently the 'ssl' module is compiled with 'LibreSSL 2.8.3'. See: https://github.com/urllib3/urllib3/issues/3020
  warnings.warn(
2026-04-16 17:30:04,875 [INFO] ══ Scally Tracker — 2026-04-16 05:30 PM CT ══
2026-04-16 17:30:04,877 [INFO] DB ready: /Users/sterling/app/scally-tracker/data/inventory.db
2026-04-16 17:30:06,540 [INFO] Fetched 643 products from BSC
2026-04-16 17:30:07,203 [INFO] Categories: {'apparel': 143, 'caps': 381, 'other': 17, 'pins': 156}
2026-04-16 17:30:07,310 [INFO] ══ Poll complete ══

/Users/sterling/Library/Python/3.9/lib/python/site-packages/urllib3/__init__.py:35: NotOpenSSLWarning: urllib3 v2 only supports OpenSSL 1.1.1+, currently the 'ssl' module is compiled with 'LibreSSL 2.8.3'. See: https://github.com/urllib3/urllib3/issues/3020
  warnings.warn(
2026-04-16 18:00:05,901 [INFO] ══ Scally Tracker — 2026-04-16 06:00 PM CT ══
2026-04-16 18:00:05,905 [INFO] DB ready: /Users/sterling/app/scally-tracker/data/inventory.db
2026-04-16 18:00:07,653 [INFO] Fetched 643 products from BSC
2026-04-16 18:00:08,329 [INFO] Categories: {'apparel': 143, 'caps': 381, 'other': 17, 'pins': 156}
2026-04-16 18:00:08,407 [INFO] ══ Poll complete ══

/Users/sterling/Library/Python/3.9/lib/python/site-packages/urllib3/__init__.py:35: NotOpenSSLWarning: urllib3 v2 only supports OpenSSL 1.1.1+, currently the 'ssl' module is compiled with 'LibreSSL 2.8.3'. See: https://github.com/urllib3/urllib3/issues/3020
  warnings.warn(
2026-04-16 18:30:05,785 [INFO] ══ Scally Tracker — 2026-04-16 06:30 PM CT ══
2026-04-16 18:30:05,787 [INFO] DB ready: /Users/sterling/app/scally-tracker/data/inventory.db
2026-04-16 18:30:07,456 [INFO] Fetched 643 products from BSC
2026-04-16 18:30:08,148 [INFO] Categories: {'apparel': 143, 'caps': 381, 'other': 17, 'pins': 156}
2026-04-16 18:30:08,261 [INFO] ══ Poll complete ══

/Users/sterling/Library/Python/3.9/lib/python/site-packages/urllib3/__init__.py:35: NotOpenSSLWarning: urllib3 v2 only supports OpenSSL 1.1.1+, currently the 'ssl' module is compiled with 'LibreSSL 2.8.3'. See: https://github.com/urllib3/urllib3/issues/3020
  warnings.warn(
2026-04-16 19:00:05,884 [INFO] ══ Scally Tracker — 2026-04-16 07:00 PM CT ══
2026-04-16 19:00:05,888 [INFO] DB ready: /Users/sterling/app/scally-tracker/data/inventory.db
2026-04-16 19:00:08,249 [INFO] Fetched 643 products from BSC
2026-04-16 19:00:08,938 [INFO] Purged 67 alert(s) older than 30 days
2026-04-16 19:00:08,938 [INFO] Categories: {'apparel': 143, 'caps': 381, 'other': 17, 'pins': 156}
2026-04-16 19:00:09,058 [INFO] ══ Poll complete ══

/Users/sterling/Library/Python/3.9/lib/python/site-packages/urllib3/__init__.py:35: NotOpenSSLWarning: urllib3 v2 only supports OpenSSL 1.1.1+, currently the 'ssl' module is compiled with 'LibreSSL 2.8.3'. See: https://github.com/urllib3/urllib3/issues/3020
  warnings.warn(
2026-04-17 07:00:02,930 [INFO] ══ Scally Tracker — 2026-04-17 07:00 AM CT ══
2026-04-17 07:00:02,934 [INFO] DB ready: /Users/sterling/app/scally-tracker/data/inventory.db
2026-04-17 07:00:04,445 [INFO] Fetched 643 products from BSC
2026-04-17 07:00:05,160 [INFO] Categories: {'apparel': 143, 'caps': 381, 'other': 17, 'pins': 156}
2026-04-17 07:00:05,273 [INFO] ══ Poll complete ══

/Users/sterling/Library/Python/3.9/lib/python/site-packages/urllib3/__init__.py:35: NotOpenSSLWarning: urllib3 v2 only supports OpenSSL 1.1.1+, currently the 'ssl' module is compiled with 'LibreSSL 2.8.3'. See: https://github.com/urllib3/urllib3/issues/3020
  warnings.warn(
2026-04-17 07:30:01,935 [INFO] ══ Scally Tracker — 2026-04-17 07:30 AM CT ══
2026-04-17 07:30:01,937 [INFO] DB ready: /Users/sterling/app/scally-tracker/data/inventory.db
2026-04-17 07:30:03,712 [INFO] Fetched 643 products from BSC
2026-04-17 07:30:04,450 [INFO] Categories: {'apparel': 143, 'caps': 381, 'other': 17, 'pins': 156}
2026-04-17 07:30:04,572 [INFO] ══ Poll complete ══

/Users/sterling/Library/Python/3.9/lib/python/site-packages/urllib3/__init__.py:35: NotOpenSSLWarning: urllib3 v2 only supports OpenSSL 1.1.1+, currently the 'ssl' module is compiled with 'LibreSSL 2.8.3'. See: https://github.com/urllib3/urllib3/issues/3020
  warnings.warn(
2026-04-17 08:00:05,886 [INFO] ══ Scally Tracker — 2026-04-17 08:00 AM CT ══
2026-04-17 08:00:05,889 [INFO] DB ready: /Users/sterling/app/scally-tracker/data/inventory.db
2026-04-17 08:00:07,666 [INFO] Fetched 643 products from BSC
2026-04-17 08:00:08,324 [INFO] Categories: {'apparel': 143, 'caps': 381, 'other': 17, 'pins': 156}
2026-04-17 08:00:08,439 [INFO] ══ Poll complete ══

/Users/sterling/Library/Python/3.9/lib/python/site-packages/urllib3/__init__.py:35: NotOpenSSLWarning: urllib3 v2 only supports OpenSSL 1.1.1+, currently the 'ssl' module is compiled with 'LibreSSL 2.8.3'. See: https://github.com/urllib3/urllib3/issues/3020
  warnings.warn(
2026-04-17 08:30:05,927 [INFO] ══ Scally Tracker — 2026-04-17 08:30 AM CT ══
2026-04-17 08:30:05,929 [INFO] DB ready: /Users/sterling/app/scally-tracker/data/inventory.db
2026-04-17 08:30:07,523 [INFO] Fetched 643 products from BSC
2026-04-17 08:30:08,182 [INFO] Categories: {'apparel': 143, 'caps': 381, 'other': 17, 'pins': 156}
2026-04-17 08:30:08,288 [INFO] ══ Poll complete ══

/Users/sterling/Library/Python/3.9/lib/python/site-packages/urllib3/__init__.py:35: NotOpenSSLWarning: urllib3 v2 only supports OpenSSL 1.1.1+, currently the 'ssl' module is compiled with 'LibreSSL 2.8.3'. See: https://github.com/urllib3/urllib3/issues/3020
  warnings.warn(
2026-04-17 09:00:02,532 [INFO] ══ Scally Tracker — 2026-04-17 09:00 AM CT ══
2026-04-17 09:00:02,535 [INFO] DB ready: /Users/sterling/app/scally-tracker/data/inventory.db
2026-04-17 09:00:04,301 [INFO] Fetched 643 products from BSC
2026-04-17 09:00:05,006 [INFO] Categories: {'apparel': 143, 'caps': 381, 'other': 17, 'pins': 156}
2026-04-17 09:00:05,105 [INFO] ══ Poll complete ══

/Users/sterling/Library/Python/3.9/lib/python/site-packages/urllib3/__init__.py:35: NotOpenSSLWarning: urllib3 v2 only supports OpenSSL 1.1.1+, currently the 'ssl' module is compiled with 'LibreSSL 2.8.3'. See: https://github.com/urllib3/urllib3/issues/3020
  warnings.warn(
2026-04-17 09:30:05,316 [INFO] ══ Scally Tracker — 2026-04-17 09:30 AM CT ══
2026-04-17 09:30:05,321 [INFO] DB ready: /Users/sterling/app/scally-tracker/data/inventory.db
2026-04-17 09:30:06,949 [INFO] Fetched 643 products from BSC
2026-04-17 09:30:07,622 [INFO] Categories: {'apparel': 143, 'caps': 381, 'other': 17, 'pins': 156}
2026-04-17 09:30:07,737 [INFO] ══ Poll complete ══

/Users/sterling/Library/Python/3.9/lib/python/site-packages/urllib3/__init__.py:35: NotOpenSSLWarning: urllib3 v2 only supports OpenSSL 1.1.1+, currently the 'ssl' module is compiled with 'LibreSSL 2.8.3'. See: https://github.com/urllib3/urllib3/issues/3020
  warnings.warn(
2026-04-17 10:00:05,924 [INFO] ══ Scally Tracker — 2026-04-17 10:00 AM CT ══
2026-04-17 10:00:05,926 [INFO] DB ready: /Users/sterling/app/scally-tracker/data/inventory.db
2026-04-17 10:00:07,521 [INFO] Fetched 643 products from BSC
2026-04-17 10:00:08,245 [INFO] Categories: {'apparel': 143, 'caps': 381, 'other': 17, 'pins': 156}
2026-04-17 10:00:08,356 [INFO] ══ Poll complete ══

/Users/sterling/Library/Python/3.9/lib/python/site-packages/urllib3/__init__.py:35: NotOpenSSLWarning: urllib3 v2 only supports OpenSSL 1.1.1+, currently the 'ssl' module is compiled with 'LibreSSL 2.8.3'. See: https://github.com/urllib3/urllib3/issues/3020
  warnings.warn(
2026-04-17 10:30:05,871 [INFO] ══ Scally Tracker — 2026-04-17 10:30 AM CT ══
2026-04-17 10:30:05,873 [INFO] DB ready: /Users/sterling/app/scally-tracker/data/inventory.db
2026-04-17 10:30:07,602 [INFO] Fetched 643 products from BSC
2026-04-17 10:30:08,005 [INFO] ntfy 200: 🎉 Restock!
2026-04-17 10:30:09,574 [INFO] Categories: {'apparel': 143, 'caps': 381, 'other': 17, 'pins': 156}
2026-04-17 10:30:09,690 [INFO] ══ Poll complete ══

/Users/sterling/Library/Python/3.9/lib/python/site-packages/urllib3/__init__.py:35: NotOpenSSLWarning: urllib3 v2 only supports OpenSSL 1.1.1+, currently the 'ssl' module is compiled with 'LibreSSL 2.8.3'. See: https://github.com/urllib3/urllib3/issues/3020
  warnings.warn(
2026-04-17 11:00:03,366 [INFO] ══ Scally Tracker — 2026-04-17 11:00 AM CT ══
2026-04-17 11:00:03,369 [INFO] DB ready: /Users/sterling/app/scally-tracker/data/inventory.db
2026-04-17 11:00:04,922 [INFO] Fetched 649 products from BSC
2026-04-17 11:00:04,928 [INFO] NEW [pins]: Boston Scally The Jockey Cap Pin
2026-04-17 11:00:05,511 [INFO] ntfy 200: 🆕 New on BSC!
2026-04-17 11:00:05,516 [INFO] NEW [caps]: The Jockey Boston Scally Cap - Blue Patchwork
2026-04-17 11:00:06,059 [INFO] ntfy 200: 🆕 New on BSC!
2026-04-17 11:00:06,064 [INFO] RELEASE auto-added: The Jockey - Blue Patchwork on 4/17/26
2026-04-17 11:00:06,066 [INFO] NEW [apparel]: Boston Scally Julep Long Sleeve Tee T-Shirt - Mint Green
2026-04-17 11:00:06,557 [INFO] ntfy 200: 🆕 New on BSC!
2026-04-17 11:00:06,561 [INFO] NEW [caps]: The Julep Boston Scally Cap - Patchwork
2026-04-17 11:00:07,621 [INFO] ntfy 200: 🆕 New on BSC!
2026-04-17 11:00:07,623 [INFO] RELEASE auto-added: The Julep - Patchwork on 4/17/26
2026-04-17 11:00:07,624 [INFO] NEW [caps]: The Triple Crown Boston Scally Cap - Plaid Patchwork
2026-04-17 11:00:08,024 [INFO] ntfy 200: 🆕 New on BSC!
2026-04-17 11:00:08,028 [INFO] RELEASE auto-added: The Triple Crown - Plaid Patchwork on 4/17/26
2026-04-17 11:00:08,031 [INFO] NEW [caps]: The Derby Boston Scally Cap - Blue Seersucker
2026-04-17 11:00:08,935 [INFO] ntfy 200: 🆕 New on BSC!
2026-04-17 11:00:08,938 [INFO] RELEASE auto-added: The Derby - Blue Seersucker on 4/17/26
2026-04-17 11:00:09,111 [INFO] Categories: {'apparel': 144, 'caps': 385, 'other': 17, 'pins': 157}
2026-04-17 11:00:09,201 [INFO] ══ Poll complete ══

/Users/sterling/Library/Python/3.9/lib/python/site-packages/urllib3/__init__.py:35: NotOpenSSLWarning: urllib3 v2 only supports OpenSSL 1.1.1+, currently the 'ssl' module is compiled with 'LibreSSL 2.8.3'. See: https://github.com/urllib3/urllib3/issues/3020
  warnings.warn(
2026-04-17 11:30:02,924 [INFO] ══ Scally Tracker — 2026-04-17 11:30 AM CT ══
2026-04-17 11:30:02,928 [INFO] DB ready: /Users/sterling/app/scally-tracker/data/inventory.db
2026-04-17 11:30:04,894 [INFO] Fetched 650 products from BSC
2026-04-17 11:30:04,903 [INFO] NEW [caps]: The Back Deck Boston Scally Cap - Plaid
2026-04-17 11:30:05,204 [INFO] ntfy 200: 🆕 New on BSC!
2026-04-17 11:30:05,209 [INFO] RELEASE auto-added: The Back Deck - Plaid on 4/17/26
2026-04-17 11:30:05,621 [INFO] ntfy 200: 🎉 Restock!
2026-04-17 11:30:06,215 [INFO] Categories: {'apparel': 144, 'caps': 386, 'other': 17, 'pins': 157}
2026-04-17 11:30:06,336 [INFO] ══ Poll complete ══

/Users/sterling/Library/Python/3.9/lib/python/site-packages/urllib3/__init__.py:35: NotOpenSSLWarning: urllib3 v2 only supports OpenSSL 1.1.1+, currently the 'ssl' module is compiled with 'LibreSSL 2.8.3'. See: https://github.com/urllib3/urllib3/issues/3020
  warnings.warn(
2026-04-17 12:00:03,298 [INFO] ══ Scally Tracker — 2026-04-17 12:00 PM CT ══
2026-04-17 12:00:03,301 [INFO] DB ready: /Users/sterling/app/scally-tracker/data/inventory.db
2026-04-17 12:00:04,980 [INFO] Fetched 650 products from BSC
2026-04-17 12:00:05,571 [INFO] Categories: {'apparel': 144, 'caps': 386, 'other': 17, 'pins': 157}
2026-04-17 12:00:05,705 [INFO] ══ Poll complete ══

/Users/sterling/Library/Python/3.9/lib/python/site-packages/urllib3/__init__.py:35: NotOpenSSLWarning: urllib3 v2 only supports OpenSSL 1.1.1+, currently the 'ssl' module is compiled with 'LibreSSL 2.8.3'. See: https://github.com/urllib3/urllib3/issues/3020
  warnings.warn(
2026-04-17 12:30:04,872 [INFO] ══ Scally Tracker — 2026-04-17 12:30 PM CT ══
2026-04-17 12:30:04,876 [INFO] DB ready: /Users/sterling/app/scally-tracker/data/inventory.db
2026-04-17 12:30:06,821 [INFO] Fetched 650 products from BSC
2026-04-17 12:30:07,423 [INFO] Categories: {'apparel': 144, 'caps': 386, 'other': 17, 'pins': 157}
2026-04-17 12:30:07,595 [INFO] ══ Poll complete ══

/Users/sterling/Library/Python/3.9/lib/python/site-packages/urllib3/__init__.py:35: NotOpenSSLWarning: urllib3 v2 only supports OpenSSL 1.1.1+, currently the 'ssl' module is compiled with 'LibreSSL 2.8.3'. See: https://github.com/urllib3/urllib3/issues/3020
  warnings.warn(
2026-04-17 13:00:05,854 [INFO] ══ Scally Tracker — 2026-04-17 01:00 PM CT ══
2026-04-17 13:00:05,858 [INFO] DB ready: /Users/sterling/app/scally-tracker/data/inventory.db
2026-04-17 13:00:07,642 [INFO] Fetched 650 products from BSC
2026-04-17 13:00:08,181 [INFO] Categories: {'apparel': 144, 'caps': 386, 'other': 17, 'pins': 157}
2026-04-17 13:00:08,298 [INFO] ══ Poll complete ══

/Users/sterling/Library/Python/3.9/lib/python/site-packages/urllib3/__init__.py:35: NotOpenSSLWarning: urllib3 v2 only supports OpenSSL 1.1.1+, currently the 'ssl' module is compiled with 'LibreSSL 2.8.3'. See: https://github.com/urllib3/urllib3/issues/3020
  warnings.warn(
2026-04-17 13:30:05,895 [INFO] ══ Scally Tracker — 2026-04-17 01:30 PM CT ══
2026-04-17 13:30:05,898 [INFO] DB ready: /Users/sterling/app/scally-tracker/data/inventory.db
2026-04-17 13:30:07,935 [INFO] Fetched 650 products from BSC
2026-04-17 13:30:08,390 [INFO] Categories: {'apparel': 144, 'caps': 386, 'other': 17, 'pins': 157}
2026-04-17 13:30:08,488 [INFO] ══ Poll complete ══

/Users/sterling/Library/Python/3.9/lib/python/site-packages/urllib3/__init__.py:35: NotOpenSSLWarning: urllib3 v2 only supports OpenSSL 1.1.1+, currently the 'ssl' module is compiled with 'LibreSSL 2.8.3'. See: https://github.com/urllib3/urllib3/issues/3020
  warnings.warn(
2026-04-17 14:00:05,855 [INFO] ══ Scally Tracker — 2026-04-17 02:00 PM CT ══
2026-04-17 14:00:05,859 [INFO] DB ready: /Users/sterling/app/scally-tracker/data/inventory.db
2026-04-17 14:00:07,582 [INFO] Fetched 650 products from BSC
2026-04-17 14:00:08,186 [INFO] Categories: {'apparel': 144, 'caps': 386, 'other': 17, 'pins': 157}
2026-04-17 14:00:08,324 [INFO] ══ Poll complete ══

/Users/sterling/Library/Python/3.9/lib/python/site-packages/urllib3/__init__.py:35: NotOpenSSLWarning: urllib3 v2 only supports OpenSSL 1.1.1+, currently the 'ssl' module is compiled with 'LibreSSL 2.8.3'. See: https://github.com/urllib3/urllib3/issues/3020
  warnings.warn(
2026-04-17 14:30:05,877 [INFO] ══ Scally Tracker — 2026-04-17 02:30 PM CT ══
2026-04-17 14:30:05,881 [INFO] DB ready: /Users/sterling/app/scally-tracker/data/inventory.db
2026-04-17 14:30:07,867 [INFO] Fetched 650 products from BSC
2026-04-17 14:30:08,475 [INFO] Categories: {'apparel': 144, 'caps': 386, 'other': 17, 'pins': 157}
2026-04-17 14:30:08,619 [INFO] ══ Poll complete ══

/Users/sterling/Library/Python/3.9/lib/python/site-packages/urllib3/__init__.py:35: NotOpenSSLWarning: urllib3 v2 only supports OpenSSL 1.1.1+, currently the 'ssl' module is compiled with 'LibreSSL 2.8.3'. See: https://github.com/urllib3/urllib3/issues/3020
  warnings.warn(
2026-04-17 15:00:05,885 [INFO] ══ Scally Tracker — 2026-04-17 03:00 PM CT ══
2026-04-17 15:00:05,889 [INFO] DB ready: /Users/sterling/app/scally-tracker/data/inventory.db
2026-04-17 15:00:08,003 [INFO] Fetched 650 products from BSC
2026-04-17 15:00:08,583 [INFO] Categories: {'apparel': 144, 'caps': 386, 'other': 17, 'pins': 157}
2026-04-17 15:00:08,717 [INFO] ══ Poll complete ══

/Users/sterling/Library/Python/3.9/lib/python/site-packages/urllib3/__init__.py:35: NotOpenSSLWarning: urllib3 v2 only supports OpenSSL 1.1.1+, currently the 'ssl' module is compiled with 'LibreSSL 2.8.3'. See: https://github.com/urllib3/urllib3/issues/3020
  warnings.warn(
2026-04-17 15:30:05,883 [INFO] ══ Scally Tracker — 2026-04-17 03:30 PM CT ══
2026-04-17 15:30:05,887 [INFO] DB ready: /Users/sterling/app/scally-tracker/data/inventory.db
2026-04-17 15:30:07,680 [INFO] Fetched 650 products from BSC
2026-04-17 15:30:08,284 [INFO] Categories: {'apparel': 144, 'caps': 386, 'other': 17, 'pins': 157}
2026-04-17 15:30:08,403 [INFO] ══ Poll complete ══

/Users/sterling/Library/Python/3.9/lib/python/site-packages/urllib3/__init__.py:35: NotOpenSSLWarning: urllib3 v2 only supports OpenSSL 1.1.1+, currently the 'ssl' module is compiled with 'LibreSSL 2.8.3'. See: https://github.com/urllib3/urllib3/issues/3020
  warnings.warn(
2026-04-17 16:00:05,868 [INFO] ══ Scally Tracker — 2026-04-17 04:00 PM CT ══
2026-04-17 16:00:05,870 [INFO] DB ready: /Users/sterling/app/scally-tracker/data/inventory.db
2026-04-17 16:00:07,958 [INFO] Fetched 650 products from BSC
2026-04-17 16:00:08,577 [INFO] Categories: {'apparel': 144, 'caps': 386, 'other': 17, 'pins': 157}
2026-04-17 16:00:08,728 [INFO] ══ Poll complete ══

/Users/sterling/Library/Python/3.9/lib/python/site-packages/urllib3/__init__.py:35: NotOpenSSLWarning: urllib3 v2 only supports OpenSSL 1.1.1+, currently the 'ssl' module is compiled with 'LibreSSL 2.8.3'. See: https://github.com/urllib3/urllib3/issues/3020
  warnings.warn(
2026-04-17 16:30:05,801 [INFO] ══ Scally Tracker — 2026-04-17 04:30 PM CT ══
2026-04-17 16:30:05,805 [INFO] DB ready: /Users/sterling/app/scally-tracker/data/inventory.db
2026-04-17 16:30:07,776 [INFO] Fetched 650 products from BSC
2026-04-17 16:30:08,390 [INFO] Categories: {'apparel': 144, 'caps': 386, 'other': 17, 'pins': 157}
2026-04-17 16:30:08,538 [INFO] ══ Poll complete ══

/Users/sterling/Library/Python/3.9/lib/python/site-packages/urllib3/__init__.py:35: NotOpenSSLWarning: urllib3 v2 only supports OpenSSL 1.1.1+, currently the 'ssl' module is compiled with 'LibreSSL 2.8.3'. See: https://github.com/urllib3/urllib3/issues/3020
  warnings.warn(
2026-04-17 17:00:05,874 [INFO] ══ Scally Tracker — 2026-04-17 05:00 PM CT ══
2026-04-17 17:00:05,879 [INFO] DB ready: /Users/sterling/app/scally-tracker/data/inventory.db
2026-04-17 17:00:07,475 [INFO] Fetched 650 products from BSC
2026-04-17 17:00:08,073 [INFO] Categories: {'apparel': 144, 'caps': 386, 'other': 17, 'pins': 157}
2026-04-17 17:00:08,212 [INFO] ══ Poll complete ══

/Users/sterling/Library/Python/3.9/lib/python/site-packages/urllib3/__init__.py:35: NotOpenSSLWarning: urllib3 v2 only supports OpenSSL 1.1.1+, currently the 'ssl' module is compiled with 'LibreSSL 2.8.3'. See: https://github.com/urllib3/urllib3/issues/3020
  warnings.warn(
2026-04-17 17:30:05,876 [INFO] ══ Scally Tracker — 2026-04-17 05:30 PM CT ══
2026-04-17 17:30:05,879 [INFO] DB ready: /Users/sterling/app/scally-tracker/data/inventory.db
2026-04-17 17:30:07,515 [INFO] Fetched 650 products from BSC
2026-04-17 17:30:08,110 [INFO] Categories: {'apparel': 144, 'caps': 386, 'other': 17, 'pins': 157}
2026-04-17 17:30:08,234 [INFO] ══ Poll complete ══

/Users/sterling/Library/Python/3.9/lib/python/site-packages/urllib3/__init__.py:35: NotOpenSSLWarning: urllib3 v2 only supports OpenSSL 1.1.1+, currently the 'ssl' module is compiled with 'LibreSSL 2.8.3'. See: https://github.com/urllib3/urllib3/issues/3020
  warnings.warn(
2026-04-17 18:00:01,940 [INFO] ══ Scally Tracker — 2026-04-17 06:00 PM CT ══
2026-04-17 18:00:01,943 [INFO] DB ready: /Users/sterling/app/scally-tracker/data/inventory.db
2026-04-17 18:00:04,028 [INFO] Fetched 650 products from BSC
2026-04-17 18:00:04,611 [INFO] Categories: {'apparel': 144, 'caps': 386, 'other': 17, 'pins': 157}
2026-04-17 18:00:04,717 [INFO] ══ Poll complete ══

/Users/sterling/Library/Python/3.9/lib/python/site-packages/urllib3/__init__.py:35: NotOpenSSLWarning: urllib3 v2 only supports OpenSSL 1.1.1+, currently the 'ssl' module is compiled with 'LibreSSL 2.8.3'. See: https://github.com/urllib3/urllib3/issues/3020
  warnings.warn(
2026-04-17 18:30:00,912 [INFO] ══ Scally Tracker — 2026-04-17 06:30 PM CT ══
2026-04-17 18:30:00,916 [INFO] DB ready: /Users/sterling/app/scally-tracker/data/inventory.db
2026-04-17 18:30:02,903 [INFO] Fetched 650 products from BSC
2026-04-17 18:30:04,419 [INFO] Categories: {'apparel': 144, 'caps': 386, 'other': 17, 'pins': 157}
2026-04-17 18:30:04,545 [INFO] ══ Poll complete ══

/Users/sterling/Library/Python/3.9/lib/python/site-packages/urllib3/__init__.py:35: NotOpenSSLWarning: urllib3 v2 only supports OpenSSL 1.1.1+, currently the 'ssl' module is compiled with 'LibreSSL 2.8.3'. See: https://github.com/urllib3/urllib3/issues/3020
  warnings.warn(
2026-04-17 19:00:05,930 [INFO] ══ Scally Tracker — 2026-04-17 07:00 PM CT ══
2026-04-17 19:00:05,934 [INFO] DB ready: /Users/sterling/app/scally-tracker/data/inventory.db
2026-04-17 19:00:07,995 [INFO] Fetched 650 products from BSC
2026-04-17 19:00:08,527 [INFO] Purged 77 alert(s) older than 30 days
2026-04-17 19:00:08,528 [INFO] Categories: {'apparel': 144, 'caps': 386, 'other': 17, 'pins': 157}
2026-04-17 19:00:08,678 [INFO] ══ Poll complete ══

/Users/sterling/Library/Python/3.9/lib/python/site-packages/urllib3/__init__.py:35: NotOpenSSLWarning: urllib3 v2 only supports OpenSSL 1.1.1+, currently the 'ssl' module is compiled with 'LibreSSL 2.8.3'. See: https://github.com/urllib3/urllib3/issues/3020
  warnings.warn(
2026-04-18 07:00:05,385 [INFO] ══ Scally Tracker — 2026-04-18 07:00 AM CT ══
2026-04-18 07:00:05,389 [INFO] DB ready: /Users/sterling/app/scally-tracker/data/inventory.db
2026-04-18 07:00:07,009 [INFO] Fetched 650 products from BSC
2026-04-18 07:00:07,580 [INFO] Categories: {'apparel': 144, 'caps': 386, 'other': 17, 'pins': 157}
2026-04-18 07:00:07,687 [INFO] ══ Poll complete ══

/Users/sterling/Library/Python/3.9/lib/python/site-packages/urllib3/__init__.py:35: NotOpenSSLWarning: urllib3 v2 only supports OpenSSL 1.1.1+, currently the 'ssl' module is compiled with 'LibreSSL 2.8.3'. See: https://github.com/urllib3/urllib3/issues/3020
  warnings.warn(
2026-04-18 07:30:04,991 [INFO] ══ Scally Tracker — 2026-04-18 07:30 AM CT ══
2026-04-18 07:30:04,994 [INFO] DB ready: /Users/sterling/app/scally-tracker/data/inventory.db
2026-04-18 07:30:06,673 [INFO] Fetched 650 products from BSC
2026-04-18 07:30:07,198 [INFO] Categories: {'apparel': 144, 'caps': 386, 'other': 17, 'pins': 157}
2026-04-18 07:30:07,304 [INFO] ══ Poll complete ══

/Users/sterling/Library/Python/3.9/lib/python/site-packages/urllib3/__init__.py:35: NotOpenSSLWarning: urllib3 v2 only supports OpenSSL 1.1.1+, currently the 'ssl' module is compiled with 'LibreSSL 2.8.3'. See: https://github.com/urllib3/urllib3/issues/3020
  warnings.warn(
2026-04-18 08:00:05,898 [INFO] ══ Scally Tracker — 2026-04-18 08:00 AM CT ══
2026-04-18 08:00:05,901 [INFO] DB ready: /Users/sterling/app/scally-tracker/data/inventory.db
2026-04-18 08:00:07,536 [INFO] Fetched 650 products from BSC
2026-04-18 08:00:08,057 [INFO] Categories: {'apparel': 144, 'caps': 386, 'other': 17, 'pins': 157}
2026-04-18 08:00:08,165 [INFO] ══ Poll complete ══

/Users/sterling/Library/Python/3.9/lib/python/site-packages/urllib3/__init__.py:35: NotOpenSSLWarning: urllib3 v2 only supports OpenSSL 1.1.1+, currently the 'ssl' module is compiled with 'LibreSSL 2.8.3'. See: https://github.com/urllib3/urllib3/issues/3020
  warnings.warn(
2026-04-18 08:30:05,915 [INFO] ══ Scally Tracker — 2026-04-18 08:30 AM CT ══
2026-04-18 08:30:05,918 [INFO] DB ready: /Users/sterling/app/scally-tracker/data/inventory.db
2026-04-18 08:30:07,705 [INFO] Fetched 650 products from BSC
2026-04-18 08:30:08,205 [INFO] Categories: {'apparel': 144, 'caps': 386, 'other': 17, 'pins': 157}
2026-04-18 08:30:08,319 [INFO] ══ Poll complete ══

/Users/sterling/Library/Python/3.9/lib/python/site-packages/urllib3/__init__.py:35: NotOpenSSLWarning: urllib3 v2 only supports OpenSSL 1.1.1+, currently the 'ssl' module is compiled with 'LibreSSL 2.8.3'. See: https://github.com/urllib3/urllib3/issues/3020
  warnings.warn(
2026-04-18 09:00:05,897 [INFO] ══ Scally Tracker — 2026-04-18 09:00 AM CT ══
2026-04-18 09:00:05,900 [INFO] DB ready: /Users/sterling/app/scally-tracker/data/inventory.db
2026-04-18 09:00:07,553 [INFO] Fetched 650 products from BSC
2026-04-18 09:00:08,071 [INFO] Categories: {'apparel': 144, 'caps': 386, 'other': 17, 'pins': 157}
2026-04-18 09:00:08,180 [INFO] ══ Poll complete ══

/Users/sterling/Library/Python/3.9/lib/python/site-packages/urllib3/__init__.py:35: NotOpenSSLWarning: urllib3 v2 only supports OpenSSL 1.1.1+, currently the 'ssl' module is compiled with 'LibreSSL 2.8.3'. See: https://github.com/urllib3/urllib3/issues/3020
  warnings.warn(
2026-04-18 09:30:05,883 [INFO] ══ Scally Tracker — 2026-04-18 09:30 AM CT ══
2026-04-18 09:30:05,886 [INFO] DB ready: /Users/sterling/app/scally-tracker/data/inventory.db
2026-04-18 09:30:07,759 [INFO] Fetched 650 products from BSC
2026-04-18 09:30:08,292 [INFO] Categories: {'apparel': 144, 'caps': 386, 'other': 17, 'pins': 157}
2026-04-18 09:30:08,399 [INFO] ══ Poll complete ══

/Users/sterling/Library/Python/3.9/lib/python/site-packages/urllib3/__init__.py:35: NotOpenSSLWarning: urllib3 v2 only supports OpenSSL 1.1.1+, currently the 'ssl' module is compiled with 'LibreSSL 2.8.3'. See: https://github.com/urllib3/urllib3/issues/3020
  warnings.warn(
2026-04-18 10:00:05,915 [INFO] ══ Scally Tracker — 2026-04-18 10:00 AM CT ══
2026-04-18 10:00:05,918 [INFO] DB ready: /Users/sterling/app/scally-tracker/data/inventory.db
2026-04-18 10:00:07,744 [INFO] Fetched 650 products from BSC
2026-04-18 10:00:08,262 [INFO] Categories: {'apparel': 144, 'caps': 386, 'other': 17, 'pins': 157}
2026-04-18 10:00:08,366 [INFO] ══ Poll complete ══

/Users/sterling/Library/Python/3.9/lib/python/site-packages/urllib3/__init__.py:35: NotOpenSSLWarning: urllib3 v2 only supports OpenSSL 1.1.1+, currently the 'ssl' module is compiled with 'LibreSSL 2.8.3'. See: https://github.com/urllib3/urllib3/issues/3020
  warnings.warn(
2026-04-18 10:30:05,892 [INFO] ══ Scally Tracker — 2026-04-18 10:30 AM CT ══
2026-04-18 10:30:05,895 [INFO] DB ready: /Users/sterling/app/scally-tracker/data/inventory.db
2026-04-18 10:30:07,533 [INFO] Fetched 650 products from BSC
2026-04-18 10:30:08,730 [INFO] Categories: {'apparel': 144, 'caps': 386, 'other': 17, 'pins': 157}
2026-04-18 10:30:08,834 [INFO] ══ Poll complete ══

/Users/sterling/Library/Python/3.9/lib/python/site-packages/urllib3/__init__.py:35: NotOpenSSLWarning: urllib3 v2 only supports OpenSSL 1.1.1+, currently the 'ssl' module is compiled with 'LibreSSL 2.8.3'. See: https://github.com/urllib3/urllib3/issues/3020
  warnings.warn(
2026-04-18 11:00:05,880 [INFO] ══ Scally Tracker — 2026-04-18 11:00 AM CT ══
2026-04-18 11:00:05,883 [INFO] DB ready: /Users/sterling/app/scally-tracker/data/inventory.db
2026-04-18 11:00:07,464 [INFO] Fetched 650 products from BSC
2026-04-18 11:00:07,985 [INFO] Categories: {'apparel': 144, 'caps': 386, 'other': 17, 'pins': 157}
2026-04-18 11:00:08,096 [INFO] ══ Poll complete ══

/Users/sterling/Library/Python/3.9/lib/python/site-packages/urllib3/__init__.py:35: NotOpenSSLWarning: urllib3 v2 only supports OpenSSL 1.1.1+, currently the 'ssl' module is compiled with 'LibreSSL 2.8.3'. See: https://github.com/urllib3/urllib3/issues/3020
  warnings.warn(
2026-04-18 11:30:05,889 [INFO] ══ Scally Tracker — 2026-04-18 11:30 AM CT ══
2026-04-18 11:30:05,892 [INFO] DB ready: /Users/sterling/app/scally-tracker/data/inventory.db
2026-04-18 11:30:07,601 [INFO] Fetched 650 products from BSC
2026-04-18 11:30:08,115 [INFO] Categories: {'apparel': 144, 'caps': 386, 'other': 17, 'pins': 157}
2026-04-18 11:30:08,225 [INFO] ══ Poll complete ══

/Users/sterling/Library/Python/3.9/lib/python/site-packages/urllib3/__init__.py:35: NotOpenSSLWarning: urllib3 v2 only supports OpenSSL 1.1.1+, currently the 'ssl' module is compiled with 'LibreSSL 2.8.3'. See: https://github.com/urllib3/urllib3/issues/3020
  warnings.warn(
2026-04-18 12:00:05,899 [INFO] ══ Scally Tracker — 2026-04-18 12:00 PM CT ══
2026-04-18 12:00:05,902 [INFO] DB ready: /Users/sterling/app/scally-tracker/data/inventory.db
2026-04-18 12:00:07,835 [INFO] Fetched 650 products from BSC
2026-04-18 12:00:08,349 [INFO] Categories: {'apparel': 144, 'caps': 386, 'other': 17, 'pins': 157}
2026-04-18 12:00:08,444 [INFO] ══ Poll complete ══

/Users/sterling/Library/Python/3.9/lib/python/site-packages/urllib3/__init__.py:35: NotOpenSSLWarning: urllib3 v2 only supports OpenSSL 1.1.1+, currently the 'ssl' module is compiled with 'LibreSSL 2.8.3'. See: https://github.com/urllib3/urllib3/issues/3020
  warnings.warn(
2026-04-18 12:30:05,865 [INFO] ══ Scally Tracker — 2026-04-18 12:30 PM CT ══
2026-04-18 12:30:05,868 [INFO] DB ready: /Users/sterling/app/scally-tracker/data/inventory.db
2026-04-18 12:30:07,575 [INFO] Fetched 650 products from BSC
2026-04-18 12:30:08,090 [INFO] Categories: {'apparel': 144, 'caps': 386, 'other': 17, 'pins': 157}
2026-04-18 12:30:08,192 [INFO] ══ Poll complete ══

/Users/sterling/Library/Python/3.9/lib/python/site-packages/urllib3/__init__.py:35: NotOpenSSLWarning: urllib3 v2 only supports OpenSSL 1.1.1+, currently the 'ssl' module is compiled with 'LibreSSL 2.8.3'. See: https://github.com/urllib3/urllib3/issues/3020
  warnings.warn(
2026-04-18 13:00:01,738 [INFO] ══ Scally Tracker — 2026-04-18 01:00 PM CT ══
2026-04-18 13:00:01,741 [INFO] DB ready: /Users/sterling/app/scally-tracker/data/inventory.db
2026-04-18 13:00:03,424 [INFO] Fetched 650 products from BSC
2026-04-18 13:00:03,939 [INFO] Categories: {'apparel': 144, 'caps': 386, 'other': 17, 'pins': 157}
2026-04-18 13:00:04,041 [INFO] ══ Poll complete ══

/Users/sterling/Library/Python/3.9/lib/python/site-packages/urllib3/__init__.py:35: NotOpenSSLWarning: urllib3 v2 only supports OpenSSL 1.1.1+, currently the 'ssl' module is compiled with 'LibreSSL 2.8.3'. See: https://github.com/urllib3/urllib3/issues/3020
  warnings.warn(
2026-04-18 13:30:05,632 [INFO] ══ Scally Tracker — 2026-04-18 01:30 PM CT ══
2026-04-18 13:30:05,635 [INFO] DB ready: /Users/sterling/app/scally-tracker/data/inventory.db
2026-04-18 13:30:07,361 [INFO] Fetched 650 products from BSC
2026-04-18 13:30:07,880 [INFO] Categories: {'apparel': 144, 'caps': 386, 'other': 17, 'pins': 157}
2026-04-18 13:30:07,989 [INFO] ══ Poll complete ══

/Users/sterling/Library/Python/3.9/lib/python/site-packages/urllib3/__init__.py:35: NotOpenSSLWarning: urllib3 v2 only supports OpenSSL 1.1.1+, currently the 'ssl' module is compiled with 'LibreSSL 2.8.3'. See: https://github.com/urllib3/urllib3/issues/3020
  warnings.warn(
2026-04-18 14:00:05,111 [INFO] ══ Scally Tracker — 2026-04-18 02:00 PM CT ══
2026-04-18 14:00:05,114 [INFO] DB ready: /Users/sterling/app/scally-tracker/data/inventory.db
2026-04-18 14:00:06,761 [INFO] Fetched 650 products from BSC
2026-04-18 14:00:07,270 [INFO] Categories: {'apparel': 144, 'caps': 386, 'other': 17, 'pins': 157}
2026-04-18 14:00:07,409 [INFO] ══ Poll complete ══

/Users/sterling/Library/Python/3.9/lib/python/site-packages/urllib3/__init__.py:35: NotOpenSSLWarning: urllib3 v2 only supports OpenSSL 1.1.1+, currently the 'ssl' module is compiled with 'LibreSSL 2.8.3'. See: https://github.com/urllib3/urllib3/issues/3020
  warnings.warn(
2026-04-18 14:30:05,900 [INFO] ══ Scally Tracker — 2026-04-18 02:30 PM CT ══
2026-04-18 14:30:05,903 [INFO] DB ready: /Users/sterling/app/scally-tracker/data/inventory.db
2026-04-18 14:30:07,649 [INFO] Fetched 650 products from BSC
2026-04-18 14:30:08,161 [INFO] Categories: {'apparel': 144, 'caps': 386, 'other': 17, 'pins': 157}
2026-04-18 14:30:08,272 [INFO] ══ Poll complete ══

/Users/sterling/Library/Python/3.9/lib/python/site-packages/urllib3/__init__.py:35: NotOpenSSLWarning: urllib3 v2 only supports OpenSSL 1.1.1+, currently the 'ssl' module is compiled with 'LibreSSL 2.8.3'. See: https://github.com/urllib3/urllib3/issues/3020
  warnings.warn(
2026-04-18 15:00:05,889 [INFO] ══ Scally Tracker — 2026-04-18 03:00 PM CT ══
2026-04-18 15:00:05,892 [INFO] DB ready: /Users/sterling/app/scally-tracker/data/inventory.db
2026-04-18 15:00:07,809 [INFO] Fetched 650 products from BSC
2026-04-18 15:00:08,317 [INFO] Categories: {'apparel': 144, 'caps': 386, 'other': 17, 'pins': 157}
2026-04-18 15:00:08,424 [INFO] ══ Poll complete ══

/Users/sterling/Library/Python/3.9/lib/python/site-packages/urllib3/__init__.py:35: NotOpenSSLWarning: urllib3 v2 only supports OpenSSL 1.1.1+, currently the 'ssl' module is compiled with 'LibreSSL 2.8.3'. See: https://github.com/urllib3/urllib3/issues/3020
  warnings.warn(
2026-04-18 15:30:01,425 [INFO] ══ Scally Tracker — 2026-04-18 03:30 PM CT ══
2026-04-18 15:30:01,428 [INFO] DB ready: /Users/sterling/app/scally-tracker/data/inventory.db
2026-04-18 15:30:03,092 [INFO] Fetched 650 products from BSC
2026-04-18 15:30:03,599 [INFO] Categories: {'apparel': 144, 'caps': 386, 'other': 17, 'pins': 157}
2026-04-18 15:30:03,710 [INFO] ══ Poll complete ══

/Users/sterling/Library/Python/3.9/lib/python/site-packages/urllib3/__init__.py:35: NotOpenSSLWarning: urllib3 v2 only supports OpenSSL 1.1.1+, currently the 'ssl' module is compiled with 'LibreSSL 2.8.3'. See: https://github.com/urllib3/urllib3/issues/3020
  warnings.warn(
2026-04-18 16:00:04,913 [INFO] ══ Scally Tracker — 2026-04-18 04:00 PM CT ══
2026-04-18 16:00:04,916 [INFO] DB ready: /Users/sterling/app/scally-tracker/data/inventory.db
2026-04-18 16:00:06,650 [INFO] Fetched 650 products from BSC
2026-04-18 16:00:07,162 [INFO] Categories: {'apparel': 144, 'caps': 386, 'other': 17, 'pins': 157}
2026-04-18 16:00:07,274 [INFO] ══ Poll complete ══

/Users/sterling/Library/Python/3.9/lib/python/site-packages/urllib3/__init__.py:35: NotOpenSSLWarning: urllib3 v2 only supports OpenSSL 1.1.1+, currently the 'ssl' module is compiled with 'LibreSSL 2.8.3'. See: https://github.com/urllib3/urllib3/issues/3020
  warnings.warn(
2026-04-18 16:30:05,123 [INFO] ══ Scally Tracker — 2026-04-18 04:30 PM CT ══
2026-04-18 16:30:05,126 [INFO] DB ready: /Users/sterling/app/scally-tracker/data/inventory.db
2026-04-18 16:30:06,735 [INFO] Fetched 650 products from BSC
2026-04-18 16:30:07,243 [INFO] Categories: {'apparel': 144, 'caps': 386, 'other': 17, 'pins': 157}
2026-04-18 16:30:07,352 [INFO] ══ Poll complete ══

/Users/sterling/Library/Python/3.9/lib/python/site-packages/urllib3/__init__.py:35: NotOpenSSLWarning: urllib3 v2 only supports OpenSSL 1.1.1+, currently the 'ssl' module is compiled with 'LibreSSL 2.8.3'. See: https://github.com/urllib3/urllib3/issues/3020
  warnings.warn(
2026-04-18 17:00:05,895 [INFO] ══ Scally Tracker — 2026-04-18 05:00 PM CT ══
2026-04-18 17:00:05,898 [INFO] DB ready: /Users/sterling/app/scally-tracker/data/inventory.db
2026-04-18 17:00:07,731 [INFO] Fetched 650 products from BSC
2026-04-18 17:00:08,241 [INFO] Categories: {'apparel': 144, 'caps': 386, 'other': 17, 'pins': 157}
2026-04-18 17:00:08,343 [INFO] ══ Poll complete ══

/Users/sterling/Library/Python/3.9/lib/python/site-packages/urllib3/__init__.py:35: NotOpenSSLWarning: urllib3 v2 only supports OpenSSL 1.1.1+, currently the 'ssl' module is compiled with 'LibreSSL 2.8.3'. See: https://github.com/urllib3/urllib3/issues/3020
  warnings.warn(
2026-04-18 17:30:05,923 [INFO] ══ Scally Tracker — 2026-04-18 05:30 PM CT ══
2026-04-18 17:30:05,926 [INFO] DB ready: /Users/sterling/app/scally-tracker/data/inventory.db
2026-04-18 17:30:07,387 [INFO] Fetched 650 products from BSC
2026-04-18 17:30:07,899 [INFO] Categories: {'apparel': 144, 'caps': 386, 'other': 17, 'pins': 157}
2026-04-18 17:30:08,007 [INFO] ══ Poll complete ══

/Users/sterling/Library/Python/3.9/lib/python/site-packages/urllib3/__init__.py:35: NotOpenSSLWarning: urllib3 v2 only supports OpenSSL 1.1.1+, currently the 'ssl' module is compiled with 'LibreSSL 2.8.3'. See: https://github.com/urllib3/urllib3/issues/3020
  warnings.warn(
2026-04-18 18:00:05,906 [INFO] ══ Scally Tracker — 2026-04-18 06:00 PM CT ══
2026-04-18 18:00:05,910 [INFO] DB ready: /Users/sterling/app/scally-tracker/data/inventory.db
2026-04-18 18:00:07,611 [INFO] Fetched 650 products from BSC
2026-04-18 18:00:08,117 [INFO] Categories: {'apparel': 144, 'caps': 386, 'other': 17, 'pins': 157}
2026-04-18 18:00:08,225 [INFO] ══ Poll complete ══

/Users/sterling/Library/Python/3.9/lib/python/site-packages/urllib3/__init__.py:35: NotOpenSSLWarning: urllib3 v2 only supports OpenSSL 1.1.1+, currently the 'ssl' module is compiled with 'LibreSSL 2.8.3'. See: https://github.com/urllib3/urllib3/issues/3020
  warnings.warn(
2026-04-18 18:30:00,858 [INFO] ══ Scally Tracker — 2026-04-18 06:30 PM CT ══
2026-04-18 18:30:00,862 [INFO] DB ready: /Users/sterling/app/scally-tracker/data/inventory.db
2026-04-18 18:30:03,327 [INFO] Fetched 650 products from BSC
2026-04-18 18:30:03,907 [INFO] Categories: {'apparel': 144, 'caps': 386, 'other': 17, 'pins': 157}
2026-04-18 18:30:04,010 [INFO] ══ Poll complete ══

/Users/sterling/Library/Python/3.9/lib/python/site-packages/urllib3/__init__.py:35: NotOpenSSLWarning: urllib3 v2 only supports OpenSSL 1.1.1+, currently the 'ssl' module is compiled with 'LibreSSL 2.8.3'. See: https://github.com/urllib3/urllib3/issues/3020
  warnings.warn(
2026-04-18 19:00:03,978 [INFO] ══ Scally Tracker — 2026-04-18 07:00 PM CT ══
2026-04-18 19:00:03,982 [INFO] DB ready: /Users/sterling/app/scally-tracker/data/inventory.db
2026-04-18 19:00:06,057 [INFO] Fetched 650 products from BSC
2026-04-18 19:00:06,627 [INFO] Purged 96 alert(s) older than 30 days
2026-04-18 19:00:06,627 [INFO] Categories: {'apparel': 144, 'caps': 386, 'other': 17, 'pins': 157}
2026-04-18 19:00:06,741 [INFO] ══ Poll complete ══

/Users/sterling/Library/Python/3.9/lib/python/site-packages/urllib3/__init__.py:35: NotOpenSSLWarning: urllib3 v2 only supports OpenSSL 1.1.1+, currently the 'ssl' module is compiled with 'LibreSSL 2.8.3'. See: https://github.com/urllib3/urllib3/issues/3020
  warnings.warn(
2026-04-19 07:00:05,924 [INFO] ══ Scally Tracker — 2026-04-19 07:00 AM CT ══
2026-04-19 07:00:05,928 [INFO] DB ready: /Users/sterling/app/scally-tracker/data/inventory.db
2026-04-19 07:00:07,630 [INFO] Fetched 650 products from BSC
2026-04-19 07:00:08,193 [INFO] Categories: {'apparel': 144, 'caps': 386, 'other': 17, 'pins': 157}
2026-04-19 07:00:08,309 [INFO] ══ Poll complete ══

/Users/sterling/Library/Python/3.9/lib/python/site-packages/urllib3/__init__.py:35: NotOpenSSLWarning: urllib3 v2 only supports OpenSSL 1.1.1+, currently the 'ssl' module is compiled with 'LibreSSL 2.8.3'. See: https://github.com/urllib3/urllib3/issues/3020
  warnings.warn(
2026-04-19 07:30:05,987 [INFO] ══ Scally Tracker — 2026-04-19 07:30 AM CT ══
2026-04-19 07:30:05,991 [INFO] DB ready: /Users/sterling/app/scally-tracker/data/inventory.db
2026-04-19 07:30:07,696 [INFO] Fetched 650 products from BSC
2026-04-19 07:30:08,215 [INFO] Categories: {'apparel': 144, 'caps': 386, 'other': 17, 'pins': 157}
2026-04-19 07:30:08,318 [INFO] ══ Poll complete ══

/Users/sterling/Library/Python/3.9/lib/python/site-packages/urllib3/__init__.py:35: NotOpenSSLWarning: urllib3 v2 only supports OpenSSL 1.1.1+, currently the 'ssl' module is compiled with 'LibreSSL 2.8.3'. See: https://github.com/urllib3/urllib3/issues/3020
  warnings.warn(
2026-04-19 08:00:05,920 [INFO] ══ Scally Tracker — 2026-04-19 08:00 AM CT ══
2026-04-19 08:00:05,924 [INFO] DB ready: /Users/sterling/app/scally-tracker/data/inventory.db
2026-04-19 08:00:07,618 [INFO] Fetched 650 products from BSC
2026-04-19 08:00:08,154 [INFO] Categories: {'apparel': 144, 'caps': 386, 'other': 17, 'pins': 157}
2026-04-19 08:00:08,263 [INFO] ══ Poll complete ══

/Users/sterling/Library/Python/3.9/lib/python/site-packages/urllib3/__init__.py:35: NotOpenSSLWarning: urllib3 v2 only supports OpenSSL 1.1.1+, currently the 'ssl' module is compiled with 'LibreSSL 2.8.3'. See: https://github.com/urllib3/urllib3/issues/3020
  warnings.warn(
2026-04-19 08:30:05,889 [INFO] ══ Scally Tracker — 2026-04-19 08:30 AM CT ══
2026-04-19 08:30:05,894 [INFO] DB ready: /Users/sterling/app/scally-tracker/data/inventory.db
2026-04-19 08:30:07,556 [INFO] Fetched 650 products from BSC
2026-04-19 08:30:09,083 [INFO] Categories: {'apparel': 144, 'caps': 386, 'other': 17, 'pins': 157}
2026-04-19 08:30:09,195 [INFO] ══ Poll complete ══

/Users/sterling/Library/Python/3.9/lib/python/site-packages/urllib3/__init__.py:35: NotOpenSSLWarning: urllib3 v2 only supports OpenSSL 1.1.1+, currently the 'ssl' module is compiled with 'LibreSSL 2.8.3'. See: https://github.com/urllib3/urllib3/issues/3020
  warnings.warn(
2026-04-19 09:00:05,896 [INFO] ══ Scally Tracker — 2026-04-19 09:00 AM CT ══
2026-04-19 09:00:05,899 [INFO] DB ready: /Users/sterling/app/scally-tracker/data/inventory.db
2026-04-19 09:00:07,553 [INFO] Fetched 650 products from BSC
2026-04-19 09:00:08,082 [INFO] Categories: {'apparel': 144, 'caps': 386, 'other': 17, 'pins': 157}
2026-04-19 09:00:08,167 [INFO] ══ Poll complete ══

/Users/sterling/Library/Python/3.9/lib/python/site-packages/urllib3/__init__.py:35: NotOpenSSLWarning: urllib3 v2 only supports OpenSSL 1.1.1+, currently the 'ssl' module is compiled with 'LibreSSL 2.8.3'. See: https://github.com/urllib3/urllib3/issues/3020
  warnings.warn(
2026-04-19 09:30:05,912 [INFO] ══ Scally Tracker — 2026-04-19 09:30 AM CT ══
2026-04-19 09:30:05,915 [INFO] DB ready: /Users/sterling/app/scally-tracker/data/inventory.db
2026-04-19 09:30:07,786 [INFO] Fetched 650 products from BSC
2026-04-19 09:30:08,301 [INFO] Categories: {'apparel': 144, 'caps': 386, 'other': 17, 'pins': 157}
2026-04-19 09:30:08,400 [INFO] ══ Poll complete ══

/Users/sterling/Library/Python/3.9/lib/python/site-packages/urllib3/__init__.py:35: NotOpenSSLWarning: urllib3 v2 only supports OpenSSL 1.1.1+, currently the 'ssl' module is compiled with 'LibreSSL 2.8.3'. See: https://github.com/urllib3/urllib3/issues/3020
  warnings.warn(
2026-04-19 10:00:05,889 [INFO] ══ Scally Tracker — 2026-04-19 10:00 AM CT ══
2026-04-19 10:00:05,892 [INFO] DB ready: /Users/sterling/app/scally-tracker/data/inventory.db
2026-04-19 10:00:07,459 [INFO] Fetched 650 products from BSC
2026-04-19 10:00:08,047 [INFO] Categories: {'apparel': 144, 'caps': 386, 'other': 17, 'pins': 157}
2026-04-19 10:00:08,152 [INFO] ══ Poll complete ══

/Users/sterling/Library/Python/3.9/lib/python/site-packages/urllib3/__init__.py:35: NotOpenSSLWarning: urllib3 v2 only supports OpenSSL 1.1.1+, currently the 'ssl' module is compiled with 'LibreSSL 2.8.3'. See: https://github.com/urllib3/urllib3/issues/3020
  warnings.warn(
2026-04-19 10:30:05,899 [INFO] ══ Scally Tracker — 2026-04-19 10:30 AM CT ══
2026-04-19 10:30:05,902 [INFO] DB ready: /Users/sterling/app/scally-tracker/data/inventory.db
2026-04-19 10:30:07,549 [INFO] Fetched 650 products from BSC
2026-04-19 10:30:08,065 [INFO] Categories: {'apparel': 144, 'caps': 386, 'other': 17, 'pins': 157}
2026-04-19 10:30:08,171 [INFO] ══ Poll complete ══

/Users/sterling/Library/Python/3.9/lib/python/site-packages/urllib3/__init__.py:35: NotOpenSSLWarning: urllib3 v2 only supports OpenSSL 1.1.1+, currently the 'ssl' module is compiled with 'LibreSSL 2.8.3'. See: https://github.com/urllib3/urllib3/issues/3020
  warnings.warn(
2026-04-19 11:00:03,369 [INFO] ══ Scally Tracker — 2026-04-19 11:00 AM CT ══
2026-04-19 11:00:03,372 [INFO] DB ready: /Users/sterling/app/scally-tracker/data/inventory.db
2026-04-19 11:00:05,079 [INFO] Fetched 650 products from BSC
2026-04-19 11:00:05,601 [INFO] Categories: {'apparel': 144, 'caps': 386, 'other': 17, 'pins': 157}
2026-04-19 11:00:05,699 [INFO] ══ Poll complete ══

/Users/sterling/Library/Python/3.9/lib/python/site-packages/urllib3/__init__.py:35: NotOpenSSLWarning: urllib3 v2 only supports OpenSSL 1.1.1+, currently the 'ssl' module is compiled with 'LibreSSL 2.8.3'. See: https://github.com/urllib3/urllib3/issues/3020
  warnings.warn(
2026-04-19 11:30:03,225 [INFO] ══ Scally Tracker — 2026-04-19 11:30 AM CT ══
2026-04-19 11:30:03,228 [INFO] DB ready: /Users/sterling/app/scally-tracker/data/inventory.db
2026-04-19 11:30:05,032 [INFO] Fetched 650 products from BSC
2026-04-19 11:30:05,548 [INFO] Categories: {'apparel': 144, 'caps': 386, 'other': 17, 'pins': 157}
2026-04-19 11:30:05,655 [INFO] ══ Poll complete ══

/Users/sterling/Library/Python/3.9/lib/python/site-packages/urllib3/__init__.py:35: NotOpenSSLWarning: urllib3 v2 only supports OpenSSL 1.1.1+, currently the 'ssl' module is compiled with 'LibreSSL 2.8.3'. See: https://github.com/urllib3/urllib3/issues/3020
  warnings.warn(
2026-04-19 12:00:05,906 [INFO] ══ Scally Tracker — 2026-04-19 12:00 PM CT ══
2026-04-19 12:00:05,909 [INFO] DB ready: /Users/sterling/app/scally-tracker/data/inventory.db
2026-04-19 12:00:07,866 [INFO] Fetched 650 products from BSC
2026-04-19 12:00:08,389 [INFO] Categories: {'apparel': 144, 'caps': 386, 'other': 17, 'pins': 157}
2026-04-19 12:00:08,505 [INFO] ══ Poll complete ══

/Users/sterling/Library/Python/3.9/lib/python/site-packages/urllib3/__init__.py:35: NotOpenSSLWarning: urllib3 v2 only supports OpenSSL 1.1.1+, currently the 'ssl' module is compiled with 'LibreSSL 2.8.3'. See: https://github.com/urllib3/urllib3/issues/3020
  warnings.warn(
2026-04-19 12:30:05,919 [INFO] ══ Scally Tracker — 2026-04-19 12:30 PM CT ══
2026-04-19 12:30:05,922 [INFO] DB ready: /Users/sterling/app/scally-tracker/data/inventory.db
2026-04-19 12:30:07,578 [INFO] Fetched 650 products from BSC
2026-04-19 12:30:08,145 [INFO] Categories: {'apparel': 144, 'caps': 386, 'other': 17, 'pins': 157}
2026-04-19 12:30:08,254 [INFO] ══ Poll complete ══

/Users/sterling/Library/Python/3.9/lib/python/site-packages/urllib3/__init__.py:35: NotOpenSSLWarning: urllib3 v2 only supports OpenSSL 1.1.1+, currently the 'ssl' module is compiled with 'LibreSSL 2.8.3'. See: https://github.com/urllib3/urllib3/issues/3020
  warnings.warn(
2026-04-19 13:00:05,898 [INFO] ══ Scally Tracker — 2026-04-19 01:00 PM CT ══
2026-04-19 13:00:05,901 [INFO] DB ready: /Users/sterling/app/scally-tracker/data/inventory.db
2026-04-19 13:00:07,709 [INFO] Fetched 650 products from BSC
2026-04-19 13:00:08,226 [INFO] Categories: {'apparel': 144, 'caps': 386, 'other': 17, 'pins': 157}
2026-04-19 13:00:08,340 [INFO] ══ Poll complete ══

/Users/sterling/Library/Python/3.9/lib/python/site-packages/urllib3/__init__.py:35: NotOpenSSLWarning: urllib3 v2 only supports OpenSSL 1.1.1+, currently the 'ssl' module is compiled with 'LibreSSL 2.8.3'. See: https://github.com/urllib3/urllib3/issues/3020
  warnings.warn(
2026-04-19 13:30:05,906 [INFO] ══ Scally Tracker — 2026-04-19 01:30 PM CT ══
2026-04-19 13:30:05,909 [INFO] DB ready: /Users/sterling/app/scally-tracker/data/inventory.db
2026-04-19 13:30:07,781 [INFO] Fetched 650 products from BSC
2026-04-19 13:30:08,309 [INFO] Categories: {'apparel': 144, 'caps': 386, 'other': 17, 'pins': 157}
2026-04-19 13:30:08,420 [INFO] ══ Poll complete ══

/Users/sterling/Library/Python/3.9/lib/python/site-packages/urllib3/__init__.py:35: NotOpenSSLWarning: urllib3 v2 only supports OpenSSL 1.1.1+, currently the 'ssl' module is compiled with 'LibreSSL 2.8.3'. See: https://github.com/urllib3/urllib3/issues/3020
  warnings.warn(
2026-04-19 14:00:05,898 [INFO] ══ Scally Tracker — 2026-04-19 02:00 PM CT ══
2026-04-19 14:00:05,901 [INFO] DB ready: /Users/sterling/app/scally-tracker/data/inventory.db
2026-04-19 14:00:07,715 [INFO] Fetched 650 products from BSC
2026-04-19 14:00:08,239 [INFO] Categories: {'apparel': 144, 'caps': 386, 'other': 17, 'pins': 157}
2026-04-19 14:00:08,382 [INFO] ══ Poll complete ══

/Users/sterling/Library/Python/3.9/lib/python/site-packages/urllib3/__init__.py:35: NotOpenSSLWarning: urllib3 v2 only supports OpenSSL 1.1.1+, currently the 'ssl' module is compiled with 'LibreSSL 2.8.3'. See: https://github.com/urllib3/urllib3/issues/3020
  warnings.warn(
2026-04-19 14:30:05,815 [INFO] ══ Scally Tracker — 2026-04-19 02:30 PM CT ══
2026-04-19 14:30:05,818 [INFO] DB ready: /Users/sterling/app/scally-tracker/data/inventory.db
2026-04-19 14:30:07,472 [INFO] Fetched 650 products from BSC
2026-04-19 14:30:07,983 [INFO] Categories: {'apparel': 144, 'caps': 386, 'other': 17, 'pins': 157}
2026-04-19 14:30:08,092 [INFO] ══ Poll complete ══

/Users/sterling/Library/Python/3.9/lib/python/site-packages/urllib3/__init__.py:35: NotOpenSSLWarning: urllib3 v2 only supports OpenSSL 1.1.1+, currently the 'ssl' module is compiled with 'LibreSSL 2.8.3'. See: https://github.com/urllib3/urllib3/issues/3020
  warnings.warn(
2026-04-19 15:00:03,158 [INFO] ══ Scally Tracker — 2026-04-19 03:00 PM CT ══
2026-04-19 15:00:03,160 [INFO] DB ready: /Users/sterling/app/scally-tracker/data/inventory.db
2026-04-19 15:00:04,866 [INFO] Fetched 650 products from BSC
2026-04-19 15:00:05,390 [INFO] Categories: {'apparel': 144, 'caps': 386, 'other': 17, 'pins': 157}
2026-04-19 15:00:05,500 [INFO] ══ Poll complete ══

/Users/sterling/Library/Python/3.9/lib/python/site-packages/urllib3/__init__.py:35: NotOpenSSLWarning: urllib3 v2 only supports OpenSSL 1.1.1+, currently the 'ssl' module is compiled with 'LibreSSL 2.8.3'. See: https://github.com/urllib3/urllib3/issues/3020
  warnings.warn(
2026-04-19 15:30:05,382 [INFO] ══ Scally Tracker — 2026-04-19 03:30 PM CT ══
2026-04-19 15:30:05,386 [INFO] DB ready: /Users/sterling/app/scally-tracker/data/inventory.db
2026-04-19 15:30:06,853 [INFO] Fetched 650 products from BSC
2026-04-19 15:30:08,399 [INFO] Categories: {'apparel': 144, 'caps': 386, 'other': 17, 'pins': 157}
2026-04-19 15:30:08,501 [INFO] ══ Poll complete ══

/Users/sterling/Library/Python/3.9/lib/python/site-packages/urllib3/__init__.py:35: NotOpenSSLWarning: urllib3 v2 only supports OpenSSL 1.1.1+, currently the 'ssl' module is compiled with 'LibreSSL 2.8.3'. See: https://github.com/urllib3/urllib3/issues/3020
  warnings.warn(
2026-04-19 16:00:04,872 [INFO] ══ Scally Tracker — 2026-04-19 04:00 PM CT ══
2026-04-19 16:00:04,875 [INFO] DB ready: /Users/sterling/app/scally-tracker/data/inventory.db
2026-04-19 16:00:06,528 [INFO] Fetched 650 products from BSC
2026-04-19 16:00:07,119 [INFO] Categories: {'apparel': 144, 'caps': 386, 'other': 17, 'pins': 157}
2026-04-19 16:00:07,230 [INFO] ══ Poll complete ══

/Users/sterling/Library/Python/3.9/lib/python/site-packages/urllib3/__init__.py:35: NotOpenSSLWarning: urllib3 v2 only supports OpenSSL 1.1.1+, currently the 'ssl' module is compiled with 'LibreSSL 2.8.3'. See: https://github.com/urllib3/urllib3/issues/3020
  warnings.warn(
2026-04-19 16:30:05,905 [INFO] ══ Scally Tracker — 2026-04-19 04:30 PM CT ══
2026-04-19 16:30:05,909 [INFO] DB ready: /Users/sterling/app/scally-tracker/data/inventory.db
2026-04-19 16:30:07,787 [INFO] Fetched 650 products from BSC
2026-04-19 16:30:08,325 [INFO] Categories: {'apparel': 144, 'caps': 386, 'other': 17, 'pins': 157}
2026-04-19 16:30:08,433 [INFO] ══ Poll complete ══

/Users/sterling/Library/Python/3.9/lib/python/site-packages/urllib3/__init__.py:35: NotOpenSSLWarning: urllib3 v2 only supports OpenSSL 1.1.1+, currently the 'ssl' module is compiled with 'LibreSSL 2.8.3'. See: https://github.com/urllib3/urllib3/issues/3020
  warnings.warn(
2026-04-19 17:00:05,906 [INFO] ══ Scally Tracker — 2026-04-19 05:00 PM CT ══
2026-04-19 17:00:05,909 [INFO] DB ready: /Users/sterling/app/scally-tracker/data/inventory.db
2026-04-19 17:00:07,584 [INFO] Fetched 650 products from BSC
2026-04-19 17:00:08,118 [INFO] Categories: {'apparel': 144, 'caps': 386, 'other': 17, 'pins': 157}
2026-04-19 17:00:08,232 [INFO] ══ Poll complete ══

/Users/sterling/Library/Python/3.9/lib/python/site-packages/urllib3/__init__.py:35: NotOpenSSLWarning: urllib3 v2 only supports OpenSSL 1.1.1+, currently the 'ssl' module is compiled with 'LibreSSL 2.8.3'. See: https://github.com/urllib3/urllib3/issues/3020
  warnings.warn(
2026-04-19 17:30:05,978 [INFO] ══ Scally Tracker — 2026-04-19 05:30 PM CT ══
2026-04-19 17:30:05,981 [INFO] DB ready: /Users/sterling/app/scally-tracker/data/inventory.db
2026-04-19 17:30:07,655 [INFO] Fetched 650 products from BSC
2026-04-19 17:30:09,194 [INFO] Categories: {'apparel': 144, 'caps': 386, 'other': 17, 'pins': 157}
2026-04-19 17:30:09,327 [INFO] ══ Poll complete ══

/Users/sterling/Library/Python/3.9/lib/python/site-packages/urllib3/__init__.py:35: NotOpenSSLWarning: urllib3 v2 only supports OpenSSL 1.1.1+, currently the 'ssl' module is compiled with 'LibreSSL 2.8.3'. See: https://github.com/urllib3/urllib3/issues/3020
  warnings.warn(
2026-04-19 18:00:05,892 [INFO] ══ Scally Tracker — 2026-04-19 06:00 PM CT ══
2026-04-19 18:00:05,896 [INFO] DB ready: /Users/sterling/app/scally-tracker/data/inventory.db
2026-04-19 18:00:07,724 [INFO] Fetched 650 products from BSC
2026-04-19 18:00:08,272 [INFO] Categories: {'apparel': 144, 'caps': 386, 'other': 17, 'pins': 157}
2026-04-19 18:00:08,386 [INFO] ══ Poll complete ══

/Users/sterling/Library/Python/3.9/lib/python/site-packages/urllib3/__init__.py:35: NotOpenSSLWarning: urllib3 v2 only supports OpenSSL 1.1.1+, currently the 'ssl' module is compiled with 'LibreSSL 2.8.3'. See: https://github.com/urllib3/urllib3/issues/3020
  warnings.warn(
2026-04-19 18:30:05,894 [INFO] ══ Scally Tracker — 2026-04-19 06:30 PM CT ══
2026-04-19 18:30:05,898 [INFO] DB ready: /Users/sterling/app/scally-tracker/data/inventory.db
2026-04-19 18:30:07,750 [INFO] Fetched 650 products from BSC
2026-04-19 18:30:08,299 [INFO] Categories: {'apparel': 144, 'caps': 386, 'other': 17, 'pins': 157}
2026-04-19 18:30:08,431 [INFO] ══ Poll complete ══

/Users/sterling/Library/Python/3.9/lib/python/site-packages/urllib3/__init__.py:35: NotOpenSSLWarning: urllib3 v2 only supports OpenSSL 1.1.1+, currently the 'ssl' module is compiled with 'LibreSSL 2.8.3'. See: https://github.com/urllib3/urllib3/issues/3020
  warnings.warn(
2026-04-19 19:00:05,909 [INFO] ══ Scally Tracker — 2026-04-19 07:00 PM CT ══
2026-04-19 19:00:05,913 [INFO] DB ready: /Users/sterling/app/scally-tracker/data/inventory.db
2026-04-19 19:00:07,469 [INFO] Fetched 650 products from BSC
2026-04-19 19:00:08,033 [INFO] Purged 103 alert(s) older than 30 days
2026-04-19 19:00:08,034 [INFO] Categories: {'apparel': 144, 'caps': 386, 'other': 17, 'pins': 157}
2026-04-19 19:00:08,150 [INFO] ══ Poll complete ══

/Users/sterling/Library/Python/3.9/lib/python/site-packages/urllib3/__init__.py:35: NotOpenSSLWarning: urllib3 v2 only supports OpenSSL 1.1.1+, currently the 'ssl' module is compiled with 'LibreSSL 2.8.3'. See: https://github.com/urllib3/urllib3/issues/3020
  warnings.warn(
2026-04-22 07:00:02,352 [INFO] ══ Scally Tracker — 2026-04-22 07:00 AM CT ══
2026-04-22 07:00:02,355 [INFO] DB ready: /Users/sterling/app/scally-tracker/data/inventory.db
2026-04-22 07:00:04,498 [INFO] Fetched 650 products from BSC
2026-04-22 07:00:05,552 [INFO] ntfy 200: 🎉 Restock!
2026-04-22 07:00:06,051 [INFO] ntfy 200: 🎉 Restock!
2026-04-22 07:00:07,066 [INFO] ntfy 200: 🎉 Restock!
2026-04-22 07:00:08,086 [INFO] ntfy 200: 🎉 Restock!
2026-04-22 07:00:08,494 [INFO] Purged 33 alert(s) older than 30 days
2026-04-22 07:00:08,494 [INFO] Categories: {'apparel': 144, 'caps': 386, 'other': 17, 'pins': 157}
2026-04-22 07:00:08,632 [INFO] ══ Poll complete ══

/Users/sterling/Library/Python/3.9/lib/python/site-packages/urllib3/__init__.py:35: NotOpenSSLWarning: urllib3 v2 only supports OpenSSL 1.1.1+, currently the 'ssl' module is compiled with 'LibreSSL 2.8.3'. See: https://github.com/urllib3/urllib3/issues/3020
  warnings.warn(
2026-04-22 07:30:00,223 [INFO] ══ Scally Tracker — 2026-04-22 07:30 AM CT ══
2026-04-22 07:30:00,226 [INFO] DB ready: /Users/sterling/app/scally-tracker/data/inventory.db
2026-04-22 07:30:01,830 [INFO] Fetched 650 products from BSC
2026-04-22 07:30:02,183 [INFO] Categories: {'apparel': 144, 'caps': 386, 'other': 17, 'pins': 157}
2026-04-22 07:30:02,317 [INFO] ══ Poll complete ══

/Users/sterling/Library/Python/3.9/lib/python/site-packages/urllib3/__init__.py:35: NotOpenSSLWarning: urllib3 v2 only supports OpenSSL 1.1.1+, currently the 'ssl' module is compiled with 'LibreSSL 2.8.3'. See: https://github.com/urllib3/urllib3/issues/3020
  warnings.warn(
2026-04-22 08:00:01,266 [INFO] ══ Scally Tracker — 2026-04-22 08:00 AM CT ══
2026-04-22 08:00:01,269 [INFO] DB ready: /Users/sterling/app/scally-tracker/data/inventory.db
2026-04-22 08:00:02,970 [INFO] Fetched 650 products from BSC
2026-04-22 08:00:03,586 [INFO] Categories: {'apparel': 144, 'caps': 386, 'other': 17, 'pins': 157}
2026-04-22 08:00:03,720 [INFO] ══ Poll complete ══

/Users/sterling/Library/Python/3.9/lib/python/site-packages/urllib3/__init__.py:35: NotOpenSSLWarning: urllib3 v2 only supports OpenSSL 1.1.1+, currently the 'ssl' module is compiled with 'LibreSSL 2.8.3'. See: https://github.com/urllib3/urllib3/issues/3020
  warnings.warn(
2026-04-22 08:30:00,323 [INFO] ══ Scally Tracker — 2026-04-22 08:30 AM CT ══
2026-04-22 08:30:00,326 [INFO] DB ready: /Users/sterling/app/scally-tracker/data/inventory.db
2026-04-22 08:30:02,323 [INFO] Fetched 650 products from BSC
2026-04-22 08:30:02,940 [INFO] Categories: {'apparel': 144, 'caps': 386, 'other': 17, 'pins': 157}
2026-04-22 08:30:03,077 [INFO] ══ Poll complete ══

/Users/sterling/Library/Python/3.9/lib/python/site-packages/urllib3/__init__.py:35: NotOpenSSLWarning: urllib3 v2 only supports OpenSSL 1.1.1+, currently the 'ssl' module is compiled with 'LibreSSL 2.8.3'. See: https://github.com/urllib3/urllib3/issues/3020
  warnings.warn(
2026-04-22 09:00:01,432 [INFO] ══ Scally Tracker — 2026-04-22 09:00 AM CT ══
2026-04-22 09:00:01,435 [INFO] DB ready: /Users/sterling/app/scally-tracker/data/inventory.db
2026-04-22 09:00:03,209 [INFO] Fetched 650 products from BSC
2026-04-22 09:00:03,823 [INFO] Categories: {'apparel': 144, 'caps': 386, 'other': 17, 'pins': 157}
2026-04-22 09:00:03,963 [INFO] ══ Poll complete ══

/Users/sterling/Library/Python/3.9/lib/python/site-packages/urllib3/__init__.py:35: NotOpenSSLWarning: urllib3 v2 only supports OpenSSL 1.1.1+, currently the 'ssl' module is compiled with 'LibreSSL 2.8.3'. See: https://github.com/urllib3/urllib3/issues/3020
  warnings.warn(
2026-04-22 09:30:04,473 [INFO] ══ Scally Tracker — 2026-04-22 09:30 AM CT ══
2026-04-22 09:30:04,476 [INFO] DB ready: /Users/sterling/app/scally-tracker/data/inventory.db
2026-04-22 09:30:06,269 [INFO] Fetched 650 products from BSC
2026-04-22 09:30:06,885 [INFO] Categories: {'apparel': 144, 'caps': 386, 'other': 17, 'pins': 157}
2026-04-22 09:30:07,023 [INFO] ══ Poll complete ══

/Users/sterling/Library/Python/3.9/lib/python/site-packages/urllib3/__init__.py:35: NotOpenSSLWarning: urllib3 v2 only supports OpenSSL 1.1.1+, currently the 'ssl' module is compiled with 'LibreSSL 2.8.3'. See: https://github.com/urllib3/urllib3/issues/3020
  warnings.warn(
2026-04-22 10:00:01,457 [INFO] ══ Scally Tracker — 2026-04-22 10:00 AM CT ══
2026-04-22 10:00:01,459 [INFO] DB ready: /Users/sterling/app/scally-tracker/data/inventory.db
2026-04-22 10:00:03,588 [INFO] Fetched 650 products from BSC
2026-04-22 10:00:04,198 [INFO] Categories: {'apparel': 144, 'caps': 386, 'other': 17, 'pins': 157}
2026-04-22 10:00:04,330 [INFO] ══ Poll complete ══

/Users/sterling/Library/Python/3.9/lib/python/site-packages/urllib3/__init__.py:35: NotOpenSSLWarning: urllib3 v2 only supports OpenSSL 1.1.1+, currently the 'ssl' module is compiled with 'LibreSSL 2.8.3'. See: https://github.com/urllib3/urllib3/issues/3020
  warnings.warn(
2026-04-22 10:30:00,286 [INFO] ══ Scally Tracker — 2026-04-22 10:30 AM CT ══
2026-04-22 10:30:00,289 [INFO] DB ready: /Users/sterling/app/scally-tracker/data/inventory.db
2026-04-22 10:30:02,193 [INFO] Fetched 650 products from BSC
2026-04-22 10:30:02,793 [INFO] ntfy 200: 🎉 Restock!
2026-04-22 10:30:03,371 [INFO] Categories: {'apparel': 144, 'caps': 386, 'other': 17, 'pins': 157}
2026-04-22 10:30:03,494 [INFO] ══ Poll complete ══

/Users/sterling/Library/Python/3.9/lib/python/site-packages/urllib3/__init__.py:35: NotOpenSSLWarning: urllib3 v2 only supports OpenSSL 1.1.1+, currently the 'ssl' module is compiled with 'LibreSSL 2.8.3'. See: https://github.com/urllib3/urllib3/issues/3020
  warnings.warn(
2026-04-22 11:00:02,478 [INFO] ══ Scally Tracker — 2026-04-22 11:00 AM CT ══
2026-04-22 11:00:02,480 [INFO] DB ready: /Users/sterling/app/scally-tracker/data/inventory.db
2026-04-22 11:00:04,056 [INFO] Fetched 650 products from BSC
2026-04-22 11:00:04,675 [INFO] Categories: {'apparel': 144, 'caps': 386, 'other': 17, 'pins': 157}
2026-04-22 11:00:04,810 [INFO] ══ Poll complete ══

/Users/sterling/Library/Python/3.9/lib/python/site-packages/urllib3/__init__.py:35: NotOpenSSLWarning: urllib3 v2 only supports OpenSSL 1.1.1+, currently the 'ssl' module is compiled with 'LibreSSL 2.8.3'. See: https://github.com/urllib3/urllib3/issues/3020
  warnings.warn(
2026-04-22 11:30:00,448 [INFO] ══ Scally Tracker — 2026-04-22 11:30 AM CT ══
2026-04-22 11:30:00,451 [INFO] DB ready: /Users/sterling/app/scally-tracker/data/inventory.db
2026-04-22 11:30:02,234 [INFO] Fetched 650 products from BSC
2026-04-22 11:30:02,849 [INFO] Categories: {'apparel': 144, 'caps': 386, 'other': 17, 'pins': 157}
2026-04-22 11:30:02,979 [INFO] ══ Poll complete ══

/Users/sterling/Library/Python/3.9/lib/python/site-packages/urllib3/__init__.py:35: NotOpenSSLWarning: urllib3 v2 only supports OpenSSL 1.1.1+, currently the 'ssl' module is compiled with 'LibreSSL 2.8.3'. See: https://github.com/urllib3/urllib3/issues/3020
  warnings.warn(
2026-04-22 12:00:02,482 [INFO] ══ Scally Tracker — 2026-04-22 12:00 PM CT ══
2026-04-22 12:00:02,484 [INFO] DB ready: /Users/sterling/app/scally-tracker/data/inventory.db
2026-04-22 12:00:04,282 [INFO] Fetched 650 products from BSC
2026-04-22 12:00:04,474 [INFO] Categories: {'apparel': 144, 'caps': 386, 'other': 17, 'pins': 157}
2026-04-22 12:00:04,654 [INFO] ══ Poll complete ══

/Users/sterling/Library/Python/3.9/lib/python/site-packages/urllib3/__init__.py:35: NotOpenSSLWarning: urllib3 v2 only supports OpenSSL 1.1.1+, currently the 'ssl' module is compiled with 'LibreSSL 2.8.3'. See: https://github.com/urllib3/urllib3/issues/3020
  warnings.warn(
2026-04-22 12:30:02,517 [INFO] ══ Scally Tracker — 2026-04-22 12:30 PM CT ══
2026-04-22 12:30:02,519 [INFO] DB ready: /Users/sterling/app/scally-tracker/data/inventory.db
2026-04-22 12:30:04,706 [INFO] Fetched 650 products from BSC
2026-04-22 12:30:05,252 [INFO] Categories: {'apparel': 144, 'caps': 386, 'other': 17, 'pins': 157}
2026-04-22 12:30:05,386 [INFO] ══ Poll complete ══

/Users/sterling/Library/Python/3.9/lib/python/site-packages/urllib3/__init__.py:35: NotOpenSSLWarning: urllib3 v2 only supports OpenSSL 1.1.1+, currently the 'ssl' module is compiled with 'LibreSSL 2.8.3'. See: https://github.com/urllib3/urllib3/issues/3020
  warnings.warn(
2026-04-22 13:00:01,359 [INFO] ══ Scally Tracker — 2026-04-22 01:00 PM CT ══
2026-04-22 13:00:01,362 [INFO] DB ready: /Users/sterling/app/scally-tracker/data/inventory.db
2026-04-22 13:00:03,920 [INFO] Fetched 650 products from BSC
2026-04-22 13:00:04,176 [INFO] Categories: {'apparel': 144, 'caps': 386, 'other': 17, 'pins': 157}
2026-04-22 13:00:04,354 [INFO] ══ Poll complete ══

/Users/sterling/Library/Python/3.9/lib/python/site-packages/urllib3/__init__.py:35: NotOpenSSLWarning: urllib3 v2 only supports OpenSSL 1.1.1+, currently the 'ssl' module is compiled with 'LibreSSL 2.8.3'. See: https://github.com/urllib3/urllib3/issues/3020
  warnings.warn(
2026-04-22 13:30:03,549 [INFO] ══ Scally Tracker — 2026-04-22 01:30 PM CT ══
2026-04-22 13:30:03,551 [INFO] DB ready: /Users/sterling/app/scally-tracker/data/inventory.db
2026-04-22 13:30:05,575 [INFO] Fetched 650 products from BSC
2026-04-22 13:30:06,290 [INFO] ntfy 200: 🎉 Restock!
2026-04-22 13:30:06,437 [INFO] Categories: {'apparel': 144, 'caps': 386, 'other': 17, 'pins': 157}
2026-04-22 13:30:06,628 [INFO] ══ Poll complete ══

/Users/sterling/Library/Python/3.9/lib/python/site-packages/urllib3/__init__.py:35: NotOpenSSLWarning: urllib3 v2 only supports OpenSSL 1.1.1+, currently the 'ssl' module is compiled with 'LibreSSL 2.8.3'. See: https://github.com/urllib3/urllib3/issues/3020
  warnings.warn(
2026-04-22 14:00:04,472 [INFO] ══ Scally Tracker — 2026-04-22 02:00 PM CT ══
2026-04-22 14:00:04,476 [INFO] DB ready: /Users/sterling/app/scally-tracker/data/inventory.db
2026-04-22 14:00:06,249 [INFO] Fetched 650 products from BSC
2026-04-22 14:00:06,673 [INFO] Categories: {'apparel': 144, 'caps': 386, 'other': 17, 'pins': 157}
2026-04-22 14:00:06,811 [INFO] ══ Poll complete ══

/Users/sterling/Library/Python/3.9/lib/python/site-packages/urllib3/__init__.py:35: NotOpenSSLWarning: urllib3 v2 only supports OpenSSL 1.1.1+, currently the 'ssl' module is compiled with 'LibreSSL 2.8.3'. See: https://github.com/urllib3/urllib3/issues/3020
  warnings.warn(
2026-04-22 14:30:02,572 [INFO] ══ Scally Tracker — 2026-04-22 02:30 PM CT ══
2026-04-22 14:30:02,574 [INFO] DB ready: /Users/sterling/app/scally-tracker/data/inventory.db
2026-04-22 14:30:04,370 [INFO] Fetched 650 products from BSC
2026-04-22 14:30:04,979 [INFO] Categories: {'apparel': 144, 'caps': 386, 'other': 17, 'pins': 157}
2026-04-22 14:30:05,115 [INFO] ══ Poll complete ══

/Users/sterling/Library/Python/3.9/lib/python/site-packages/urllib3/__init__.py:35: NotOpenSSLWarning: urllib3 v2 only supports OpenSSL 1.1.1+, currently the 'ssl' module is compiled with 'LibreSSL 2.8.3'. See: https://github.com/urllib3/urllib3/issues/3020
  warnings.warn(
2026-04-22 15:00:01,615 [INFO] ══ Scally Tracker — 2026-04-22 03:00 PM CT ══
2026-04-22 15:00:01,618 [INFO] DB ready: /Users/sterling/app/scally-tracker/data/inventory.db
2026-04-22 15:00:03,582 [INFO] Fetched 650 products from BSC
2026-04-22 15:00:03,893 [INFO] Categories: {'apparel': 144, 'caps': 386, 'other': 17, 'pins': 157}
2026-04-22 15:00:04,070 [INFO] ══ Poll complete ══

/Users/sterling/Library/Python/3.9/lib/python/site-packages/urllib3/__init__.py:35: NotOpenSSLWarning: urllib3 v2 only supports OpenSSL 1.1.1+, currently the 'ssl' module is compiled with 'LibreSSL 2.8.3'. See: https://github.com/urllib3/urllib3/issues/3020
  warnings.warn(
2026-04-22 15:30:04,893 [INFO] ══ Scally Tracker — 2026-04-22 03:30 PM CT ══
2026-04-22 15:30:04,896 [INFO] DB ready: /Users/sterling/app/scally-tracker/data/inventory.db
2026-04-22 15:30:06,852 [INFO] Fetched 650 products from BSC
2026-04-22 15:30:07,455 [INFO] Categories: {'apparel': 144, 'caps': 386, 'other': 17, 'pins': 157}
2026-04-22 15:30:07,589 [INFO] ══ Poll complete ══

/Users/sterling/Library/Python/3.9/lib/python/site-packages/urllib3/__init__.py:35: NotOpenSSLWarning: urllib3 v2 only supports OpenSSL 1.1.1+, currently the 'ssl' module is compiled with 'LibreSSL 2.8.3'. See: https://github.com/urllib3/urllib3/issues/3020
  warnings.warn(
2026-04-22 16:00:02,547 [INFO] ══ Scally Tracker — 2026-04-22 04:00 PM CT ══
2026-04-22 16:00:02,550 [INFO] DB ready: /Users/sterling/app/scally-tracker/data/inventory.db
2026-04-22 16:00:04,364 [INFO] Fetched 650 products from BSC
2026-04-22 16:00:04,955 [INFO] Categories: {'apparel': 144, 'caps': 386, 'other': 17, 'pins': 157}
2026-04-22 16:00:05,093 [INFO] ══ Poll complete ══

/Users/sterling/Library/Python/3.9/lib/python/site-packages/urllib3/__init__.py:35: NotOpenSSLWarning: urllib3 v2 only supports OpenSSL 1.1.1+, currently the 'ssl' module is compiled with 'LibreSSL 2.8.3'. See: https://github.com/urllib3/urllib3/issues/3020
  warnings.warn(
2026-04-22 16:30:05,176 [INFO] ══ Scally Tracker — 2026-04-22 04:30 PM CT ══
2026-04-22 16:30:05,179 [INFO] DB ready: /Users/sterling/app/scally-tracker/data/inventory.db
2026-04-22 16:30:07,072 [INFO] Fetched 650 products from BSC
2026-04-22 16:30:07,678 [INFO] Categories: {'apparel': 144, 'caps': 386, 'other': 17, 'pins': 157}
2026-04-22 16:30:07,810 [INFO] ══ Poll complete ══

/Users/sterling/Library/Python/3.9/lib/python/site-packages/urllib3/__init__.py:35: NotOpenSSLWarning: urllib3 v2 only supports OpenSSL 1.1.1+, currently the 'ssl' module is compiled with 'LibreSSL 2.8.3'. See: https://github.com/urllib3/urllib3/issues/3020
  warnings.warn(
2026-04-22 17:00:06,204 [INFO] ══ Scally Tracker — 2026-04-22 05:00 PM CT ══
2026-04-22 17:00:06,207 [INFO] DB ready: /Users/sterling/app/scally-tracker/data/inventory.db
2026-04-22 17:00:07,781 [INFO] Fetched 650 products from BSC
2026-04-22 17:00:08,383 [INFO] Categories: {'apparel': 144, 'caps': 386, 'other': 17, 'pins': 157}
2026-04-22 17:00:08,520 [INFO] ══ Poll complete ══

/Users/sterling/Library/Python/3.9/lib/python/site-packages/urllib3/__init__.py:35: NotOpenSSLWarning: urllib3 v2 only supports OpenSSL 1.1.1+, currently the 'ssl' module is compiled with 'LibreSSL 2.8.3'. See: https://github.com/urllib3/urllib3/issues/3020
  warnings.warn(
2026-04-22 17:30:06,188 [INFO] ══ Scally Tracker — 2026-04-22 05:30 PM CT ══
2026-04-22 17:30:06,191 [INFO] DB ready: /Users/sterling/app/scally-tracker/data/inventory.db
2026-04-22 17:30:08,489 [INFO] Fetched 650 products from BSC
2026-04-22 17:30:09,090 [INFO] Categories: {'apparel': 144, 'caps': 386, 'other': 17, 'pins': 157}
2026-04-22 17:30:09,226 [INFO] ══ Poll complete ══

/Users/sterling/Library/Python/3.9/lib/python/site-packages/urllib3/__init__.py:35: NotOpenSSLWarning: urllib3 v2 only supports OpenSSL 1.1.1+, currently the 'ssl' module is compiled with 'LibreSSL 2.8.3'. See: https://github.com/urllib3/urllib3/issues/3020
  warnings.warn(
2026-04-22 18:00:06,212 [INFO] ══ Scally Tracker — 2026-04-22 06:00 PM CT ══
2026-04-22 18:00:06,214 [INFO] DB ready: /Users/sterling/app/scally-tracker/data/inventory.db
2026-04-22 18:00:07,947 [INFO] Fetched 650 products from BSC
2026-04-22 18:00:08,545 [INFO] Categories: {'apparel': 144, 'caps': 386, 'other': 17, 'pins': 157}
2026-04-22 18:00:08,671 [INFO] ══ Poll complete ══

/Users/sterling/Library/Python/3.9/lib/python/site-packages/urllib3/__init__.py:35: NotOpenSSLWarning: urllib3 v2 only supports OpenSSL 1.1.1+, currently the 'ssl' module is compiled with 'LibreSSL 2.8.3'. See: https://github.com/urllib3/urllib3/issues/3020
  warnings.warn(
2026-04-22 18:30:06,180 [INFO] ══ Scally Tracker — 2026-04-22 06:30 PM CT ══
2026-04-22 18:30:06,183 [INFO] DB ready: /Users/sterling/app/scally-tracker/data/inventory.db
2026-04-22 18:30:08,084 [INFO] Fetched 650 products from BSC
2026-04-22 18:30:08,680 [INFO] Categories: {'apparel': 144, 'caps': 386, 'other': 17, 'pins': 157}
2026-04-22 18:30:08,809 [INFO] ══ Poll complete ══

/Users/sterling/Library/Python/3.9/lib/python/site-packages/urllib3/__init__.py:35: NotOpenSSLWarning: urllib3 v2 only supports OpenSSL 1.1.1+, currently the 'ssl' module is compiled with 'LibreSSL 2.8.3'. See: https://github.com/urllib3/urllib3/issues/3020
  warnings.warn(
2026-04-22 19:00:06,183 [INFO] ══ Scally Tracker — 2026-04-22 07:00 PM CT ══
2026-04-22 19:00:06,186 [INFO] DB ready: /Users/sterling/app/scally-tracker/data/inventory.db
2026-04-22 19:00:07,971 [INFO] Fetched 650 products from BSC
2026-04-22 19:00:08,573 [INFO] Purged 28 alert(s) older than 30 days
2026-04-22 19:00:08,573 [INFO] Categories: {'apparel': 144, 'caps': 386, 'other': 17, 'pins': 157}
2026-04-22 19:00:08,701 [INFO] ══ Poll complete ══

/Users/sterling/Library/Python/3.9/lib/python/site-packages/urllib3/__init__.py:35: NotOpenSSLWarning: urllib3 v2 only supports OpenSSL 1.1.1+, currently the 'ssl' module is compiled with 'LibreSSL 2.8.3'. See: https://github.com/urllib3/urllib3/issues/3020
  warnings.warn(
2026-04-23 07:00:06,304 [INFO] ══ Scally Tracker — 2026-04-23 07:00 AM CT ══
2026-04-23 07:00:06,309 [INFO] DB ready: /Users/sterling/app/scally-tracker/data/inventory.db
2026-04-23 07:00:08,078 [INFO] Fetched 650 products from BSC
2026-04-23 07:00:08,737 [INFO] Categories: {'apparel': 144, 'caps': 386, 'other': 17, 'pins': 157}
2026-04-23 07:00:08,867 [INFO] ══ Poll complete ══

/Users/sterling/Library/Python/3.9/lib/python/site-packages/urllib3/__init__.py:35: NotOpenSSLWarning: urllib3 v2 only supports OpenSSL 1.1.1+, currently the 'ssl' module is compiled with 'LibreSSL 2.8.3'. See: https://github.com/urllib3/urllib3/issues/3020
  warnings.warn(
2026-04-23 07:30:06,173 [INFO] ══ Scally Tracker — 2026-04-23 07:30 AM CT ══
2026-04-23 07:30:06,176 [INFO] DB ready: /Users/sterling/app/scally-tracker/data/inventory.db
2026-04-23 07:30:08,002 [INFO] Fetched 650 products from BSC
2026-04-23 07:30:08,458 [INFO] Categories: {'apparel': 144, 'caps': 386, 'other': 17, 'pins': 157}
2026-04-23 07:30:08,587 [INFO] ══ Poll complete ══

/Users/sterling/Library/Python/3.9/lib/python/site-packages/urllib3/__init__.py:35: NotOpenSSLWarning: urllib3 v2 only supports OpenSSL 1.1.1+, currently the 'ssl' module is compiled with 'LibreSSL 2.8.3'. See: https://github.com/urllib3/urllib3/issues/3020
  warnings.warn(
2026-04-23 08:00:06,194 [INFO] ══ Scally Tracker — 2026-04-23 08:00 AM CT ══
2026-04-23 08:00:06,196 [INFO] DB ready: /Users/sterling/app/scally-tracker/data/inventory.db
2026-04-23 08:00:08,050 [INFO] Fetched 650 products from BSC
2026-04-23 08:00:08,461 [INFO] Categories: {'apparel': 144, 'caps': 386, 'other': 17, 'pins': 157}
2026-04-23 08:00:08,562 [INFO] ══ Poll complete ══

/Users/sterling/Library/Python/3.9/lib/python/site-packages/urllib3/__init__.py:35: NotOpenSSLWarning: urllib3 v2 only supports OpenSSL 1.1.1+, currently the 'ssl' module is compiled with 'LibreSSL 2.8.3'. See: https://github.com/urllib3/urllib3/issues/3020
  warnings.warn(
2026-04-23 08:30:06,179 [INFO] ══ Scally Tracker — 2026-04-23 08:30 AM CT ══
2026-04-23 08:30:06,182 [INFO] DB ready: /Users/sterling/app/scally-tracker/data/inventory.db
2026-04-23 08:30:08,009 [INFO] Fetched 650 products from BSC
2026-04-23 08:30:08,612 [INFO] Categories: {'apparel': 144, 'caps': 386, 'other': 17, 'pins': 157}
2026-04-23 08:30:08,739 [INFO] ══ Poll complete ══

/Users/sterling/Library/Python/3.9/lib/python/site-packages/urllib3/__init__.py:35: NotOpenSSLWarning: urllib3 v2 only supports OpenSSL 1.1.1+, currently the 'ssl' module is compiled with 'LibreSSL 2.8.3'. See: https://github.com/urllib3/urllib3/issues/3020
  warnings.warn(
2026-04-23 09:00:06,178 [INFO] ══ Scally Tracker — 2026-04-23 09:00 AM CT ══
2026-04-23 09:00:06,180 [INFO] DB ready: /Users/sterling/app/scally-tracker/data/inventory.db
2026-04-23 09:00:08,764 [INFO] Fetched 650 products from BSC
2026-04-23 09:00:09,583 [INFO] ntfy 200: 🎉 Restock!
2026-04-23 09:00:09,804 [INFO] Categories: {'apparel': 144, 'caps': 386, 'other': 17, 'pins': 157}
2026-04-23 09:00:09,927 [INFO] ══ Poll complete ══

/Users/sterling/Library/Python/3.9/lib/python/site-packages/urllib3/__init__.py:35: NotOpenSSLWarning: urllib3 v2 only supports OpenSSL 1.1.1+, currently the 'ssl' module is compiled with 'LibreSSL 2.8.3'. See: https://github.com/urllib3/urllib3/issues/3020
  warnings.warn(
2026-04-23 09:30:06,195 [INFO] ══ Scally Tracker — 2026-04-23 09:30 AM CT ══
2026-04-23 09:30:06,198 [INFO] DB ready: /Users/sterling/app/scally-tracker/data/inventory.db
2026-04-23 09:30:08,008 [INFO] Fetched 650 products from BSC
2026-04-23 09:30:08,601 [INFO] Categories: {'apparel': 144, 'caps': 386, 'other': 17, 'pins': 157}
2026-04-23 09:30:08,726 [INFO] ══ Poll complete ══

/Users/sterling/Library/Python/3.9/lib/python/site-packages/urllib3/__init__.py:35: NotOpenSSLWarning: urllib3 v2 only supports OpenSSL 1.1.1+, currently the 'ssl' module is compiled with 'LibreSSL 2.8.3'. See: https://github.com/urllib3/urllib3/issues/3020
  warnings.warn(
2026-04-23 10:00:06,192 [INFO] ══ Scally Tracker — 2026-04-23 10:00 AM CT ══
2026-04-23 10:00:06,195 [INFO] DB ready: /Users/sterling/app/scally-tracker/data/inventory.db
2026-04-23 10:00:08,079 [INFO] Fetched 650 products from BSC
2026-04-23 10:00:08,851 [INFO] ntfy 200: 🎉 Restock!
2026-04-23 10:00:09,192 [INFO] Categories: {'apparel': 144, 'caps': 386, 'other': 17, 'pins': 157}
2026-04-23 10:00:09,318 [INFO] ══ Poll complete ══

/Users/sterling/Library/Python/3.9/lib/python/site-packages/urllib3/__init__.py:35: NotOpenSSLWarning: urllib3 v2 only supports OpenSSL 1.1.1+, currently the 'ssl' module is compiled with 'LibreSSL 2.8.3'. See: https://github.com/urllib3/urllib3/issues/3020
  warnings.warn(
2026-04-23 10:30:06,179 [INFO] ══ Scally Tracker — 2026-04-23 10:30 AM CT ══
2026-04-23 10:30:06,182 [INFO] DB ready: /Users/sterling/app/scally-tracker/data/inventory.db
2026-04-23 10:30:07,966 [INFO] Fetched 650 products from BSC
2026-04-23 10:30:08,450 [INFO] ntfy 200: 🎉 Restock!
2026-04-23 10:30:08,875 [INFO] Categories: {'apparel': 144, 'caps': 386, 'other': 17, 'pins': 157}
2026-04-23 10:30:09,001 [INFO] ══ Poll complete ══

/Users/sterling/Library/Python/3.9/lib/python/site-packages/urllib3/__init__.py:35: NotOpenSSLWarning: urllib3 v2 only supports OpenSSL 1.1.1+, currently the 'ssl' module is compiled with 'LibreSSL 2.8.3'. See: https://github.com/urllib3/urllib3/issues/3020
  warnings.warn(
2026-04-23 11:00:06,188 [INFO] ══ Scally Tracker — 2026-04-23 11:00 AM CT ══
2026-04-23 11:00:06,191 [INFO] DB ready: /Users/sterling/app/scally-tracker/data/inventory.db
2026-04-23 11:00:07,809 [INFO] Fetched 650 products from BSC
2026-04-23 11:00:08,401 [INFO] Categories: {'apparel': 144, 'caps': 386, 'other': 17, 'pins': 157}
2026-04-23 11:00:08,527 [INFO] ══ Poll complete ══

/Users/sterling/Library/Python/3.9/lib/python/site-packages/urllib3/__init__.py:35: NotOpenSSLWarning: urllib3 v2 only supports OpenSSL 1.1.1+, currently the 'ssl' module is compiled with 'LibreSSL 2.8.3'. See: https://github.com/urllib3/urllib3/issues/3020
  warnings.warn(
2026-04-23 11:30:01,167 [INFO] ══ Scally Tracker — 2026-04-23 11:30 AM CT ══
2026-04-23 11:30:01,170 [INFO] DB ready: /Users/sterling/app/scally-tracker/data/inventory.db
2026-04-23 11:30:03,096 [INFO] Fetched 650 products from BSC
2026-04-23 11:30:03,466 [INFO] ntfy 200: 🎉 Restock!
2026-04-23 11:30:04,104 [INFO] ntfy 200: 🎉 Restock!
2026-04-23 11:30:04,498 [INFO] Categories: {'apparel': 144, 'caps': 386, 'other': 17, 'pins': 157}
2026-04-23 11:30:04,633 [INFO] ══ Poll complete ══

/Users/sterling/Library/Python/3.9/lib/python/site-packages/urllib3/__init__.py:35: NotOpenSSLWarning: urllib3 v2 only supports OpenSSL 1.1.1+, currently the 'ssl' module is compiled with 'LibreSSL 2.8.3'. See: https://github.com/urllib3/urllib3/issues/3020
  warnings.warn(
2026-04-23 12:00:02,212 [INFO] ══ Scally Tracker — 2026-04-23 12:00 PM CT ══
2026-04-23 12:00:02,215 [INFO] DB ready: /Users/sterling/app/scally-tracker/data/inventory.db
2026-04-23 12:00:05,321 [INFO] Fetched 650 products from BSC
2026-04-23 12:00:05,753 [INFO] Categories: {'apparel': 144, 'caps': 386, 'other': 17, 'pins': 157}
2026-04-23 12:00:05,879 [INFO] ══ Poll complete ══

/Users/sterling/Library/Python/3.9/lib/python/site-packages/urllib3/__init__.py:35: NotOpenSSLWarning: urllib3 v2 only supports OpenSSL 1.1.1+, currently the 'ssl' module is compiled with 'LibreSSL 2.8.3'. See: https://github.com/urllib3/urllib3/issues/3020
  warnings.warn(
2026-04-23 12:30:05,170 [INFO] ══ Scally Tracker — 2026-04-23 12:30 PM CT ══
2026-04-23 12:30:05,173 [INFO] DB ready: /Users/sterling/app/scally-tracker/data/inventory.db
2026-04-23 12:30:07,403 [INFO] Fetched 650 products from BSC
2026-04-23 12:30:07,836 [INFO] Categories: {'apparel': 144, 'caps': 386, 'other': 17, 'pins': 157}
2026-04-23 12:30:07,968 [INFO] ══ Poll complete ══

/Users/sterling/Library/Python/3.9/lib/python/site-packages/urllib3/__init__.py:35: NotOpenSSLWarning: urllib3 v2 only supports OpenSSL 1.1.1+, currently the 'ssl' module is compiled with 'LibreSSL 2.8.3'. See: https://github.com/urllib3/urllib3/issues/3020
  warnings.warn(
2026-04-23 13:00:04,215 [INFO] ══ Scally Tracker — 2026-04-23 01:00 PM CT ══
2026-04-23 13:00:04,218 [INFO] DB ready: /Users/sterling/app/scally-tracker/data/inventory.db
2026-04-23 13:00:06,043 [INFO] Fetched 650 products from BSC
2026-04-23 13:00:06,464 [INFO] Categories: {'apparel': 144, 'caps': 386, 'other': 17, 'pins': 157}
2026-04-23 13:00:06,589 [INFO] ══ Poll complete ══

/Users/sterling/Library/Python/3.9/lib/python/site-packages/urllib3/__init__.py:35: NotOpenSSLWarning: urllib3 v2 only supports OpenSSL 1.1.1+, currently the 'ssl' module is compiled with 'LibreSSL 2.8.3'. See: https://github.com/urllib3/urllib3/issues/3020
  warnings.warn(
2026-04-23 13:30:01,184 [INFO] ══ Scally Tracker — 2026-04-23 01:30 PM CT ══
2026-04-23 13:30:01,187 [INFO] DB ready: /Users/sterling/app/scally-tracker/data/inventory.db
2026-04-23 13:30:04,423 [INFO] Fetched 650 products from BSC
2026-04-23 13:30:05,010 [INFO] Categories: {'apparel': 144, 'caps': 386, 'other': 17, 'pins': 157}
2026-04-23 13:30:05,140 [INFO] ══ Poll complete ══

/Users/sterling/Library/Python/3.9/lib/python/site-packages/urllib3/__init__.py:35: NotOpenSSLWarning: urllib3 v2 only supports OpenSSL 1.1.1+, currently the 'ssl' module is compiled with 'LibreSSL 2.8.3'. See: https://github.com/urllib3/urllib3/issues/3020
  warnings.warn(
2026-04-23 14:00:05,213 [INFO] ══ Scally Tracker — 2026-04-23 02:00 PM CT ══
2026-04-23 14:00:05,221 [INFO] DB ready: /Users/sterling/app/scally-tracker/data/inventory.db
2026-04-23 14:00:06,812 [INFO] Fetched 650 products from BSC
2026-04-23 14:00:07,037 [INFO] Categories: {'apparel': 144, 'caps': 386, 'other': 17, 'pins': 157}
2026-04-23 14:00:07,218 [INFO] ══ Poll complete ══

/Users/sterling/Library/Python/3.9/lib/python/site-packages/urllib3/__init__.py:35: NotOpenSSLWarning: urllib3 v2 only supports OpenSSL 1.1.1+, currently the 'ssl' module is compiled with 'LibreSSL 2.8.3'. See: https://github.com/urllib3/urllib3/issues/3020
  warnings.warn(
2026-04-23 14:30:01,179 [INFO] ══ Scally Tracker — 2026-04-23 02:30 PM CT ══
2026-04-23 14:30:01,182 [INFO] DB ready: /Users/sterling/app/scally-tracker/data/inventory.db
2026-04-23 14:30:03,512 [INFO] Fetched 650 products from BSC
2026-04-23 14:30:04,090 [INFO] Categories: {'apparel': 144, 'caps': 386, 'other': 17, 'pins': 157}
2026-04-23 14:30:04,215 [INFO] ══ Poll complete ══

/Users/sterling/Library/Python/3.9/lib/python/site-packages/urllib3/__init__.py:35: NotOpenSSLWarning: urllib3 v2 only supports OpenSSL 1.1.1+, currently the 'ssl' module is compiled with 'LibreSSL 2.8.3'. See: https://github.com/urllib3/urllib3/issues/3020
  warnings.warn(
2026-04-23 15:00:02,213 [INFO] ══ Scally Tracker — 2026-04-23 03:00 PM CT ══
2026-04-23 15:00:02,215 [INFO] DB ready: /Users/sterling/app/scally-tracker/data/inventory.db
2026-04-23 15:00:04,131 [INFO] Fetched 650 products from BSC
2026-04-23 15:00:04,574 [INFO] Categories: {'apparel': 144, 'caps': 386, 'other': 17, 'pins': 157}
2026-04-23 15:00:04,689 [INFO] ══ Poll complete ══

/Users/sterling/Library/Python/3.9/lib/python/site-packages/urllib3/__init__.py:35: NotOpenSSLWarning: urllib3 v2 only supports OpenSSL 1.1.1+, currently the 'ssl' module is compiled with 'LibreSSL 2.8.3'. See: https://github.com/urllib3/urllib3/issues/3020
  warnings.warn(
2026-04-23 15:30:01,188 [INFO] ══ Scally Tracker — 2026-04-23 03:30 PM CT ══
2026-04-23 15:30:01,191 [INFO] DB ready: /Users/sterling/app/scally-tracker/data/inventory.db
2026-04-23 15:30:02,982 [INFO] Fetched 650 products from BSC
2026-04-23 15:30:03,413 [INFO] Categories: {'apparel': 144, 'caps': 386, 'other': 17, 'pins': 157}
2026-04-23 15:30:03,545 [INFO] ══ Poll complete ══

/Users/sterling/Library/Python/3.9/lib/python/site-packages/urllib3/__init__.py:35: NotOpenSSLWarning: urllib3 v2 only supports OpenSSL 1.1.1+, currently the 'ssl' module is compiled with 'LibreSSL 2.8.3'. See: https://github.com/urllib3/urllib3/issues/3020
  warnings.warn(
2026-04-23 16:00:02,202 [INFO] ══ Scally Tracker — 2026-04-23 04:00 PM CT ══
2026-04-23 16:00:02,206 [INFO] DB ready: /Users/sterling/app/scally-tracker/data/inventory.db
2026-04-23 16:00:19,725 [INFO] Fetched 650 products from BSC
2026-04-23 16:00:20,316 [INFO] Categories: {'apparel': 144, 'caps': 386, 'other': 17, 'pins': 157}
2026-04-23 16:00:20,450 [INFO] ══ Poll complete ══

/Users/sterling/Library/Python/3.9/lib/python/site-packages/urllib3/__init__.py:35: NotOpenSSLWarning: urllib3 v2 only supports OpenSSL 1.1.1+, currently the 'ssl' module is compiled with 'LibreSSL 2.8.3'. See: https://github.com/urllib3/urllib3/issues/3020
  warnings.warn(
2026-04-23 16:30:03,190 [INFO] ══ Scally Tracker — 2026-04-23 04:30 PM CT ══
2026-04-23 16:30:03,193 [INFO] DB ready: /Users/sterling/app/scally-tracker/data/inventory.db
2026-04-23 16:30:05,218 [INFO] Fetched 650 products from BSC
2026-04-23 16:30:05,804 [INFO] Categories: {'apparel': 144, 'caps': 386, 'other': 17, 'pins': 157}
2026-04-23 16:30:05,933 [INFO] ══ Poll complete ══

/Users/sterling/Library/Python/3.9/lib/python/site-packages/urllib3/__init__.py:35: NotOpenSSLWarning: urllib3 v2 only supports OpenSSL 1.1.1+, currently the 'ssl' module is compiled with 'LibreSSL 2.8.3'. See: https://github.com/urllib3/urllib3/issues/3020
  warnings.warn(
2026-04-23 17:00:02,213 [INFO] ══ Scally Tracker — 2026-04-23 05:00 PM CT ══
2026-04-23 17:00:02,216 [INFO] DB ready: /Users/sterling/app/scally-tracker/data/inventory.db
2026-04-23 17:00:03,940 [INFO] Fetched 650 products from BSC
2026-04-23 17:00:04,517 [INFO] Categories: {'apparel': 144, 'caps': 386, 'other': 17, 'pins': 157}
2026-04-23 17:00:04,647 [INFO] ══ Poll complete ══

/Users/sterling/Library/Python/3.9/lib/python/site-packages/urllib3/__init__.py:35: NotOpenSSLWarning: urllib3 v2 only supports OpenSSL 1.1.1+, currently the 'ssl' module is compiled with 'LibreSSL 2.8.3'. See: https://github.com/urllib3/urllib3/issues/3020
  warnings.warn(
2026-04-23 17:30:05,517 [INFO] ══ Scally Tracker — 2026-04-23 05:30 PM CT ══
2026-04-23 17:30:05,520 [INFO] DB ready: /Users/sterling/app/scally-tracker/data/inventory.db
2026-04-23 17:30:07,278 [INFO] Fetched 650 products from BSC
2026-04-23 17:30:07,859 [INFO] Categories: {'apparel': 144, 'caps': 386, 'other': 17, 'pins': 157}
2026-04-23 17:30:07,987 [INFO] ══ Poll complete ══

/Users/sterling/Library/Python/3.9/lib/python/site-packages/urllib3/__init__.py:35: NotOpenSSLWarning: urllib3 v2 only supports OpenSSL 1.1.1+, currently the 'ssl' module is compiled with 'LibreSSL 2.8.3'. See: https://github.com/urllib3/urllib3/issues/3020
  warnings.warn(
2026-04-23 18:00:05,543 [INFO] ══ Scally Tracker — 2026-04-23 06:00 PM CT ══
2026-04-23 18:00:05,546 [INFO] DB ready: /Users/sterling/app/scally-tracker/data/inventory.db
2026-04-23 18:00:07,301 [INFO] Fetched 650 products from BSC
2026-04-23 18:00:07,882 [INFO] Categories: {'apparel': 144, 'caps': 386, 'other': 17, 'pins': 157}
2026-04-23 18:00:08,014 [INFO] ══ Poll complete ══

/Users/sterling/Library/Python/3.9/lib/python/site-packages/urllib3/__init__.py:35: NotOpenSSLWarning: urllib3 v2 only supports OpenSSL 1.1.1+, currently the 'ssl' module is compiled with 'LibreSSL 2.8.3'. See: https://github.com/urllib3/urllib3/issues/3020
  warnings.warn(
2026-04-23 18:30:05,528 [INFO] ══ Scally Tracker — 2026-04-23 06:30 PM CT ══
2026-04-23 18:30:05,531 [INFO] DB ready: /Users/sterling/app/scally-tracker/data/inventory.db
2026-04-23 18:30:07,294 [INFO] Fetched 650 products from BSC
2026-04-23 18:30:07,879 [INFO] Categories: {'apparel': 144, 'caps': 386, 'other': 17, 'pins': 157}
2026-04-23 18:30:08,001 [INFO] ══ Poll complete ══

/Users/sterling/Library/Python/3.9/lib/python/site-packages/urllib3/__init__.py:35: NotOpenSSLWarning: urllib3 v2 only supports OpenSSL 1.1.1+, currently the 'ssl' module is compiled with 'LibreSSL 2.8.3'. See: https://github.com/urllib3/urllib3/issues/3020
  warnings.warn(
2026-04-23 19:00:05,536 [INFO] ══ Scally Tracker — 2026-04-23 07:00 PM CT ══
2026-04-23 19:00:05,539 [INFO] DB ready: /Users/sterling/app/scally-tracker/data/inventory.db
2026-04-23 19:00:07,401 [INFO] Fetched 650 products from BSC
2026-04-23 19:00:07,990 [INFO] Purged 48 alert(s) older than 30 days
2026-04-23 19:00:07,990 [INFO] Categories: {'apparel': 144, 'caps': 386, 'other': 17, 'pins': 157}
2026-04-23 19:00:08,113 [INFO] ══ Poll complete ══

/Users/sterling/Library/Python/3.9/lib/python/site-packages/urllib3/__init__.py:35: NotOpenSSLWarning: urllib3 v2 only supports OpenSSL 1.1.1+, currently the 'ssl' module is compiled with 'LibreSSL 2.8.3'. See: https://github.com/urllib3/urllib3/issues/3020
  warnings.warn(
2026-04-24 07:00:05,291 [INFO] ══ Scally Tracker — 2026-04-24 07:00 AM CT ══
2026-04-24 07:00:05,294 [INFO] DB ready: /Users/sterling/app/scally-tracker/data/inventory.db
2026-04-24 07:00:07,031 [INFO] Fetched 650 products from BSC
2026-04-24 07:00:07,673 [INFO] Categories: {'apparel': 144, 'caps': 386, 'other': 17, 'pins': 157}
2026-04-24 07:00:07,805 [INFO] ══ Poll complete ══

/Users/sterling/Library/Python/3.9/lib/python/site-packages/urllib3/__init__.py:35: NotOpenSSLWarning: urllib3 v2 only supports OpenSSL 1.1.1+, currently the 'ssl' module is compiled with 'LibreSSL 2.8.3'. See: https://github.com/urllib3/urllib3/issues/3020
  warnings.warn(
2026-04-24 07:30:06,187 [INFO] ══ Scally Tracker — 2026-04-24 07:30 AM CT ══
2026-04-24 07:30:06,190 [INFO] DB ready: /Users/sterling/app/scally-tracker/data/inventory.db
2026-04-24 07:30:08,020 [INFO] Fetched 650 products from BSC
2026-04-24 07:30:08,618 [INFO] Categories: {'apparel': 144, 'caps': 386, 'other': 17, 'pins': 157}
2026-04-24 07:30:08,759 [INFO] ══ Poll complete ══

/Users/sterling/Library/Python/3.9/lib/python/site-packages/urllib3/__init__.py:35: NotOpenSSLWarning: urllib3 v2 only supports OpenSSL 1.1.1+, currently the 'ssl' module is compiled with 'LibreSSL 2.8.3'. See: https://github.com/urllib3/urllib3/issues/3020
  warnings.warn(
2026-04-24 08:00:06,185 [INFO] ══ Scally Tracker — 2026-04-24 08:00 AM CT ══
2026-04-24 08:00:06,188 [INFO] DB ready: /Users/sterling/app/scally-tracker/data/inventory.db
2026-04-24 08:00:08,072 [INFO] Fetched 650 products from BSC
2026-04-24 08:00:08,651 [INFO] Categories: {'apparel': 144, 'caps': 386, 'other': 17, 'pins': 157}
2026-04-24 08:00:08,774 [INFO] ══ Poll complete ══

/Users/sterling/Library/Python/3.9/lib/python/site-packages/urllib3/__init__.py:35: NotOpenSSLWarning: urllib3 v2 only supports OpenSSL 1.1.1+, currently the 'ssl' module is compiled with 'LibreSSL 2.8.3'. See: https://github.com/urllib3/urllib3/issues/3020
  warnings.warn(
2026-04-24 08:30:06,192 [INFO] ══ Scally Tracker — 2026-04-24 08:30 AM CT ══
2026-04-24 08:30:06,195 [INFO] DB ready: /Users/sterling/app/scally-tracker/data/inventory.db
2026-04-24 08:30:08,078 [INFO] Fetched 650 products from BSC
2026-04-24 08:30:08,672 [INFO] Categories: {'apparel': 144, 'caps': 386, 'other': 17, 'pins': 157}
2026-04-24 08:30:08,805 [INFO] ══ Poll complete ══

/Users/sterling/Library/Python/3.9/lib/python/site-packages/urllib3/__init__.py:35: NotOpenSSLWarning: urllib3 v2 only supports OpenSSL 1.1.1+, currently the 'ssl' module is compiled with 'LibreSSL 2.8.3'. See: https://github.com/urllib3/urllib3/issues/3020
  warnings.warn(
2026-04-24 09:00:06,202 [INFO] ══ Scally Tracker — 2026-04-24 09:00 AM CT ══
2026-04-24 09:00:06,205 [INFO] DB ready: /Users/sterling/app/scally-tracker/data/inventory.db
2026-04-24 09:00:07,933 [INFO] Fetched 650 products from BSC
2026-04-24 09:00:08,520 [INFO] Categories: {'apparel': 144, 'caps': 386, 'other': 17, 'pins': 157}
2026-04-24 09:00:08,646 [INFO] ══ Poll complete ══

/Users/sterling/Library/Python/3.9/lib/python/site-packages/urllib3/__init__.py:35: NotOpenSSLWarning: urllib3 v2 only supports OpenSSL 1.1.1+, currently the 'ssl' module is compiled with 'LibreSSL 2.8.3'. See: https://github.com/urllib3/urllib3/issues/3020
  warnings.warn(
2026-04-24 09:30:06,183 [INFO] ══ Scally Tracker — 2026-04-24 09:30 AM CT ══
2026-04-24 09:30:06,185 [INFO] DB ready: /Users/sterling/app/scally-tracker/data/inventory.db
2026-04-24 09:30:08,135 [INFO] Fetched 650 products from BSC
2026-04-24 09:30:08,732 [INFO] Categories: {'apparel': 144, 'caps': 386, 'other': 17, 'pins': 157}
2026-04-24 09:30:08,858 [INFO] ══ Poll complete ══

/Users/sterling/Library/Python/3.9/lib/python/site-packages/urllib3/__init__.py:35: NotOpenSSLWarning: urllib3 v2 only supports OpenSSL 1.1.1+, currently the 'ssl' module is compiled with 'LibreSSL 2.8.3'. See: https://github.com/urllib3/urllib3/issues/3020
  warnings.warn(
2026-04-24 10:00:06,200 [INFO] ══ Scally Tracker — 2026-04-24 10:00 AM CT ══
2026-04-24 10:00:06,203 [INFO] DB ready: /Users/sterling/app/scally-tracker/data/inventory.db
2026-04-24 10:00:07,940 [INFO] Fetched 650 products from BSC
2026-04-24 10:00:08,314 [INFO] ntfy 200: 🎉 Restock!
2026-04-24 10:00:08,748 [INFO] Categories: {'apparel': 144, 'caps': 386, 'other': 17, 'pins': 157}
2026-04-24 10:00:08,864 [INFO] ══ Poll complete ══

/Users/sterling/Library/Python/3.9/lib/python/site-packages/urllib3/__init__.py:35: NotOpenSSLWarning: urllib3 v2 only supports OpenSSL 1.1.1+, currently the 'ssl' module is compiled with 'LibreSSL 2.8.3'. See: https://github.com/urllib3/urllib3/issues/3020
  warnings.warn(
2026-04-24 10:30:06,201 [INFO] ══ Scally Tracker — 2026-04-24 10:30 AM CT ══
2026-04-24 10:30:06,203 [INFO] DB ready: /Users/sterling/app/scally-tracker/data/inventory.db
2026-04-24 10:30:08,090 [INFO] Fetched 650 products from BSC
2026-04-24 10:30:08,535 [INFO] Categories: {'apparel': 144, 'caps': 386, 'other': 17, 'pins': 157}
2026-04-24 10:30:08,653 [INFO] ══ Poll complete ══

/Users/sterling/Library/Python/3.9/lib/python/site-packages/urllib3/__init__.py:35: NotOpenSSLWarning: urllib3 v2 only supports OpenSSL 1.1.1+, currently the 'ssl' module is compiled with 'LibreSSL 2.8.3'. See: https://github.com/urllib3/urllib3/issues/3020
  warnings.warn(
2026-04-24 11:00:06,189 [INFO] ══ Scally Tracker — 2026-04-24 11:00 AM CT ══
2026-04-24 11:00:06,191 [INFO] DB ready: /Users/sterling/app/scally-tracker/data/inventory.db
2026-04-24 11:00:07,890 [INFO] Fetched 652 products from BSC
2026-04-24 11:00:07,897 [INFO] NEW [pins]: Boston Scally The Big Lebowski Pin Set
2026-04-24 11:00:08,508 [INFO] ntfy 200: 🆕 New on BSC!
2026-04-24 11:00:08,515 [INFO] NEW [caps]: The Big Lebowski Boston Scally Cap - The Dude Patchwork
2026-04-24 11:00:08,837 [INFO] ntfy 200: 🆕 New on BSC!
2026-04-24 11:00:08,843 [INFO] RELEASE auto-added: The Big Lebowski - The Dude Patchwork on 4/24/26
2026-04-24 11:00:09,170 [INFO] ntfy 200: 🎉 Restock!
2026-04-24 11:00:09,426 [INFO] Categories: {'apparel': 144, 'caps': 387, 'other': 17, 'pins': 158}
2026-04-24 11:00:09,551 [INFO] ══ Poll complete ══

/Users/sterling/Library/Python/3.9/lib/python/site-packages/urllib3/__init__.py:35: NotOpenSSLWarning: urllib3 v2 only supports OpenSSL 1.1.1+, currently the 'ssl' module is compiled with 'LibreSSL 2.8.3'. See: https://github.com/urllib3/urllib3/issues/3020
  warnings.warn(
2026-04-24 11:30:03,192 [INFO] ══ Scally Tracker — 2026-04-24 11:30 AM CT ══
2026-04-24 11:30:03,195 [INFO] DB ready: /Users/sterling/app/scally-tracker/data/inventory.db
2026-04-24 11:30:04,982 [INFO] Fetched 652 products from BSC
2026-04-24 11:30:05,572 [INFO] Categories: {'apparel': 144, 'caps': 387, 'other': 17, 'pins': 158}
2026-04-24 11:30:05,701 [INFO] ══ Poll complete ══

/Users/sterling/Library/Python/3.9/lib/python/site-packages/urllib3/__init__.py:35: NotOpenSSLWarning: urllib3 v2 only supports OpenSSL 1.1.1+, currently the 'ssl' module is compiled with 'LibreSSL 2.8.3'. See: https://github.com/urllib3/urllib3/issues/3020
  warnings.warn(
2026-04-24 12:00:06,203 [INFO] ══ Scally Tracker — 2026-04-24 12:00 PM CT ══
2026-04-24 12:00:06,205 [INFO] DB ready: /Users/sterling/app/scally-tracker/data/inventory.db
2026-04-24 12:00:08,438 [INFO] Fetched 652 products from BSC
2026-04-24 12:00:08,829 [INFO] ntfy 200: 🎉 Restock!
2026-04-24 12:00:09,302 [INFO] ntfy 200: 🎉 Restock!
2026-04-24 12:00:09,551 [INFO] Categories: {'apparel': 144, 'caps': 387, 'other': 17, 'pins': 158}
2026-04-24 12:00:09,680 [INFO] ══ Poll complete ══

/Users/sterling/Library/Python/3.9/lib/python/site-packages/urllib3/__init__.py:35: NotOpenSSLWarning: urllib3 v2 only supports OpenSSL 1.1.1+, currently the 'ssl' module is compiled with 'LibreSSL 2.8.3'. See: https://github.com/urllib3/urllib3/issues/3020
  warnings.warn(
2026-04-24 12:30:06,196 [INFO] ══ Scally Tracker — 2026-04-24 12:30 PM CT ══
2026-04-24 12:30:06,199 [INFO] DB ready: /Users/sterling/app/scally-tracker/data/inventory.db
2026-04-24 12:30:08,330 [INFO] Fetched 652 products from BSC
2026-04-24 12:30:08,922 [INFO] Categories: {'apparel': 144, 'caps': 387, 'other': 17, 'pins': 158}
2026-04-24 12:30:09,055 [INFO] ══ Poll complete ══

/Users/sterling/Library/Python/3.9/lib/python/site-packages/urllib3/__init__.py:35: NotOpenSSLWarning: urllib3 v2 only supports OpenSSL 1.1.1+, currently the 'ssl' module is compiled with 'LibreSSL 2.8.3'. See: https://github.com/urllib3/urllib3/issues/3020
  warnings.warn(
2026-04-24 13:00:06,188 [INFO] ══ Scally Tracker — 2026-04-24 01:00 PM CT ══
2026-04-24 13:00:06,191 [INFO] DB ready: /Users/sterling/app/scally-tracker/data/inventory.db
2026-04-24 13:00:07,983 [INFO] Fetched 652 products from BSC
2026-04-24 13:00:08,581 [INFO] Categories: {'apparel': 144, 'caps': 387, 'other': 17, 'pins': 158}
2026-04-24 13:00:08,708 [INFO] ══ Poll complete ══

/Users/sterling/Library/Python/3.9/lib/python/site-packages/urllib3/__init__.py:35: NotOpenSSLWarning: urllib3 v2 only supports OpenSSL 1.1.1+, currently the 'ssl' module is compiled with 'LibreSSL 2.8.3'. See: https://github.com/urllib3/urllib3/issues/3020
  warnings.warn(
2026-04-24 13:30:06,184 [INFO] ══ Scally Tracker — 2026-04-24 01:30 PM CT ══
2026-04-24 13:30:06,187 [INFO] DB ready: /Users/sterling/app/scally-tracker/data/inventory.db
2026-04-24 13:30:08,099 [INFO] Fetched 652 products from BSC
2026-04-24 13:30:08,473 [INFO] ntfy 200: 🎉 Restock!
2026-04-24 13:30:09,038 [INFO] Categories: {'apparel': 144, 'caps': 387, 'other': 17, 'pins': 158}
2026-04-24 13:30:09,174 [INFO] ══ Poll complete ══

/Users/sterling/Library/Python/3.9/lib/python/site-packages/urllib3/__init__.py:35: NotOpenSSLWarning: urllib3 v2 only supports OpenSSL 1.1.1+, currently the 'ssl' module is compiled with 'LibreSSL 2.8.3'. See: https://github.com/urllib3/urllib3/issues/3020
  warnings.warn(
2026-04-24 14:00:06,192 [INFO] ══ Scally Tracker — 2026-04-24 02:00 PM CT ══
2026-04-24 14:00:06,196 [INFO] DB ready: /Users/sterling/app/scally-tracker/data/inventory.db
2026-04-24 14:00:08,031 [INFO] Fetched 652 products from BSC
2026-04-24 14:00:08,629 [INFO] Categories: {'apparel': 144, 'caps': 387, 'other': 17, 'pins': 158}
2026-04-24 14:00:08,766 [INFO] ══ Poll complete ══

/Users/sterling/Library/Python/3.9/lib/python/site-packages/urllib3/__init__.py:35: NotOpenSSLWarning: urllib3 v2 only supports OpenSSL 1.1.1+, currently the 'ssl' module is compiled with 'LibreSSL 2.8.3'. See: https://github.com/urllib3/urllib3/issues/3020
  warnings.warn(
2026-04-24 14:30:06,184 [INFO] ══ Scally Tracker — 2026-04-24 02:30 PM CT ══
2026-04-24 14:30:06,187 [INFO] DB ready: /Users/sterling/app/scally-tracker/data/inventory.db
2026-04-24 14:30:08,184 [INFO] Fetched 652 products from BSC
2026-04-24 14:30:08,546 [INFO] ntfy 200: 🎉 Restock!
2026-04-24 14:30:08,916 [INFO] ntfy 200: 🎉 Restock!
2026-04-24 14:30:09,432 [INFO] ntfy 200: 🎉 Restock!
2026-04-24 14:30:09,937 [INFO] Categories: {'apparel': 144, 'caps': 387, 'other': 17, 'pins': 158}
2026-04-24 14:30:10,069 [INFO] ══ Poll complete ══

/Users/sterling/Library/Python/3.9/lib/python/site-packages/urllib3/__init__.py:35: NotOpenSSLWarning: urllib3 v2 only supports OpenSSL 1.1.1+, currently the 'ssl' module is compiled with 'LibreSSL 2.8.3'. See: https://github.com/urllib3/urllib3/issues/3020
  warnings.warn(
2026-04-24 15:00:06,201 [INFO] ══ Scally Tracker — 2026-04-24 03:00 PM CT ══
2026-04-24 15:00:06,204 [INFO] DB ready: /Users/sterling/app/scally-tracker/data/inventory.db
2026-04-24 15:00:08,123 [INFO] Fetched 652 products from BSC
2026-04-24 15:00:08,720 [INFO] Categories: {'apparel': 144, 'caps': 387, 'other': 17, 'pins': 158}
2026-04-24 15:00:08,846 [INFO] ══ Poll complete ══

/Users/sterling/Library/Python/3.9/lib/python/site-packages/urllib3/__init__.py:35: NotOpenSSLWarning: urllib3 v2 only supports OpenSSL 1.1.1+, currently the 'ssl' module is compiled with 'LibreSSL 2.8.3'. See: https://github.com/urllib3/urllib3/issues/3020
  warnings.warn(
2026-04-24 15:30:06,179 [INFO] ══ Scally Tracker — 2026-04-24 03:30 PM CT ══
2026-04-24 15:30:06,182 [INFO] DB ready: /Users/sterling/app/scally-tracker/data/inventory.db
2026-04-24 15:30:07,837 [INFO] Fetched 652 products from BSC
2026-04-24 15:30:08,435 [INFO] Categories: {'apparel': 144, 'caps': 387, 'other': 17, 'pins': 158}
2026-04-24 15:30:08,571 [INFO] ══ Poll complete ══

/Users/sterling/Library/Python/3.9/lib/python/site-packages/urllib3/__init__.py:35: NotOpenSSLWarning: urllib3 v2 only supports OpenSSL 1.1.1+, currently the 'ssl' module is compiled with 'LibreSSL 2.8.3'. See: https://github.com/urllib3/urllib3/issues/3020
  warnings.warn(
2026-04-24 16:00:06,204 [INFO] ══ Scally Tracker — 2026-04-24 04:00 PM CT ══
2026-04-24 16:00:06,207 [INFO] DB ready: /Users/sterling/app/scally-tracker/data/inventory.db
2026-04-24 16:00:08,003 [INFO] Fetched 652 products from BSC
2026-04-24 16:00:08,608 [INFO] Categories: {'apparel': 144, 'caps': 387, 'other': 17, 'pins': 158}
2026-04-24 16:00:08,740 [INFO] ══ Poll complete ══

/Users/sterling/Library/Python/3.9/lib/python/site-packages/urllib3/__init__.py:35: NotOpenSSLWarning: urllib3 v2 only supports OpenSSL 1.1.1+, currently the 'ssl' module is compiled with 'LibreSSL 2.8.3'. See: https://github.com/urllib3/urllib3/issues/3020
  warnings.warn(
2026-04-24 16:30:06,182 [INFO] ══ Scally Tracker — 2026-04-24 04:30 PM CT ══
2026-04-24 16:30:06,185 [INFO] DB ready: /Users/sterling/app/scally-tracker/data/inventory.db
2026-04-24 16:30:08,157 [INFO] Fetched 652 products from BSC
2026-04-24 16:30:08,755 [INFO] Categories: {'apparel': 144, 'caps': 387, 'other': 17, 'pins': 158}
2026-04-24 16:30:08,886 [INFO] ══ Poll complete ══

/Users/sterling/Library/Python/3.9/lib/python/site-packages/urllib3/__init__.py:35: NotOpenSSLWarning: urllib3 v2 only supports OpenSSL 1.1.1+, currently the 'ssl' module is compiled with 'LibreSSL 2.8.3'. See: https://github.com/urllib3/urllib3/issues/3020
  warnings.warn(
2026-04-24 17:00:06,235 [INFO] ══ Scally Tracker — 2026-04-24 05:00 PM CT ══
2026-04-24 17:00:06,238 [INFO] DB ready: /Users/sterling/app/scally-tracker/data/inventory.db
2026-04-24 17:00:08,158 [INFO] Fetched 652 products from BSC
2026-04-24 17:00:08,570 [INFO] Categories: {'apparel': 144, 'caps': 387, 'other': 17, 'pins': 158}
2026-04-24 17:00:08,701 [INFO] ══ Poll complete ══

/Users/sterling/Library/Python/3.9/lib/python/site-packages/urllib3/__init__.py:35: NotOpenSSLWarning: urllib3 v2 only supports OpenSSL 1.1.1+, currently the 'ssl' module is compiled with 'LibreSSL 2.8.3'. See: https://github.com/urllib3/urllib3/issues/3020
  warnings.warn(
2026-04-24 17:30:01,179 [INFO] ══ Scally Tracker — 2026-04-24 05:30 PM CT ══
2026-04-24 17:30:01,182 [INFO] DB ready: /Users/sterling/app/scally-tracker/data/inventory.db
2026-04-24 17:30:03,473 [INFO] Fetched 652 products from BSC
2026-04-24 17:30:04,075 [INFO] Categories: {'apparel': 144, 'caps': 387, 'other': 17, 'pins': 158}
2026-04-24 17:30:04,210 [INFO] ══ Poll complete ══

/Users/sterling/Library/Python/3.9/lib/python/site-packages/urllib3/__init__.py:35: NotOpenSSLWarning: urllib3 v2 only supports OpenSSL 1.1.1+, currently the 'ssl' module is compiled with 'LibreSSL 2.8.3'. See: https://github.com/urllib3/urllib3/issues/3020
  warnings.warn(
2026-04-24 18:00:05,194 [INFO] ══ Scally Tracker — 2026-04-24 06:00 PM CT ══
2026-04-24 18:00:05,196 [INFO] DB ready: /Users/sterling/app/scally-tracker/data/inventory.db
2026-04-24 18:00:07,062 [INFO] Fetched 652 products from BSC
2026-04-24 18:00:07,469 [INFO] Categories: {'apparel': 144, 'caps': 387, 'other': 17, 'pins': 158}
2026-04-24 18:00:07,640 [INFO] ══ Poll complete ══

/Users/sterling/Library/Python/3.9/lib/python/site-packages/urllib3/__init__.py:35: NotOpenSSLWarning: urllib3 v2 only supports OpenSSL 1.1.1+, currently the 'ssl' module is compiled with 'LibreSSL 2.8.3'. See: https://github.com/urllib3/urllib3/issues/3020
  warnings.warn(
2026-04-24 18:30:05,202 [INFO] ══ Scally Tracker — 2026-04-24 06:30 PM CT ══
2026-04-24 18:30:05,205 [INFO] DB ready: /Users/sterling/app/scally-tracker/data/inventory.db
2026-04-24 18:30:07,097 [INFO] Fetched 652 products from BSC
2026-04-24 18:30:07,709 [INFO] Categories: {'apparel': 144, 'caps': 387, 'other': 17, 'pins': 158}
2026-04-24 18:30:07,845 [INFO] ══ Poll complete ══

/Users/sterling/Library/Python/3.9/lib/python/site-packages/urllib3/__init__.py:35: NotOpenSSLWarning: urllib3 v2 only supports OpenSSL 1.1.1+, currently the 'ssl' module is compiled with 'LibreSSL 2.8.3'. See: https://github.com/urllib3/urllib3/issues/3020
  warnings.warn(
2026-04-24 19:00:02,188 [INFO] ══ Scally Tracker — 2026-04-24 07:00 PM CT ══
2026-04-24 19:00:02,191 [INFO] DB ready: /Users/sterling/app/scally-tracker/data/inventory.db
2026-04-24 19:00:03,876 [INFO] Fetched 652 products from BSC
2026-04-24 19:00:04,496 [INFO] Purged 148 alert(s) older than 30 days
2026-04-24 19:00:04,496 [INFO] Categories: {'apparel': 144, 'caps': 387, 'other': 17, 'pins': 158}
2026-04-24 19:00:04,629 [INFO] ══ Poll complete ══

/Users/sterling/Library/Python/3.9/lib/python/site-packages/urllib3/__init__.py:35: NotOpenSSLWarning: urllib3 v2 only supports OpenSSL 1.1.1+, currently the 'ssl' module is compiled with 'LibreSSL 2.8.3'. See: https://github.com/urllib3/urllib3/issues/3020
  warnings.warn(
2026-04-25 07:00:01,560 [INFO] ══ Scally Tracker — 2026-04-25 07:00 AM CT ══
2026-04-25 07:00:01,563 [INFO] DB ready: /Users/sterling/app/scally-tracker/data/inventory.db
2026-04-25 07:00:04,087 [INFO] Fetched 652 products from BSC
2026-04-25 07:00:04,715 [INFO] Categories: {'apparel': 144, 'caps': 387, 'other': 17, 'pins': 158}
2026-04-25 07:00:04,859 [INFO] ══ Poll complete ══

/Users/sterling/Library/Python/3.9/lib/python/site-packages/urllib3/__init__.py:35: NotOpenSSLWarning: urllib3 v2 only supports OpenSSL 1.1.1+, currently the 'ssl' module is compiled with 'LibreSSL 2.8.3'. See: https://github.com/urllib3/urllib3/issues/3020
  warnings.warn(
2026-04-25 07:30:04,532 [INFO] ══ Scally Tracker — 2026-04-25 07:30 AM CT ══
2026-04-25 07:30:04,535 [INFO] DB ready: /Users/sterling/app/scally-tracker/data/inventory.db
2026-04-25 07:30:06,442 [INFO] Fetched 652 products from BSC
2026-04-25 07:30:07,060 [INFO] Categories: {'apparel': 144, 'caps': 387, 'other': 17, 'pins': 158}
2026-04-25 07:30:07,196 [INFO] ══ Poll complete ══

/Users/sterling/Library/Python/3.9/lib/python/site-packages/urllib3/__init__.py:35: NotOpenSSLWarning: urllib3 v2 only supports OpenSSL 1.1.1+, currently the 'ssl' module is compiled with 'LibreSSL 2.8.3'. See: https://github.com/urllib3/urllib3/issues/3020
  warnings.warn(
2026-04-25 08:00:03,535 [INFO] ══ Scally Tracker — 2026-04-25 08:00 AM CT ══
2026-04-25 08:00:03,538 [INFO] DB ready: /Users/sterling/app/scally-tracker/data/inventory.db
2026-04-25 08:00:05,254 [INFO] Fetched 652 products from BSC
2026-04-25 08:00:05,683 [INFO] Categories: {'apparel': 144, 'caps': 387, 'other': 17, 'pins': 158}
2026-04-25 08:00:05,819 [INFO] ══ Poll complete ══

/Users/sterling/Library/Python/3.9/lib/python/site-packages/urllib3/__init__.py:35: NotOpenSSLWarning: urllib3 v2 only supports OpenSSL 1.1.1+, currently the 'ssl' module is compiled with 'LibreSSL 2.8.3'. See: https://github.com/urllib3/urllib3/issues/3020
  warnings.warn(
2026-04-25 08:30:05,210 [INFO] ══ Scally Tracker — 2026-04-25 08:30 AM CT ══
2026-04-25 08:30:05,214 [INFO] DB ready: /Users/sterling/app/scally-tracker/data/inventory.db
2026-04-25 08:30:07,528 [INFO] Fetched 652 products from BSC
2026-04-25 08:30:08,152 [INFO] Categories: {'apparel': 144, 'caps': 387, 'other': 17, 'pins': 158}
2026-04-25 08:30:08,286 [INFO] ══ Poll complete ══

/Users/sterling/Library/Python/3.9/lib/python/site-packages/urllib3/__init__.py:35: NotOpenSSLWarning: urllib3 v2 only supports OpenSSL 1.1.1+, currently the 'ssl' module is compiled with 'LibreSSL 2.8.3'. See: https://github.com/urllib3/urllib3/issues/3020
  warnings.warn(
2026-04-25 09:00:01,539 [INFO] ══ Scally Tracker — 2026-04-25 09:00 AM CT ══
2026-04-25 09:00:01,542 [INFO] DB ready: /Users/sterling/app/scally-tracker/data/inventory.db
2026-04-25 09:00:03,222 [INFO] Fetched 652 products from BSC
2026-04-25 09:00:03,839 [INFO] Categories: {'apparel': 144, 'caps': 387, 'other': 17, 'pins': 158}
2026-04-25 09:00:03,973 [INFO] ══ Poll complete ══

/Users/sterling/Library/Python/3.9/lib/python/site-packages/urllib3/__init__.py:35: NotOpenSSLWarning: urllib3 v2 only supports OpenSSL 1.1.1+, currently the 'ssl' module is compiled with 'LibreSSL 2.8.3'. See: https://github.com/urllib3/urllib3/issues/3020
  warnings.warn(
2026-04-25 09:30:03,523 [INFO] ══ Scally Tracker — 2026-04-25 09:30 AM CT ══
2026-04-25 09:30:03,526 [INFO] DB ready: /Users/sterling/app/scally-tracker/data/inventory.db
2026-04-25 09:30:05,191 [INFO] Fetched 652 products from BSC
2026-04-25 09:30:05,819 [INFO] Categories: {'apparel': 144, 'caps': 387, 'other': 17, 'pins': 158}
2026-04-25 09:30:05,959 [INFO] ══ Poll complete ══

/Users/sterling/Library/Python/3.9/lib/python/site-packages/urllib3/__init__.py:35: NotOpenSSLWarning: urllib3 v2 only supports OpenSSL 1.1.1+, currently the 'ssl' module is compiled with 'LibreSSL 2.8.3'. See: https://github.com/urllib3/urllib3/issues/3020
  warnings.warn(
2026-04-25 10:00:03,164 [INFO] ══ Scally Tracker — 2026-04-25 10:00 AM CT ══
2026-04-25 10:00:03,167 [INFO] DB ready: /Users/sterling/app/scally-tracker/data/inventory.db
2026-04-25 10:00:04,767 [INFO] Fetched 652 products from BSC
2026-04-25 10:00:05,393 [INFO] Categories: {'apparel': 144, 'caps': 387, 'other': 17, 'pins': 158}
2026-04-25 10:00:05,526 [INFO] ══ Poll complete ══

/Users/sterling/Library/Python/3.9/lib/python/site-packages/urllib3/__init__.py:35: NotOpenSSLWarning: urllib3 v2 only supports OpenSSL 1.1.1+, currently the 'ssl' module is compiled with 'LibreSSL 2.8.3'. See: https://github.com/urllib3/urllib3/issues/3020
  warnings.warn(
2026-04-25 10:30:06,212 [INFO] ══ Scally Tracker — 2026-04-25 10:30 AM CT ══
2026-04-25 10:30:06,215 [INFO] DB ready: /Users/sterling/app/scally-tracker/data/inventory.db
2026-04-25 10:30:07,841 [INFO] Fetched 652 products from BSC
2026-04-25 10:30:08,465 [INFO] Categories: {'apparel': 144, 'caps': 387, 'other': 17, 'pins': 158}
2026-04-25 10:30:08,601 [INFO] ══ Poll complete ══

/Users/sterling/Library/Python/3.9/lib/python/site-packages/urllib3/__init__.py:35: NotOpenSSLWarning: urllib3 v2 only supports OpenSSL 1.1.1+, currently the 'ssl' module is compiled with 'LibreSSL 2.8.3'. See: https://github.com/urllib3/urllib3/issues/3020
  warnings.warn(
2026-04-25 11:00:06,192 [INFO] ══ Scally Tracker — 2026-04-25 11:00 AM CT ══
2026-04-25 11:00:06,195 [INFO] DB ready: /Users/sterling/app/scally-tracker/data/inventory.db
2026-04-25 11:00:07,821 [INFO] Fetched 652 products from BSC
2026-04-25 11:00:08,451 [INFO] Categories: {'apparel': 144, 'caps': 387, 'other': 17, 'pins': 158}
2026-04-25 11:00:08,591 [INFO] ══ Poll complete ══

/Users/sterling/Library/Python/3.9/lib/python/site-packages/urllib3/__init__.py:35: NotOpenSSLWarning: urllib3 v2 only supports OpenSSL 1.1.1+, currently the 'ssl' module is compiled with 'LibreSSL 2.8.3'. See: https://github.com/urllib3/urllib3/issues/3020
  warnings.warn(
2026-04-25 11:30:03,196 [INFO] ══ Scally Tracker — 2026-04-25 11:30 AM CT ══
2026-04-25 11:30:03,199 [INFO] DB ready: /Users/sterling/app/scally-tracker/data/inventory.db
2026-04-25 11:30:04,022 [ERROR] Fetch error page 2: 503 Server Error: Service Unavailable for url: https://bostonscally.com/products.json?limit=250&page=2
2026-04-25 11:30:04,023 [INFO] Fetched 250 products from BSC
2026-04-25 11:30:04,298 [INFO] Categories: {'apparel': 144, 'caps': 387, 'other': 17, 'pins': 158}
2026-04-25 11:30:04,357 [INFO] ══ Poll complete ══

/Users/sterling/Library/Python/3.9/lib/python/site-packages/urllib3/__init__.py:35: NotOpenSSLWarning: urllib3 v2 only supports OpenSSL 1.1.1+, currently the 'ssl' module is compiled with 'LibreSSL 2.8.3'. See: https://github.com/urllib3/urllib3/issues/3020
  warnings.warn(
2026-04-25 12:00:06,197 [INFO] ══ Scally Tracker — 2026-04-25 12:00 PM CT ══
2026-04-25 12:00:06,201 [INFO] DB ready: /Users/sterling/app/scally-tracker/data/inventory.db
2026-04-25 12:00:07,890 [INFO] Fetched 652 products from BSC
2026-04-25 12:00:08,515 [INFO] Categories: {'apparel': 144, 'caps': 387, 'other': 17, 'pins': 158}
2026-04-25 12:00:08,666 [INFO] ══ Poll complete ══

/Users/sterling/Library/Python/3.9/lib/python/site-packages/urllib3/__init__.py:35: NotOpenSSLWarning: urllib3 v2 only supports OpenSSL 1.1.1+, currently the 'ssl' module is compiled with 'LibreSSL 2.8.3'. See: https://github.com/urllib3/urllib3/issues/3020
  warnings.warn(
2026-04-25 12:30:06,190 [INFO] ══ Scally Tracker — 2026-04-25 12:30 PM CT ══
2026-04-25 12:30:06,193 [INFO] DB ready: /Users/sterling/app/scally-tracker/data/inventory.db
2026-04-25 12:30:07,911 [INFO] Fetched 652 products from BSC
2026-04-25 12:30:08,526 [INFO] Categories: {'apparel': 144, 'caps': 387, 'other': 17, 'pins': 158}
2026-04-25 12:30:08,663 [INFO] ══ Poll complete ══

/Users/sterling/Library/Python/3.9/lib/python/site-packages/urllib3/__init__.py:35: NotOpenSSLWarning: urllib3 v2 only supports OpenSSL 1.1.1+, currently the 'ssl' module is compiled with 'LibreSSL 2.8.3'. See: https://github.com/urllib3/urllib3/issues/3020
  warnings.warn(
2026-04-25 13:00:02,068 [INFO] ══ Scally Tracker — 2026-04-25 01:00 PM CT ══
2026-04-25 13:00:02,071 [INFO] DB ready: /Users/sterling/app/scally-tracker/data/inventory.db
2026-04-25 13:00:03,792 [INFO] Fetched 652 products from BSC
2026-04-25 13:00:04,253 [INFO] Categories: {'apparel': 144, 'caps': 387, 'other': 17, 'pins': 158}
2026-04-25 13:00:04,392 [INFO] ══ Poll complete ══

/Users/sterling/Library/Python/3.9/lib/python/site-packages/urllib3/__init__.py:35: NotOpenSSLWarning: urllib3 v2 only supports OpenSSL 1.1.1+, currently the 'ssl' module is compiled with 'LibreSSL 2.8.3'. See: https://github.com/urllib3/urllib3/issues/3020
  warnings.warn(
2026-04-25 13:30:05,816 [INFO] ══ Scally Tracker — 2026-04-25 01:30 PM CT ══
2026-04-25 13:30:05,819 [INFO] DB ready: /Users/sterling/app/scally-tracker/data/inventory.db
2026-04-25 13:30:07,545 [INFO] Fetched 652 products from BSC
2026-04-25 13:30:08,168 [INFO] Categories: {'apparel': 144, 'caps': 387, 'other': 17, 'pins': 158}
2026-04-25 13:30:08,306 [INFO] ══ Poll complete ══

/Users/sterling/Library/Python/3.9/lib/python/site-packages/urllib3/__init__.py:35: NotOpenSSLWarning: urllib3 v2 only supports OpenSSL 1.1.1+, currently the 'ssl' module is compiled with 'LibreSSL 2.8.3'. See: https://github.com/urllib3/urllib3/issues/3020
  warnings.warn(
2026-04-25 14:00:05,198 [INFO] ══ Scally Tracker — 2026-04-25 02:00 PM CT ══
2026-04-25 14:00:05,202 [INFO] DB ready: /Users/sterling/app/scally-tracker/data/inventory.db
2026-04-25 14:00:06,839 [INFO] Fetched 652 products from BSC
2026-04-25 14:00:07,450 [INFO] Categories: {'apparel': 144, 'caps': 387, 'other': 17, 'pins': 158}
2026-04-25 14:00:07,584 [INFO] ══ Poll complete ══

/Users/sterling/Library/Python/3.9/lib/python/site-packages/urllib3/__init__.py:35: NotOpenSSLWarning: urllib3 v2 only supports OpenSSL 1.1.1+, currently the 'ssl' module is compiled with 'LibreSSL 2.8.3'. See: https://github.com/urllib3/urllib3/issues/3020
  warnings.warn(
2026-04-25 14:30:06,206 [INFO] ══ Scally Tracker — 2026-04-25 02:30 PM CT ══
2026-04-25 14:30:06,208 [INFO] DB ready: /Users/sterling/app/scally-tracker/data/inventory.db
2026-04-25 14:30:07,919 [INFO] Fetched 652 products from BSC
2026-04-25 14:30:08,379 [INFO] Categories: {'apparel': 144, 'caps': 387, 'other': 17, 'pins': 158}
2026-04-25 14:30:08,514 [INFO] ══ Poll complete ══

/Users/sterling/Library/Python/3.9/lib/python/site-packages/urllib3/__init__.py:35: NotOpenSSLWarning: urllib3 v2 only supports OpenSSL 1.1.1+, currently the 'ssl' module is compiled with 'LibreSSL 2.8.3'. See: https://github.com/urllib3/urllib3/issues/3020
  warnings.warn(
2026-04-25 15:00:06,190 [INFO] ══ Scally Tracker — 2026-04-25 03:00 PM CT ══
2026-04-25 15:00:06,193 [INFO] DB ready: /Users/sterling/app/scally-tracker/data/inventory.db
2026-04-25 15:00:08,040 [INFO] Fetched 652 products from BSC
2026-04-25 15:00:08,656 [INFO] Categories: {'apparel': 144, 'caps': 387, 'other': 17, 'pins': 158}
2026-04-25 15:00:08,796 [INFO] ══ Poll complete ══

/Users/sterling/Library/Python/3.9/lib/python/site-packages/urllib3/__init__.py:35: NotOpenSSLWarning: urllib3 v2 only supports OpenSSL 1.1.1+, currently the 'ssl' module is compiled with 'LibreSSL 2.8.3'. See: https://github.com/urllib3/urllib3/issues/3020
  warnings.warn(
2026-04-25 15:30:06,181 [INFO] ══ Scally Tracker — 2026-04-25 03:30 PM CT ══
2026-04-25 15:30:06,184 [INFO] DB ready: /Users/sterling/app/scally-tracker/data/inventory.db
2026-04-25 15:30:07,887 [INFO] Fetched 652 products from BSC
2026-04-25 15:30:08,497 [INFO] Categories: {'apparel': 144, 'caps': 387, 'other': 17, 'pins': 158}
2026-04-25 15:30:08,629 [INFO] ══ Poll complete ══

/Users/sterling/Library/Python/3.9/lib/python/site-packages/urllib3/__init__.py:35: NotOpenSSLWarning: urllib3 v2 only supports OpenSSL 1.1.1+, currently the 'ssl' module is compiled with 'LibreSSL 2.8.3'. See: https://github.com/urllib3/urllib3/issues/3020
  warnings.warn(
2026-04-25 16:00:06,193 [INFO] ══ Scally Tracker — 2026-04-25 04:00 PM CT ══
2026-04-25 16:00:06,196 [INFO] DB ready: /Users/sterling/app/scally-tracker/data/inventory.db
2026-04-25 16:00:07,853 [INFO] Fetched 652 products from BSC
2026-04-25 16:00:08,470 [INFO] Categories: {'apparel': 144, 'caps': 387, 'other': 17, 'pins': 158}
2026-04-25 16:00:08,606 [INFO] ══ Poll complete ══

/Users/sterling/Library/Python/3.9/lib/python/site-packages/urllib3/__init__.py:35: NotOpenSSLWarning: urllib3 v2 only supports OpenSSL 1.1.1+, currently the 'ssl' module is compiled with 'LibreSSL 2.8.3'. See: https://github.com/urllib3/urllib3/issues/3020
  warnings.warn(
2026-04-25 16:30:06,179 [INFO] ══ Scally Tracker — 2026-04-25 04:30 PM CT ══
2026-04-25 16:30:06,182 [INFO] DB ready: /Users/sterling/app/scally-tracker/data/inventory.db
2026-04-25 16:30:08,945 [INFO] Fetched 652 products from BSC
2026-04-25 16:30:09,567 [INFO] Categories: {'apparel': 144, 'caps': 387, 'other': 17, 'pins': 158}
2026-04-25 16:30:09,706 [INFO] ══ Poll complete ══

/Users/sterling/Library/Python/3.9/lib/python/site-packages/urllib3/__init__.py:35: NotOpenSSLWarning: urllib3 v2 only supports OpenSSL 1.1.1+, currently the 'ssl' module is compiled with 'LibreSSL 2.8.3'. See: https://github.com/urllib3/urllib3/issues/3020
  warnings.warn(
2026-04-25 17:00:06,222 [INFO] ══ Scally Tracker — 2026-04-25 05:00 PM CT ══
2026-04-25 17:00:06,225 [INFO] DB ready: /Users/sterling/app/scally-tracker/data/inventory.db
2026-04-25 17:00:07,961 [INFO] Fetched 652 products from BSC
2026-04-25 17:00:08,398 [INFO] Categories: {'apparel': 144, 'caps': 387, 'other': 17, 'pins': 158}
2026-04-25 17:00:08,530 [INFO] ══ Poll complete ══

/Users/sterling/Library/Python/3.9/lib/python/site-packages/urllib3/__init__.py:35: NotOpenSSLWarning: urllib3 v2 only supports OpenSSL 1.1.1+, currently the 'ssl' module is compiled with 'LibreSSL 2.8.3'. See: https://github.com/urllib3/urllib3/issues/3020
  warnings.warn(
2026-04-25 17:30:06,196 [INFO] ══ Scally Tracker — 2026-04-25 05:30 PM CT ══
2026-04-25 17:30:06,200 [INFO] DB ready: /Users/sterling/app/scally-tracker/data/inventory.db
2026-04-25 17:30:07,973 [INFO] Fetched 652 products from BSC
2026-04-25 17:30:08,595 [INFO] Categories: {'apparel': 144, 'caps': 387, 'other': 17, 'pins': 158}
2026-04-25 17:30:08,728 [INFO] ══ Poll complete ══

/Users/sterling/Library/Python/3.9/lib/python/site-packages/urllib3/__init__.py:35: NotOpenSSLWarning: urllib3 v2 only supports OpenSSL 1.1.1+, currently the 'ssl' module is compiled with 'LibreSSL 2.8.3'. See: https://github.com/urllib3/urllib3/issues/3020
  warnings.warn(
2026-04-25 18:00:06,189 [INFO] ══ Scally Tracker — 2026-04-25 06:00 PM CT ══
2026-04-25 18:00:06,192 [INFO] DB ready: /Users/sterling/app/scally-tracker/data/inventory.db
2026-04-25 18:00:07,973 [INFO] Fetched 652 products from BSC
2026-04-25 18:00:08,589 [INFO] Categories: {'apparel': 144, 'caps': 387, 'other': 17, 'pins': 158}
2026-04-25 18:00:08,732 [INFO] ══ Poll complete ══

/Users/sterling/Library/Python/3.9/lib/python/site-packages/urllib3/__init__.py:35: NotOpenSSLWarning: urllib3 v2 only supports OpenSSL 1.1.1+, currently the 'ssl' module is compiled with 'LibreSSL 2.8.3'. See: https://github.com/urllib3/urllib3/issues/3020
  warnings.warn(
2026-04-25 18:30:06,176 [INFO] ══ Scally Tracker — 2026-04-25 06:30 PM CT ══
2026-04-25 18:30:06,180 [INFO] DB ready: /Users/sterling/app/scally-tracker/data/inventory.db
2026-04-25 18:30:07,965 [INFO] Fetched 652 products from BSC
2026-04-25 18:30:08,576 [INFO] Categories: {'apparel': 144, 'caps': 387, 'other': 17, 'pins': 158}
2026-04-25 18:30:08,713 [INFO] ══ Poll complete ══

/Users/sterling/Library/Python/3.9/lib/python/site-packages/urllib3/__init__.py:35: NotOpenSSLWarning: urllib3 v2 only supports OpenSSL 1.1.1+, currently the 'ssl' module is compiled with 'LibreSSL 2.8.3'. See: https://github.com/urllib3/urllib3/issues/3020
  warnings.warn(
2026-04-25 19:00:06,201 [INFO] ══ Scally Tracker — 2026-04-25 07:00 PM CT ══
2026-04-25 19:00:06,204 [INFO] DB ready: /Users/sterling/app/scally-tracker/data/inventory.db
2026-04-25 19:00:07,895 [INFO] Fetched 652 products from BSC
2026-04-25 19:00:08,500 [INFO] Purged 90 alert(s) older than 30 days
2026-04-25 19:00:08,501 [INFO] Categories: {'apparel': 144, 'caps': 387, 'other': 17, 'pins': 158}
2026-04-25 19:00:08,641 [INFO] ══ Poll complete ══

/Users/sterling/Library/Python/3.9/lib/python/site-packages/urllib3/__init__.py:35: NotOpenSSLWarning: urllib3 v2 only supports OpenSSL 1.1.1+, currently the 'ssl' module is compiled with 'LibreSSL 2.8.3'. See: https://github.com/urllib3/urllib3/issues/3020
  warnings.warn(
2026-04-26 07:00:06,226 [INFO] ══ Scally Tracker — 2026-04-26 07:00 AM CT ══
2026-04-26 07:00:06,229 [INFO] DB ready: /Users/sterling/app/scally-tracker/data/inventory.db
2026-04-26 07:00:07,921 [INFO] Fetched 652 products from BSC
2026-04-26 07:00:08,535 [INFO] Categories: {'apparel': 144, 'caps': 387, 'other': 17, 'pins': 158}
2026-04-26 07:00:08,666 [INFO] ══ Poll complete ══

/Users/sterling/Library/Python/3.9/lib/python/site-packages/urllib3/__init__.py:35: NotOpenSSLWarning: urllib3 v2 only supports OpenSSL 1.1.1+, currently the 'ssl' module is compiled with 'LibreSSL 2.8.3'. See: https://github.com/urllib3/urllib3/issues/3020
  warnings.warn(
2026-04-26 07:30:05,525 [INFO] ══ Scally Tracker — 2026-04-26 07:30 AM CT ══
2026-04-26 07:30:05,528 [INFO] DB ready: /Users/sterling/app/scally-tracker/data/inventory.db
2026-04-26 07:30:07,279 [INFO] Fetched 652 products from BSC
2026-04-26 07:30:07,887 [INFO] Categories: {'apparel': 144, 'caps': 387, 'other': 17, 'pins': 158}
2026-04-26 07:30:08,015 [INFO] ══ Poll complete ══

/Users/sterling/Library/Python/3.9/lib/python/site-packages/urllib3/__init__.py:35: NotOpenSSLWarning: urllib3 v2 only supports OpenSSL 1.1.1+, currently the 'ssl' module is compiled with 'LibreSSL 2.8.3'. See: https://github.com/urllib3/urllib3/issues/3020
  warnings.warn(
2026-04-26 08:00:05,559 [INFO] ══ Scally Tracker — 2026-04-26 08:00 AM CT ══
2026-04-26 08:00:05,562 [INFO] DB ready: /Users/sterling/app/scally-tracker/data/inventory.db
2026-04-26 08:00:07,242 [INFO] Fetched 652 products from BSC
2026-04-26 08:00:07,698 [INFO] Categories: {'apparel': 144, 'caps': 387, 'other': 17, 'pins': 158}
2026-04-26 08:00:07,827 [INFO] ══ Poll complete ══

/Users/sterling/Library/Python/3.9/lib/python/site-packages/urllib3/__init__.py:35: NotOpenSSLWarning: urllib3 v2 only supports OpenSSL 1.1.1+, currently the 'ssl' module is compiled with 'LibreSSL 2.8.3'. See: https://github.com/urllib3/urllib3/issues/3020
  warnings.warn(
2026-04-26 08:30:05,526 [INFO] ══ Scally Tracker — 2026-04-26 08:30 AM CT ══
2026-04-26 08:30:05,530 [INFO] DB ready: /Users/sterling/app/scally-tracker/data/inventory.db
2026-04-26 08:30:07,132 [INFO] Fetched 652 products from BSC
2026-04-26 08:30:07,736 [INFO] Categories: {'apparel': 144, 'caps': 387, 'other': 17, 'pins': 158}
2026-04-26 08:30:07,866 [INFO] ══ Poll complete ══

/Users/sterling/Library/Python/3.9/lib/python/site-packages/urllib3/__init__.py:35: NotOpenSSLWarning: urllib3 v2 only supports OpenSSL 1.1.1+, currently the 'ssl' module is compiled with 'LibreSSL 2.8.3'. See: https://github.com/urllib3/urllib3/issues/3020
  warnings.warn(
2026-04-26 09:00:05,579 [INFO] ══ Scally Tracker — 2026-04-26 09:00 AM CT ══
2026-04-26 09:00:05,582 [INFO] DB ready: /Users/sterling/app/scally-tracker/data/inventory.db
2026-04-26 09:00:07,530 [INFO] Fetched 652 products from BSC
2026-04-26 09:00:07,979 [INFO] Categories: {'apparel': 144, 'caps': 387, 'other': 17, 'pins': 158}
2026-04-26 09:00:08,095 [INFO] ══ Poll complete ══

/Users/sterling/Library/Python/3.9/lib/python/site-packages/urllib3/__init__.py:35: NotOpenSSLWarning: urllib3 v2 only supports OpenSSL 1.1.1+, currently the 'ssl' module is compiled with 'LibreSSL 2.8.3'. See: https://github.com/urllib3/urllib3/issues/3020
  warnings.warn(
2026-04-26 09:30:05,530 [INFO] ══ Scally Tracker — 2026-04-26 09:30 AM CT ══
2026-04-26 09:30:05,533 [INFO] DB ready: /Users/sterling/app/scally-tracker/data/inventory.db
2026-04-26 09:30:07,240 [INFO] Fetched 652 products from BSC
2026-04-26 09:30:07,846 [INFO] Categories: {'apparel': 144, 'caps': 387, 'other': 17, 'pins': 158}
2026-04-26 09:30:07,979 [INFO] ══ Poll complete ══

/Users/sterling/Library/Python/3.9/lib/python/site-packages/urllib3/__init__.py:35: NotOpenSSLWarning: urllib3 v2 only supports OpenSSL 1.1.1+, currently the 'ssl' module is compiled with 'LibreSSL 2.8.3'. See: https://github.com/urllib3/urllib3/issues/3020
  warnings.warn(
2026-04-26 10:00:02,530 [INFO] ══ Scally Tracker — 2026-04-26 10:00 AM CT ══
2026-04-26 10:00:02,533 [INFO] DB ready: /Users/sterling/app/scally-tracker/data/inventory.db
2026-04-26 10:00:04,403 [INFO] Fetched 652 products from BSC
2026-04-26 10:00:04,858 [INFO] Categories: {'apparel': 144, 'caps': 387, 'other': 17, 'pins': 158}
2026-04-26 10:00:04,990 [INFO] ══ Poll complete ══

/Users/sterling/Library/Python/3.9/lib/python/site-packages/urllib3/__init__.py:35: NotOpenSSLWarning: urllib3 v2 only supports OpenSSL 1.1.1+, currently the 'ssl' module is compiled with 'LibreSSL 2.8.3'. See: https://github.com/urllib3/urllib3/issues/3020
  warnings.warn(
2026-04-26 10:30:02,187 [INFO] ══ Scally Tracker — 2026-04-26 10:30 AM CT ══
2026-04-26 10:30:02,189 [INFO] DB ready: /Users/sterling/app/scally-tracker/data/inventory.db
2026-04-26 10:30:04,064 [INFO] Fetched 652 products from BSC
2026-04-26 10:30:04,519 [INFO] Categories: {'apparel': 144, 'caps': 387, 'other': 17, 'pins': 158}
2026-04-26 10:30:04,703 [INFO] ══ Poll complete ══

/Users/sterling/Library/Python/3.9/lib/python/site-packages/urllib3/__init__.py:35: NotOpenSSLWarning: urllib3 v2 only supports OpenSSL 1.1.1+, currently the 'ssl' module is compiled with 'LibreSSL 2.8.3'. See: https://github.com/urllib3/urllib3/issues/3020
  warnings.warn(
2026-04-26 11:00:05,193 [INFO] ══ Scally Tracker — 2026-04-26 11:00 AM CT ══
2026-04-26 11:00:05,197 [INFO] DB ready: /Users/sterling/app/scally-tracker/data/inventory.db
2026-04-26 11:00:07,137 [INFO] Fetched 652 products from BSC
2026-04-26 11:00:07,739 [INFO] Categories: {'apparel': 144, 'caps': 387, 'other': 17, 'pins': 158}
2026-04-26 11:00:07,879 [INFO] ══ Poll complete ══

/Users/sterling/Library/Python/3.9/lib/python/site-packages/urllib3/__init__.py:35: NotOpenSSLWarning: urllib3 v2 only supports OpenSSL 1.1.1+, currently the 'ssl' module is compiled with 'LibreSSL 2.8.3'. See: https://github.com/urllib3/urllib3/issues/3020
  warnings.warn(
2026-04-26 11:30:02,561 [INFO] ══ Scally Tracker — 2026-04-26 11:30 AM CT ══
2026-04-26 11:30:02,564 [INFO] DB ready: /Users/sterling/app/scally-tracker/data/inventory.db
2026-04-26 11:30:04,569 [INFO] Fetched 652 products from BSC
2026-04-26 11:30:05,175 [INFO] Categories: {'apparel': 144, 'caps': 387, 'other': 17, 'pins': 158}
2026-04-26 11:30:05,307 [INFO] ══ Poll complete ══

/Users/sterling/Library/Python/3.9/lib/python/site-packages/urllib3/__init__.py:35: NotOpenSSLWarning: urllib3 v2 only supports OpenSSL 1.1.1+, currently the 'ssl' module is compiled with 'LibreSSL 2.8.3'. See: https://github.com/urllib3/urllib3/issues/3020
  warnings.warn(
2026-04-26 12:00:05,547 [INFO] ══ Scally Tracker — 2026-04-26 12:00 PM CT ══
2026-04-26 12:00:05,549 [INFO] DB ready: /Users/sterling/app/scally-tracker/data/inventory.db
2026-04-26 12:00:07,504 [INFO] Fetched 652 products from BSC
2026-04-26 12:00:08,108 [INFO] ntfy 200: 🎉 Restock!
2026-04-26 12:00:08,470 [INFO] ntfy 200: 🎉 Restock!
2026-04-26 12:00:08,753 [INFO] Categories: {'apparel': 144, 'caps': 387, 'other': 17, 'pins': 158}
2026-04-26 12:00:08,878 [INFO] ══ Poll complete ══

/Users/sterling/Library/Python/3.9/lib/python/site-packages/urllib3/__init__.py:35: NotOpenSSLWarning: urllib3 v2 only supports OpenSSL 1.1.1+, currently the 'ssl' module is compiled with 'LibreSSL 2.8.3'. See: https://github.com/urllib3/urllib3/issues/3020
  warnings.warn(
2026-04-26 12:30:03,531 [INFO] ══ Scally Tracker — 2026-04-26 12:30 PM CT ══
2026-04-26 12:30:03,534 [INFO] DB ready: /Users/sterling/app/scally-tracker/data/inventory.db
2026-04-26 12:30:05,280 [INFO] Fetched 652 products from BSC
2026-04-26 12:30:05,887 [INFO] Categories: {'apparel': 144, 'caps': 387, 'other': 17, 'pins': 158}
2026-04-26 12:30:06,021 [INFO] ══ Poll complete ══

/Users/sterling/Library/Python/3.9/lib/python/site-packages/urllib3/__init__.py:35: NotOpenSSLWarning: urllib3 v2 only supports OpenSSL 1.1.1+, currently the 'ssl' module is compiled with 'LibreSSL 2.8.3'. See: https://github.com/urllib3/urllib3/issues/3020
  warnings.warn(
2026-04-26 13:00:02,569 [INFO] ══ Scally Tracker — 2026-04-26 01:00 PM CT ══
2026-04-26 13:00:02,572 [INFO] DB ready: /Users/sterling/app/scally-tracker/data/inventory.db
2026-04-26 13:00:04,363 [INFO] Fetched 652 products from BSC
2026-04-26 13:00:04,968 [INFO] Categories: {'apparel': 144, 'caps': 387, 'other': 17, 'pins': 158}
2026-04-26 13:00:05,097 [INFO] ══ Poll complete ══

/Users/sterling/Library/Python/3.9/lib/python/site-packages/urllib3/__init__.py:35: NotOpenSSLWarning: urllib3 v2 only supports OpenSSL 1.1.1+, currently the 'ssl' module is compiled with 'LibreSSL 2.8.3'. See: https://github.com/urllib3/urllib3/issues/3020
  warnings.warn(
2026-04-26 13:30:00,525 [INFO] ══ Scally Tracker — 2026-04-26 01:30 PM CT ══
2026-04-26 13:30:00,528 [INFO] DB ready: /Users/sterling/app/scally-tracker/data/inventory.db
2026-04-26 13:30:02,455 [INFO] Fetched 652 products from BSC
2026-04-26 13:30:02,904 [INFO] Categories: {'apparel': 144, 'caps': 387, 'other': 17, 'pins': 158}
2026-04-26 13:30:03,033 [INFO] ══ Poll complete ══

/Users/sterling/Library/Python/3.9/lib/python/site-packages/urllib3/__init__.py:35: NotOpenSSLWarning: urllib3 v2 only supports OpenSSL 1.1.1+, currently the 'ssl' module is compiled with 'LibreSSL 2.8.3'. See: https://github.com/urllib3/urllib3/issues/3020
  warnings.warn(
2026-04-26 14:00:01,533 [INFO] ══ Scally Tracker — 2026-04-26 02:00 PM CT ══
2026-04-26 14:00:01,536 [INFO] DB ready: /Users/sterling/app/scally-tracker/data/inventory.db
2026-04-26 14:00:03,302 [INFO] Fetched 652 products from BSC
2026-04-26 14:00:03,900 [INFO] Categories: {'apparel': 144, 'caps': 387, 'other': 17, 'pins': 158}
2026-04-26 14:00:04,028 [INFO] ══ Poll complete ══

/Users/sterling/Library/Python/3.9/lib/python/site-packages/urllib3/__init__.py:35: NotOpenSSLWarning: urllib3 v2 only supports OpenSSL 1.1.1+, currently the 'ssl' module is compiled with 'LibreSSL 2.8.3'. See: https://github.com/urllib3/urllib3/issues/3020
  warnings.warn(
2026-04-26 14:30:03,543 [INFO] ══ Scally Tracker — 2026-04-26 02:30 PM CT ══
2026-04-26 14:30:03,547 [INFO] DB ready: /Users/sterling/app/scally-tracker/data/inventory.db
2026-04-26 14:30:05,396 [INFO] Fetched 652 products from BSC
2026-04-26 14:30:05,992 [INFO] Categories: {'apparel': 144, 'caps': 387, 'other': 17, 'pins': 158}
2026-04-26 14:30:06,121 [INFO] ══ Poll complete ══

/Users/sterling/Library/Python/3.9/lib/python/site-packages/urllib3/__init__.py:35: NotOpenSSLWarning: urllib3 v2 only supports OpenSSL 1.1.1+, currently the 'ssl' module is compiled with 'LibreSSL 2.8.3'. See: https://github.com/urllib3/urllib3/issues/3020
  warnings.warn(
2026-04-26 15:00:01,539 [INFO] ══ Scally Tracker — 2026-04-26 03:00 PM CT ══
2026-04-26 15:00:01,542 [INFO] DB ready: /Users/sterling/app/scally-tracker/data/inventory.db
2026-04-26 15:00:03,330 [INFO] Fetched 652 products from BSC
2026-04-26 15:00:03,929 [INFO] Categories: {'apparel': 144, 'caps': 387, 'other': 17, 'pins': 158}
2026-04-26 15:00:04,061 [INFO] ══ Poll complete ══

/Users/sterling/Library/Python/3.9/lib/python/site-packages/urllib3/__init__.py:35: NotOpenSSLWarning: urllib3 v2 only supports OpenSSL 1.1.1+, currently the 'ssl' module is compiled with 'LibreSSL 2.8.3'. See: https://github.com/urllib3/urllib3/issues/3020
  warnings.warn(
2026-04-26 15:30:00,523 [INFO] ══ Scally Tracker — 2026-04-26 03:30 PM CT ══
2026-04-26 15:30:00,526 [INFO] DB ready: /Users/sterling/app/scally-tracker/data/inventory.db
2026-04-26 15:30:02,366 [INFO] Fetched 652 products from BSC
2026-04-26 15:30:02,962 [INFO] Categories: {'apparel': 144, 'caps': 387, 'other': 17, 'pins': 158}
2026-04-26 15:30:03,091 [INFO] ══ Poll complete ══

/Users/sterling/Library/Python/3.9/lib/python/site-packages/urllib3/__init__.py:35: NotOpenSSLWarning: urllib3 v2 only supports OpenSSL 1.1.1+, currently the 'ssl' module is compiled with 'LibreSSL 2.8.3'. See: https://github.com/urllib3/urllib3/issues/3020
  warnings.warn(
2026-04-26 16:00:02,544 [INFO] ══ Scally Tracker — 2026-04-26 04:00 PM CT ══
2026-04-26 16:00:02,547 [INFO] DB ready: /Users/sterling/app/scally-tracker/data/inventory.db
2026-04-26 16:00:04,543 [INFO] Fetched 652 products from BSC
2026-04-26 16:00:05,145 [INFO] Categories: {'apparel': 144, 'caps': 387, 'other': 17, 'pins': 158}
2026-04-26 16:00:05,287 [INFO] ══ Poll complete ══

/Users/sterling/Library/Python/3.9/lib/python/site-packages/urllib3/__init__.py:35: NotOpenSSLWarning: urllib3 v2 only supports OpenSSL 1.1.1+, currently the 'ssl' module is compiled with 'LibreSSL 2.8.3'. See: https://github.com/urllib3/urllib3/issues/3020
  warnings.warn(
2026-04-26 16:30:00,535 [INFO] ══ Scally Tracker — 2026-04-26 04:30 PM CT ══
2026-04-26 16:30:00,538 [INFO] DB ready: /Users/sterling/app/scally-tracker/data/inventory.db
2026-04-26 16:30:03,527 [INFO] Fetched 652 products from BSC
2026-04-26 16:30:04,123 [INFO] Categories: {'apparel': 144, 'caps': 387, 'other': 17, 'pins': 158}
2026-04-26 16:30:04,256 [INFO] ══ Poll complete ══

/Users/sterling/Library/Python/3.9/lib/python/site-packages/urllib3/__init__.py:35: NotOpenSSLWarning: urllib3 v2 only supports OpenSSL 1.1.1+, currently the 'ssl' module is compiled with 'LibreSSL 2.8.3'. See: https://github.com/urllib3/urllib3/issues/3020
  warnings.warn(
2026-04-26 17:00:03,565 [INFO] ══ Scally Tracker — 2026-04-26 05:00 PM CT ══
2026-04-26 17:00:03,568 [INFO] DB ready: /Users/sterling/app/scally-tracker/data/inventory.db
2026-04-26 17:00:05,239 [INFO] Fetched 652 products from BSC
2026-04-26 17:00:05,844 [INFO] Categories: {'apparel': 144, 'caps': 387, 'other': 17, 'pins': 158}
2026-04-26 17:00:05,991 [INFO] ══ Poll complete ══

/Users/sterling/Library/Python/3.9/lib/python/site-packages/urllib3/__init__.py:35: NotOpenSSLWarning: urllib3 v2 only supports OpenSSL 1.1.1+, currently the 'ssl' module is compiled with 'LibreSSL 2.8.3'. See: https://github.com/urllib3/urllib3/issues/3020
  warnings.warn(
2026-04-26 17:30:00,524 [INFO] ══ Scally Tracker — 2026-04-26 05:30 PM CT ══
2026-04-26 17:30:00,527 [INFO] DB ready: /Users/sterling/app/scally-tracker/data/inventory.db
2026-04-26 17:30:02,172 [INFO] Fetched 652 products from BSC
2026-04-26 17:30:02,769 [INFO] Categories: {'apparel': 144, 'caps': 387, 'other': 17, 'pins': 158}
2026-04-26 17:30:02,901 [INFO] ══ Poll complete ══

/Users/sterling/Library/Python/3.9/lib/python/site-packages/urllib3/__init__.py:35: NotOpenSSLWarning: urllib3 v2 only supports OpenSSL 1.1.1+, currently the 'ssl' module is compiled with 'LibreSSL 2.8.3'. See: https://github.com/urllib3/urllib3/issues/3020
  warnings.warn(
2026-04-26 18:00:05,542 [INFO] ══ Scally Tracker — 2026-04-26 06:00 PM CT ══
2026-04-26 18:00:05,545 [INFO] DB ready: /Users/sterling/app/scally-tracker/data/inventory.db
2026-04-26 18:00:08,342 [INFO] Fetched 652 products from BSC
2026-04-26 18:00:08,942 [INFO] Categories: {'apparel': 144, 'caps': 387, 'other': 17, 'pins': 158}
2026-04-26 18:00:09,072 [INFO] ══ Poll complete ══

/Users/sterling/Library/Python/3.9/lib/python/site-packages/urllib3/__init__.py:35: NotOpenSSLWarning: urllib3 v2 only supports OpenSSL 1.1.1+, currently the 'ssl' module is compiled with 'LibreSSL 2.8.3'. See: https://github.com/urllib3/urllib3/issues/3020
  warnings.warn(
2026-04-26 18:30:05,179 [INFO] ══ Scally Tracker — 2026-04-26 06:30 PM CT ══
2026-04-26 18:30:05,182 [INFO] DB ready: /Users/sterling/app/scally-tracker/data/inventory.db
2026-04-26 18:30:07,159 [INFO] Fetched 652 products from BSC
2026-04-26 18:30:07,759 [INFO] Categories: {'apparel': 144, 'caps': 387, 'other': 17, 'pins': 158}
2026-04-26 18:30:07,890 [INFO] ══ Poll complete ══

/Users/sterling/Library/Python/3.9/lib/python/site-packages/urllib3/__init__.py:35: NotOpenSSLWarning: urllib3 v2 only supports OpenSSL 1.1.1+, currently the 'ssl' module is compiled with 'LibreSSL 2.8.3'. See: https://github.com/urllib3/urllib3/issues/3020
  warnings.warn(
2026-04-26 19:00:06,181 [INFO] ══ Scally Tracker — 2026-04-26 07:00 PM CT ══
2026-04-26 19:00:06,184 [INFO] DB ready: /Users/sterling/app/scally-tracker/data/inventory.db
2026-04-26 19:00:08,049 [INFO] Fetched 652 products from BSC
2026-04-26 19:00:08,647 [INFO] Purged 121 alert(s) older than 30 days
2026-04-26 19:00:08,648 [INFO] Categories: {'apparel': 144, 'caps': 387, 'other': 17, 'pins': 158}
2026-04-26 19:00:08,775 [INFO] ══ Poll complete ══

/Users/sterling/Library/Python/3.9/lib/python/site-packages/urllib3/__init__.py:35: NotOpenSSLWarning: urllib3 v2 only supports OpenSSL 1.1.1+, currently the 'ssl' module is compiled with 'LibreSSL 2.8.3'. See: https://github.com/urllib3/urllib3/issues/3020
  warnings.warn(
2026-04-27 07:00:06,249 [INFO] ══ Scally Tracker — 2026-04-27 07:00 AM CT ══
2026-04-27 07:00:06,253 [INFO] DB ready: /Users/sterling/app/scally-tracker/data/inventory.db
2026-04-27 07:00:08,039 [INFO] Fetched 652 products from BSC
2026-04-27 07:00:08,632 [INFO] Categories: {'apparel': 144, 'caps': 387, 'other': 17, 'pins': 158}
2026-04-27 07:00:08,755 [INFO] ══ Poll complete ══

/Users/sterling/Library/Python/3.9/lib/python/site-packages/urllib3/__init__.py:35: NotOpenSSLWarning: urllib3 v2 only supports OpenSSL 1.1.1+, currently the 'ssl' module is compiled with 'LibreSSL 2.8.3'. See: https://github.com/urllib3/urllib3/issues/3020
  warnings.warn(
2026-04-27 07:30:01,190 [INFO] ══ Scally Tracker — 2026-04-27 07:30 AM CT ══
2026-04-27 07:30:01,193 [INFO] DB ready: /Users/sterling/app/scally-tracker/data/inventory.db
2026-04-27 07:30:03,218 [INFO] Fetched 652 products from BSC
2026-04-27 07:30:03,817 [INFO] Categories: {'apparel': 144, 'caps': 387, 'other': 17, 'pins': 158}
2026-04-27 07:30:03,949 [INFO] ══ Poll complete ══

/Users/sterling/Library/Python/3.9/lib/python/site-packages/urllib3/__init__.py:35: NotOpenSSLWarning: urllib3 v2 only supports OpenSSL 1.1.1+, currently the 'ssl' module is compiled with 'LibreSSL 2.8.3'. See: https://github.com/urllib3/urllib3/issues/3020
  warnings.warn(
2026-04-27 08:00:02,196 [INFO] ══ Scally Tracker — 2026-04-27 08:00 AM CT ══
2026-04-27 08:00:02,199 [INFO] DB ready: /Users/sterling/app/scally-tracker/data/inventory.db
2026-04-27 08:00:04,071 [INFO] Fetched 652 products from BSC
2026-04-27 08:00:04,696 [INFO] ntfy 200: 🎉 Restock!
2026-04-27 08:00:05,546 [INFO] ntfy 200: 🎉 Restock!
2026-04-27 08:00:05,936 [INFO] Categories: {'apparel': 144, 'caps': 387, 'other': 17, 'pins': 158}
2026-04-27 08:00:06,064 [INFO] ══ Poll complete ══

/Users/sterling/Library/Python/3.9/lib/python/site-packages/urllib3/__init__.py:35: NotOpenSSLWarning: urllib3 v2 only supports OpenSSL 1.1.1+, currently the 'ssl' module is compiled with 'LibreSSL 2.8.3'. See: https://github.com/urllib3/urllib3/issues/3020
  warnings.warn(
2026-04-27 08:30:05,205 [INFO] ══ Scally Tracker — 2026-04-27 08:30 AM CT ══
2026-04-27 08:30:05,208 [INFO] DB ready: /Users/sterling/app/scally-tracker/data/inventory.db
2026-04-27 08:30:07,056 [INFO] Fetched 652 products from BSC
2026-04-27 08:30:07,652 [INFO] Categories: {'apparel': 144, 'caps': 387, 'other': 17, 'pins': 158}
2026-04-27 08:30:07,781 [INFO] ══ Poll complete ══

/Users/sterling/Library/Python/3.9/lib/python/site-packages/urllib3/__init__.py:35: NotOpenSSLWarning: urllib3 v2 only supports OpenSSL 1.1.1+, currently the 'ssl' module is compiled with 'LibreSSL 2.8.3'. See: https://github.com/urllib3/urllib3/issues/3020
  warnings.warn(
2026-04-27 09:00:02,180 [INFO] ══ Scally Tracker — 2026-04-27 09:00 AM CT ══
2026-04-27 09:00:02,183 [INFO] DB ready: /Users/sterling/app/scally-tracker/data/inventory.db
2026-04-27 09:00:03,940 [INFO] Fetched 652 products from BSC
2026-04-27 09:00:04,399 [INFO] Categories: {'apparel': 144, 'caps': 387, 'other': 17, 'pins': 158}
2026-04-27 09:00:04,522 [INFO] ══ Poll complete ══

/Users/sterling/Library/Python/3.9/lib/python/site-packages/urllib3/__init__.py:35: NotOpenSSLWarning: urllib3 v2 only supports OpenSSL 1.1.1+, currently the 'ssl' module is compiled with 'LibreSSL 2.8.3'. See: https://github.com/urllib3/urllib3/issues/3020
  warnings.warn(
2026-04-27 09:30:04,171 [INFO] ══ Scally Tracker — 2026-04-27 09:30 AM CT ══
2026-04-27 09:30:04,174 [INFO] DB ready: /Users/sterling/app/scally-tracker/data/inventory.db
2026-04-27 09:30:06,219 [INFO] Fetched 652 products from BSC
2026-04-27 09:30:06,818 [INFO] Categories: {'apparel': 144, 'caps': 387, 'other': 17, 'pins': 158}
2026-04-27 09:30:06,953 [INFO] ══ Poll complete ══

/Users/sterling/Library/Python/3.9/lib/python/site-packages/urllib3/__init__.py:35: NotOpenSSLWarning: urllib3 v2 only supports OpenSSL 1.1.1+, currently the 'ssl' module is compiled with 'LibreSSL 2.8.3'. See: https://github.com/urllib3/urllib3/issues/3020
  warnings.warn(
2026-04-27 10:00:02,192 [INFO] ══ Scally Tracker — 2026-04-27 10:00 AM CT ══
2026-04-27 10:00:02,195 [INFO] DB ready: /Users/sterling/app/scally-tracker/data/inventory.db
2026-04-27 10:00:03,932 [INFO] Fetched 652 products from BSC
2026-04-27 10:00:04,769 [INFO] ntfy 200: 🎉 Restock!
2026-04-27 10:00:05,798 [INFO] ntfy 200: 🎉 Restock!
2026-04-27 10:00:06,057 [INFO] Categories: {'apparel': 144, 'caps': 387, 'other': 17, 'pins': 158}
2026-04-27 10:00:06,195 [INFO] ══ Poll complete ══

/Users/sterling/Library/Python/3.9/lib/python/site-packages/urllib3/__init__.py:35: NotOpenSSLWarning: urllib3 v2 only supports OpenSSL 1.1.1+, currently the 'ssl' module is compiled with 'LibreSSL 2.8.3'. See: https://github.com/urllib3/urllib3/issues/3020
  warnings.warn(
2026-04-27 10:30:01,174 [INFO] ══ Scally Tracker — 2026-04-27 10:30 AM CT ══
2026-04-27 10:30:01,177 [INFO] DB ready: /Users/sterling/app/scally-tracker/data/inventory.db
2026-04-27 10:30:03,000 [INFO] Fetched 652 products from BSC
2026-04-27 10:30:03,603 [INFO] Categories: {'apparel': 144, 'caps': 387, 'other': 17, 'pins': 158}
2026-04-27 10:30:03,733 [INFO] ══ Poll complete ══

/Users/sterling/Library/Python/3.9/lib/python/site-packages/urllib3/__init__.py:35: NotOpenSSLWarning: urllib3 v2 only supports OpenSSL 1.1.1+, currently the 'ssl' module is compiled with 'LibreSSL 2.8.3'. See: https://github.com/urllib3/urllib3/issues/3020
  warnings.warn(
2026-04-27 11:00:05,543 [INFO] ══ Scally Tracker — 2026-04-27 11:00 AM CT ══
2026-04-27 11:00:05,546 [INFO] DB ready: /Users/sterling/app/scally-tracker/data/inventory.db
2026-04-27 11:00:07,108 [INFO] Fetched 652 products from BSC
2026-04-27 11:00:07,716 [INFO] Categories: {'apparel': 144, 'caps': 387, 'other': 17, 'pins': 158}
2026-04-27 11:00:07,848 [INFO] ══ Poll complete ══

/Users/sterling/Library/Python/3.9/lib/python/site-packages/urllib3/__init__.py:35: NotOpenSSLWarning: urllib3 v2 only supports OpenSSL 1.1.1+, currently the 'ssl' module is compiled with 'LibreSSL 2.8.3'. See: https://github.com/urllib3/urllib3/issues/3020
  warnings.warn(
2026-04-27 11:30:01,160 [INFO] ══ Scally Tracker — 2026-04-27 11:30 AM CT ══
2026-04-27 11:30:01,162 [INFO] DB ready: /Users/sterling/app/scally-tracker/data/inventory.db
2026-04-27 11:30:02,943 [INFO] Fetched 652 products from BSC
2026-04-27 11:30:04,052 [INFO] ntfy 200: 🎉 Restock!
2026-04-27 11:30:04,526 [INFO] ntfy 200: ⭐ Wishlist Restock!
2026-04-27 11:30:05,077 [INFO] ntfy 200: 🎉 Restock!
2026-04-27 11:30:05,497 [INFO] ntfy 200: ⭐ Wishlist Restock!
2026-04-27 11:30:06,160 [INFO] ntfy 200: 🎉 Restock!
2026-04-27 11:30:06,322 [INFO] Categories: {'apparel': 144, 'caps': 387, 'other': 17, 'pins': 158}
2026-04-27 11:30:06,456 [INFO] ══ Poll complete ══

/Users/sterling/Library/Python/3.9/lib/python/site-packages/urllib3/__init__.py:35: NotOpenSSLWarning: urllib3 v2 only supports OpenSSL 1.1.1+, currently the 'ssl' module is compiled with 'LibreSSL 2.8.3'. See: https://github.com/urllib3/urllib3/issues/3020
  warnings.warn(
2026-04-27 12:00:03,209 [INFO] ══ Scally Tracker — 2026-04-27 12:00 PM CT ══
2026-04-27 12:00:03,212 [INFO] DB ready: /Users/sterling/app/scally-tracker/data/inventory.db
2026-04-27 12:00:05,136 [INFO] Fetched 652 products from BSC
2026-04-27 12:00:06,516 [INFO] ntfy 200: 🎉 Restock!
2026-04-27 12:00:06,927 [INFO] ntfy 200: 🎉 Restock!
2026-04-27 12:00:07,161 [INFO] Categories: {'apparel': 144, 'caps': 387, 'other': 17, 'pins': 158}
2026-04-27 12:00:07,275 [INFO] ══ Poll complete ══

/Users/sterling/Library/Python/3.9/lib/python/site-packages/urllib3/__init__.py:35: NotOpenSSLWarning: urllib3 v2 only supports OpenSSL 1.1.1+, currently the 'ssl' module is compiled with 'LibreSSL 2.8.3'. See: https://github.com/urllib3/urllib3/issues/3020
  warnings.warn(
2026-04-27 12:30:03,172 [INFO] ══ Scally Tracker — 2026-04-27 12:30 PM CT ══
2026-04-27 12:30:03,175 [INFO] DB ready: /Users/sterling/app/scally-tracker/data/inventory.db
2026-04-27 12:30:04,778 [INFO] Fetched 652 products from BSC
2026-04-27 12:30:05,268 [INFO] ntfy 200: 🎉 Restock!
2026-04-27 12:30:05,830 [INFO] Categories: {'apparel': 144, 'caps': 387, 'other': 17, 'pins': 158}
2026-04-27 12:30:05,960 [INFO] ══ Poll complete ══

/Users/sterling/Library/Python/3.9/lib/python/site-packages/urllib3/__init__.py:35: NotOpenSSLWarning: urllib3 v2 only supports OpenSSL 1.1.1+, currently the 'ssl' module is compiled with 'LibreSSL 2.8.3'. See: https://github.com/urllib3/urllib3/issues/3020
  warnings.warn(
2026-04-27 13:00:02,180 [INFO] ══ Scally Tracker — 2026-04-27 01:00 PM CT ══
2026-04-27 13:00:02,182 [INFO] DB ready: /Users/sterling/app/scally-tracker/data/inventory.db
2026-04-27 13:00:03,901 [INFO] Fetched 652 products from BSC
2026-04-27 13:00:04,548 [INFO] ntfy 200: 🎉 Restock!
2026-04-27 13:00:04,832 [INFO] Categories: {'apparel': 144, 'caps': 387, 'other': 17, 'pins': 158}
2026-04-27 13:00:04,963 [INFO] ══ Poll complete ══

/Users/sterling/Library/Python/3.9/lib/python/site-packages/urllib3/__init__.py:35: NotOpenSSLWarning: urllib3 v2 only supports OpenSSL 1.1.1+, currently the 'ssl' module is compiled with 'LibreSSL 2.8.3'. See: https://github.com/urllib3/urllib3/issues/3020
  warnings.warn(
2026-04-27 13:30:05,180 [INFO] ══ Scally Tracker — 2026-04-27 01:30 PM CT ══
2026-04-27 13:30:05,183 [INFO] DB ready: /Users/sterling/app/scally-tracker/data/inventory.db
2026-04-27 13:30:06,971 [INFO] Fetched 652 products from BSC
2026-04-27 13:30:07,581 [INFO] Categories: {'apparel': 144, 'caps': 387, 'other': 17, 'pins': 158}
2026-04-27 13:30:07,716 [INFO] ══ Poll complete ══

/Users/sterling/Library/Python/3.9/lib/python/site-packages/urllib3/__init__.py:35: NotOpenSSLWarning: urllib3 v2 only supports OpenSSL 1.1.1+, currently the 'ssl' module is compiled with 'LibreSSL 2.8.3'. See: https://github.com/urllib3/urllib3/issues/3020
  warnings.warn(
2026-04-27 14:00:05,545 [INFO] ══ Scally Tracker — 2026-04-27 02:00 PM CT ══
2026-04-27 14:00:05,548 [INFO] DB ready: /Users/sterling/app/scally-tracker/data/inventory.db
2026-04-27 14:00:07,263 [INFO] Fetched 652 products from BSC
2026-04-27 14:00:07,688 [INFO] ntfy 200: 🎉 Restock!
2026-04-27 14:00:08,246 [INFO] Categories: {'apparel': 144, 'caps': 387, 'other': 17, 'pins': 158}
2026-04-27 14:00:08,372 [INFO] ══ Poll complete ══

/Users/sterling/Library/Python/3.9/lib/python/site-packages/urllib3/__init__.py:35: NotOpenSSLWarning: urllib3 v2 only supports OpenSSL 1.1.1+, currently the 'ssl' module is compiled with 'LibreSSL 2.8.3'. See: https://github.com/urllib3/urllib3/issues/3020
  warnings.warn(
2026-04-27 14:30:05,516 [INFO] ══ Scally Tracker — 2026-04-27 02:30 PM CT ══
2026-04-27 14:30:05,519 [INFO] DB ready: /Users/sterling/app/scally-tracker/data/inventory.db
2026-04-27 14:30:07,311 [INFO] Fetched 652 products from BSC
2026-04-27 14:30:07,920 [INFO] Categories: {'apparel': 144, 'caps': 387, 'other': 17, 'pins': 158}
2026-04-27 14:30:08,057 [INFO] ══ Poll complete ══

/Users/sterling/Library/Python/3.9/lib/python/site-packages/urllib3/__init__.py:35: NotOpenSSLWarning: urllib3 v2 only supports OpenSSL 1.1.1+, currently the 'ssl' module is compiled with 'LibreSSL 2.8.3'. See: https://github.com/urllib3/urllib3/issues/3020
  warnings.warn(
2026-04-27 15:00:05,533 [INFO] ══ Scally Tracker — 2026-04-27 03:00 PM CT ══
2026-04-27 15:00:05,535 [INFO] DB ready: /Users/sterling/app/scally-tracker/data/inventory.db
2026-04-27 15:00:07,202 [INFO] Fetched 652 products from BSC
2026-04-27 15:00:07,805 [INFO] Categories: {'apparel': 144, 'caps': 387, 'other': 17, 'pins': 158}
2026-04-27 15:00:07,928 [INFO] ══ Poll complete ══

/Users/sterling/Library/Python/3.9/lib/python/site-packages/urllib3/__init__.py:35: NotOpenSSLWarning: urllib3 v2 only supports OpenSSL 1.1.1+, currently the 'ssl' module is compiled with 'LibreSSL 2.8.3'. See: https://github.com/urllib3/urllib3/issues/3020
  warnings.warn(
2026-04-27 15:30:05,544 [INFO] ══ Scally Tracker — 2026-04-27 03:30 PM CT ══
2026-04-27 15:30:05,547 [INFO] DB ready: /Users/sterling/app/scally-tracker/data/inventory.db
2026-04-27 15:30:07,207 [INFO] Fetched 652 products from BSC
2026-04-27 15:30:07,808 [INFO] Categories: {'apparel': 144, 'caps': 387, 'other': 17, 'pins': 158}
2026-04-27 15:30:07,940 [INFO] ══ Poll complete ══

/Users/sterling/Library/Python/3.9/lib/python/site-packages/urllib3/__init__.py:35: NotOpenSSLWarning: urllib3 v2 only supports OpenSSL 1.1.1+, currently the 'ssl' module is compiled with 'LibreSSL 2.8.3'. See: https://github.com/urllib3/urllib3/issues/3020
  warnings.warn(
2026-04-27 16:00:05,539 [INFO] ══ Scally Tracker — 2026-04-27 04:00 PM CT ══
2026-04-27 16:00:05,542 [INFO] DB ready: /Users/sterling/app/scally-tracker/data/inventory.db
2026-04-27 16:00:07,101 [INFO] Fetched 652 products from BSC
2026-04-27 16:00:07,559 [INFO] Categories: {'apparel': 144, 'caps': 387, 'other': 17, 'pins': 158}
2026-04-27 16:00:07,689 [INFO] ══ Poll complete ══

/Users/sterling/Library/Python/3.9/lib/python/site-packages/urllib3/__init__.py:35: NotOpenSSLWarning: urllib3 v2 only supports OpenSSL 1.1.1+, currently the 'ssl' module is compiled with 'LibreSSL 2.8.3'. See: https://github.com/urllib3/urllib3/issues/3020
  warnings.warn(
2026-04-27 16:30:05,535 [INFO] ══ Scally Tracker — 2026-04-27 04:30 PM CT ══
2026-04-27 16:30:05,538 [INFO] DB ready: /Users/sterling/app/scally-tracker/data/inventory.db
2026-04-27 16:30:07,207 [INFO] Fetched 652 products from BSC
2026-04-27 16:30:07,822 [INFO] Categories: {'apparel': 144, 'caps': 387, 'other': 17, 'pins': 158}
2026-04-27 16:30:07,958 [INFO] ══ Poll complete ══

/Users/sterling/Library/Python/3.9/lib/python/site-packages/urllib3/__init__.py:35: NotOpenSSLWarning: urllib3 v2 only supports OpenSSL 1.1.1+, currently the 'ssl' module is compiled with 'LibreSSL 2.8.3'. See: https://github.com/urllib3/urllib3/issues/3020
  warnings.warn(
2026-04-27 17:00:05,553 [INFO] ══ Scally Tracker — 2026-04-27 05:00 PM CT ══
2026-04-27 17:00:05,556 [INFO] DB ready: /Users/sterling/app/scally-tracker/data/inventory.db
2026-04-27 17:00:07,170 [INFO] Fetched 652 products from BSC
2026-04-27 17:00:07,783 [INFO] Categories: {'apparel': 144, 'caps': 387, 'other': 17, 'pins': 158}
2026-04-27 17:00:07,926 [INFO] ══ Poll complete ══

/Users/sterling/Library/Python/3.9/lib/python/site-packages/urllib3/__init__.py:35: NotOpenSSLWarning: urllib3 v2 only supports OpenSSL 1.1.1+, currently the 'ssl' module is compiled with 'LibreSSL 2.8.3'. See: https://github.com/urllib3/urllib3/issues/3020
  warnings.warn(
2026-04-27 17:30:05,530 [INFO] ══ Scally Tracker — 2026-04-27 05:30 PM CT ══
2026-04-27 17:30:05,533 [INFO] DB ready: /Users/sterling/app/scally-tracker/data/inventory.db
2026-04-27 17:30:07,433 [INFO] Fetched 652 products from BSC
2026-04-27 17:30:08,046 [INFO] Categories: {'apparel': 144, 'caps': 387, 'other': 17, 'pins': 158}
2026-04-27 17:30:08,182 [INFO] ══ Poll complete ══

/Users/sterling/Library/Python/3.9/lib/python/site-packages/urllib3/__init__.py:35: NotOpenSSLWarning: urllib3 v2 only supports OpenSSL 1.1.1+, currently the 'ssl' module is compiled with 'LibreSSL 2.8.3'. See: https://github.com/urllib3/urllib3/issues/3020
  warnings.warn(
2026-04-27 18:00:05,527 [INFO] ══ Scally Tracker — 2026-04-27 06:00 PM CT ══
2026-04-27 18:00:05,530 [INFO] DB ready: /Users/sterling/app/scally-tracker/data/inventory.db
2026-04-27 18:00:07,620 [INFO] Fetched 652 products from BSC
2026-04-27 18:00:08,234 [INFO] Categories: {'apparel': 144, 'caps': 387, 'other': 17, 'pins': 158}
2026-04-27 18:00:08,368 [INFO] ══ Poll complete ══

/Users/sterling/Library/Python/3.9/lib/python/site-packages/urllib3/__init__.py:35: NotOpenSSLWarning: urllib3 v2 only supports OpenSSL 1.1.1+, currently the 'ssl' module is compiled with 'LibreSSL 2.8.3'. See: https://github.com/urllib3/urllib3/issues/3020
  warnings.warn(
2026-04-27 18:30:02,527 [INFO] ══ Scally Tracker — 2026-04-27 06:30 PM CT ══
2026-04-27 18:30:02,530 [INFO] DB ready: /Users/sterling/app/scally-tracker/data/inventory.db
2026-04-27 18:30:04,403 [INFO] Fetched 652 products from BSC
2026-04-27 18:30:05,017 [INFO] Categories: {'apparel': 144, 'caps': 387, 'other': 17, 'pins': 158}
2026-04-27 18:30:05,158 [INFO] ══ Poll complete ══

/Users/sterling/Library/Python/3.9/lib/python/site-packages/urllib3/__init__.py:35: NotOpenSSLWarning: urllib3 v2 only supports OpenSSL 1.1.1+, currently the 'ssl' module is compiled with 'LibreSSL 2.8.3'. See: https://github.com/urllib3/urllib3/issues/3020
  warnings.warn(
2026-04-27 19:00:01,534 [INFO] ══ Scally Tracker — 2026-04-27 07:00 PM CT ══
2026-04-27 19:00:01,537 [INFO] DB ready: /Users/sterling/app/scally-tracker/data/inventory.db
2026-04-27 19:00:03,277 [INFO] Fetched 652 products from BSC
2026-04-27 19:00:03,893 [INFO] Purged 10 alert(s) older than 30 days
2026-04-27 19:00:03,893 [INFO] Categories: {'apparel': 144, 'caps': 387, 'other': 17, 'pins': 158}
2026-04-27 19:00:04,031 [INFO] ══ Poll complete ══

/Users/sterling/Library/Python/3.9/lib/python/site-packages/urllib3/__init__.py:35: NotOpenSSLWarning: urllib3 v2 only supports OpenSSL 1.1.1+, currently the 'ssl' module is compiled with 'LibreSSL 2.8.3'. See: https://github.com/urllib3/urllib3/issues/3020
  warnings.warn(
2026-04-28 07:00:06,291 [INFO] ══ Scally Tracker — 2026-04-28 07:00 AM CT ══
2026-04-28 07:00:06,295 [INFO] DB ready: /Users/sterling/app/scally-tracker/data/inventory.db
2026-04-28 07:00:08,207 [INFO] Fetched 652 products from BSC
2026-04-28 07:00:08,856 [INFO] Categories: {'apparel': 144, 'caps': 387, 'other': 17, 'pins': 158}
2026-04-28 07:00:08,994 [INFO] ══ Poll complete ══

/Users/sterling/Library/Python/3.9/lib/python/site-packages/urllib3/__init__.py:35: NotOpenSSLWarning: urllib3 v2 only supports OpenSSL 1.1.1+, currently the 'ssl' module is compiled with 'LibreSSL 2.8.3'. See: https://github.com/urllib3/urllib3/issues/3020
  warnings.warn(
2026-04-28 07:30:06,186 [INFO] ══ Scally Tracker — 2026-04-28 07:30 AM CT ══
2026-04-28 07:30:06,189 [INFO] DB ready: /Users/sterling/app/scally-tracker/data/inventory.db
2026-04-28 07:30:08,214 [INFO] Fetched 652 products from BSC
2026-04-28 07:30:08,843 [INFO] Categories: {'apparel': 144, 'caps': 387, 'other': 17, 'pins': 158}
2026-04-28 07:30:08,979 [INFO] ══ Poll complete ══

/Users/sterling/Library/Python/3.9/lib/python/site-packages/urllib3/__init__.py:35: NotOpenSSLWarning: urllib3 v2 only supports OpenSSL 1.1.1+, currently the 'ssl' module is compiled with 'LibreSSL 2.8.3'. See: https://github.com/urllib3/urllib3/issues/3020
  warnings.warn(
2026-04-28 08:00:06,180 [INFO] ══ Scally Tracker — 2026-04-28 08:00 AM CT ══
2026-04-28 08:00:06,183 [INFO] DB ready: /Users/sterling/app/scally-tracker/data/inventory.db
2026-04-28 08:00:08,178 [INFO] Fetched 652 products from BSC
2026-04-28 08:00:08,800 [INFO] Categories: {'apparel': 144, 'caps': 387, 'other': 17, 'pins': 158}
2026-04-28 08:00:08,940 [INFO] ══ Poll complete ══

/Users/sterling/Library/Python/3.9/lib/python/site-packages/urllib3/__init__.py:35: NotOpenSSLWarning: urllib3 v2 only supports OpenSSL 1.1.1+, currently the 'ssl' module is compiled with 'LibreSSL 2.8.3'. See: https://github.com/urllib3/urllib3/issues/3020
  warnings.warn(
2026-04-28 08:30:06,192 [INFO] ══ Scally Tracker — 2026-04-28 08:30 AM CT ══
2026-04-28 08:30:06,195 [INFO] DB ready: /Users/sterling/app/scally-tracker/data/inventory.db
2026-04-28 08:30:08,172 [INFO] Fetched 652 products from BSC
2026-04-28 08:30:08,628 [INFO] ntfy 200: 🎉 Restock!
2026-04-28 08:30:09,216 [INFO] Categories: {'apparel': 144, 'caps': 387, 'other': 17, 'pins': 158}
2026-04-28 08:30:09,353 [INFO] ══ Poll complete ══

/Users/sterling/Library/Python/3.9/lib/python/site-packages/urllib3/__init__.py:35: NotOpenSSLWarning: urllib3 v2 only supports OpenSSL 1.1.1+, currently the 'ssl' module is compiled with 'LibreSSL 2.8.3'. See: https://github.com/urllib3/urllib3/issues/3020
  warnings.warn(
2026-04-28 09:00:06,200 [INFO] ══ Scally Tracker — 2026-04-28 09:00 AM CT ══
2026-04-28 09:00:06,202 [INFO] DB ready: /Users/sterling/app/scally-tracker/data/inventory.db
2026-04-28 09:00:07,970 [INFO] Fetched 652 products from BSC
2026-04-28 09:00:08,313 [INFO] Categories: {'apparel': 144, 'caps': 387, 'other': 17, 'pins': 158}
2026-04-28 09:00:08,486 [INFO] ══ Poll complete ══

/Users/sterling/Library/Python/3.9/lib/python/site-packages/urllib3/__init__.py:35: NotOpenSSLWarning: urllib3 v2 only supports OpenSSL 1.1.1+, currently the 'ssl' module is compiled with 'LibreSSL 2.8.3'. See: https://github.com/urllib3/urllib3/issues/3020
  warnings.warn(
2026-04-28 09:30:06,180 [INFO] ══ Scally Tracker — 2026-04-28 09:30 AM CT ══
2026-04-28 09:30:06,183 [INFO] DB ready: /Users/sterling/app/scally-tracker/data/inventory.db
2026-04-28 09:30:07,901 [INFO] Fetched 652 products from BSC
2026-04-28 09:30:08,220 [INFO] Categories: {'apparel': 144, 'caps': 387, 'other': 17, 'pins': 158}
2026-04-28 09:30:08,424 [INFO] ══ Poll complete ══

/Users/sterling/Library/Python/3.9/lib/python/site-packages/urllib3/__init__.py:35: NotOpenSSLWarning: urllib3 v2 only supports OpenSSL 1.1.1+, currently the 'ssl' module is compiled with 'LibreSSL 2.8.3'. See: https://github.com/urllib3/urllib3/issues/3020
  warnings.warn(
2026-04-28 10:00:06,165 [INFO] ══ Scally Tracker — 2026-04-28 10:00 AM CT ══
2026-04-28 10:00:06,167 [INFO] DB ready: /Users/sterling/app/scally-tracker/data/inventory.db
2026-04-28 10:00:07,887 [INFO] Fetched 652 products from BSC
2026-04-28 10:00:08,427 [INFO] ntfy 200: 🎉 Restock!
2026-04-28 10:00:08,639 [INFO] Categories: {'apparel': 144, 'caps': 387, 'other': 17, 'pins': 158}
2026-04-28 10:00:08,838 [INFO] ══ Poll complete ══

/Users/sterling/Library/Python/3.9/lib/python/site-packages/urllib3/__init__.py:35: NotOpenSSLWarning: urllib3 v2 only supports OpenSSL 1.1.1+, currently the 'ssl' module is compiled with 'LibreSSL 2.8.3'. See: https://github.com/urllib3/urllib3/issues/3020
  warnings.warn(
2026-04-28 10:30:06,192 [INFO] ══ Scally Tracker — 2026-04-28 10:30 AM CT ══
2026-04-28 10:30:06,195 [INFO] DB ready: /Users/sterling/app/scally-tracker/data/inventory.db
2026-04-28 10:30:07,913 [INFO] Fetched 652 products from BSC
2026-04-28 10:30:08,568 [INFO] Categories: {'apparel': 144, 'caps': 387, 'other': 17, 'pins': 158}
2026-04-28 10:30:08,704 [INFO] ══ Poll complete ══

/Users/sterling/Library/Python/3.9/lib/python/site-packages/urllib3/__init__.py:35: NotOpenSSLWarning: urllib3 v2 only supports OpenSSL 1.1.1+, currently the 'ssl' module is compiled with 'LibreSSL 2.8.3'. See: https://github.com/urllib3/urllib3/issues/3020
  warnings.warn(
2026-04-28 11:00:06,204 [INFO] ══ Scally Tracker — 2026-04-28 11:00 AM CT ══
2026-04-28 11:00:06,207 [INFO] DB ready: /Users/sterling/app/scally-tracker/data/inventory.db
2026-04-28 11:00:07,812 [INFO] Fetched 652 products from BSC
2026-04-28 11:00:08,439 [INFO] Categories: {'apparel': 144, 'caps': 387, 'other': 17, 'pins': 158}
2026-04-28 11:00:08,586 [INFO] ══ Poll complete ══

/Users/sterling/Library/Python/3.9/lib/python/site-packages/urllib3/__init__.py:35: NotOpenSSLWarning: urllib3 v2 only supports OpenSSL 1.1.1+, currently the 'ssl' module is compiled with 'LibreSSL 2.8.3'. See: https://github.com/urllib3/urllib3/issues/3020
  warnings.warn(
2026-04-28 11:30:03,203 [INFO] ══ Scally Tracker — 2026-04-28 11:30 AM CT ══
2026-04-28 11:30:03,206 [INFO] DB ready: /Users/sterling/app/scally-tracker/data/inventory.db
2026-04-28 11:30:05,022 [INFO] Fetched 652 products from BSC
2026-04-28 11:30:05,420 [INFO] ntfy 200: 🎉 Restock!
2026-04-28 11:30:06,053 [INFO] Categories: {'apparel': 144, 'caps': 387, 'other': 17, 'pins': 158}
2026-04-28 11:30:06,193 [INFO] ══ Poll complete ══

/Users/sterling/Library/Python/3.9/lib/python/site-packages/urllib3/__init__.py:35: NotOpenSSLWarning: urllib3 v2 only supports OpenSSL 1.1.1+, currently the 'ssl' module is compiled with 'LibreSSL 2.8.3'. See: https://github.com/urllib3/urllib3/issues/3020
  warnings.warn(
2026-04-28 12:00:06,214 [INFO] ══ Scally Tracker — 2026-04-28 12:00 PM CT ══
2026-04-28 12:00:06,217 [INFO] DB ready: /Users/sterling/app/scally-tracker/data/inventory.db
2026-04-28 12:00:08,116 [INFO] Fetched 652 products from BSC
2026-04-28 12:00:08,748 [INFO] Categories: {'apparel': 144, 'caps': 387, 'other': 17, 'pins': 158}
2026-04-28 12:00:08,879 [INFO] ══ Poll complete ══

/Users/sterling/Library/Python/3.9/lib/python/site-packages/urllib3/__init__.py:35: NotOpenSSLWarning: urllib3 v2 only supports OpenSSL 1.1.1+, currently the 'ssl' module is compiled with 'LibreSSL 2.8.3'. See: https://github.com/urllib3/urllib3/issues/3020
  warnings.warn(
2026-04-28 12:30:06,175 [INFO] ══ Scally Tracker — 2026-04-28 12:30 PM CT ══
2026-04-28 12:30:06,178 [INFO] DB ready: /Users/sterling/app/scally-tracker/data/inventory.db
2026-04-28 12:30:07,871 [INFO] Fetched 652 products from BSC
2026-04-28 12:30:08,490 [INFO] Categories: {'apparel': 144, 'caps': 387, 'other': 17, 'pins': 158}
2026-04-28 12:30:08,625 [INFO] ══ Poll complete ══

/Users/sterling/Library/Python/3.9/lib/python/site-packages/urllib3/__init__.py:35: NotOpenSSLWarning: urllib3 v2 only supports OpenSSL 1.1.1+, currently the 'ssl' module is compiled with 'LibreSSL 2.8.3'. See: https://github.com/urllib3/urllib3/issues/3020
  warnings.warn(
2026-04-28 13:00:06,205 [INFO] ══ Scally Tracker — 2026-04-28 01:00 PM CT ══
2026-04-28 13:00:06,208 [INFO] DB ready: /Users/sterling/app/scally-tracker/data/inventory.db
2026-04-28 13:00:08,096 [INFO] Fetched 652 products from BSC
2026-04-28 13:00:08,717 [INFO] Categories: {'apparel': 144, 'caps': 387, 'other': 17, 'pins': 158}
2026-04-28 13:00:08,859 [INFO] ══ Poll complete ══

/Users/sterling/Library/Python/3.9/lib/python/site-packages/urllib3/__init__.py:35: NotOpenSSLWarning: urllib3 v2 only supports OpenSSL 1.1.1+, currently the 'ssl' module is compiled with 'LibreSSL 2.8.3'. See: https://github.com/urllib3/urllib3/issues/3020
  warnings.warn(
2026-04-28 13:30:06,174 [INFO] ══ Scally Tracker — 2026-04-28 01:30 PM CT ══
2026-04-28 13:30:06,177 [INFO] DB ready: /Users/sterling/app/scally-tracker/data/inventory.db
2026-04-28 13:30:08,277 [INFO] Fetched 652 products from BSC
2026-04-28 13:30:08,898 [INFO] Categories: {'apparel': 144, 'caps': 387, 'other': 17, 'pins': 158}
2026-04-28 13:30:09,033 [INFO] ══ Poll complete ══

/Users/sterling/Library/Python/3.9/lib/python/site-packages/urllib3/__init__.py:35: NotOpenSSLWarning: urllib3 v2 only supports OpenSSL 1.1.1+, currently the 'ssl' module is compiled with 'LibreSSL 2.8.3'. See: https://github.com/urllib3/urllib3/issues/3020
  warnings.warn(
2026-04-28 14:00:03,167 [INFO] ══ Scally Tracker — 2026-04-28 02:00 PM CT ══
2026-04-28 14:00:03,170 [INFO] DB ready: /Users/sterling/app/scally-tracker/data/inventory.db
2026-04-28 14:00:04,807 [INFO] Fetched 652 products from BSC
2026-04-28 14:00:05,429 [INFO] Categories: {'apparel': 144, 'caps': 387, 'other': 17, 'pins': 158}
2026-04-28 14:00:05,566 [INFO] ══ Poll complete ══

/Users/sterling/Library/Python/3.9/lib/python/site-packages/urllib3/__init__.py:35: NotOpenSSLWarning: urllib3 v2 only supports OpenSSL 1.1.1+, currently the 'ssl' module is compiled with 'LibreSSL 2.8.3'. See: https://github.com/urllib3/urllib3/issues/3020
  warnings.warn(
2026-04-28 14:30:06,202 [INFO] ══ Scally Tracker — 2026-04-28 02:30 PM CT ══
2026-04-28 14:30:06,205 [INFO] DB ready: /Users/sterling/app/scally-tracker/data/inventory.db
2026-04-28 14:30:08,207 [INFO] Fetched 652 products from BSC
2026-04-28 14:30:08,825 [INFO] Categories: {'apparel': 144, 'caps': 387, 'other': 17, 'pins': 158}
2026-04-28 14:30:08,958 [INFO] ══ Poll complete ══

/Users/sterling/Library/Python/3.9/lib/python/site-packages/urllib3/__init__.py:35: NotOpenSSLWarning: urllib3 v2 only supports OpenSSL 1.1.1+, currently the 'ssl' module is compiled with 'LibreSSL 2.8.3'. See: https://github.com/urllib3/urllib3/issues/3020
  warnings.warn(
2026-04-28 15:00:05,226 [INFO] ══ Scally Tracker — 2026-04-28 03:00 PM CT ══
2026-04-28 15:00:05,229 [INFO] DB ready: /Users/sterling/app/scally-tracker/data/inventory.db
2026-04-28 15:00:06,985 [INFO] Fetched 652 products from BSC
2026-04-28 15:00:07,605 [INFO] Categories: {'apparel': 144, 'caps': 387, 'other': 17, 'pins': 158}
2026-04-28 15:00:07,729 [INFO] ══ Poll complete ══

/Users/sterling/Library/Python/3.9/lib/python/site-packages/urllib3/__init__.py:35: NotOpenSSLWarning: urllib3 v2 only supports OpenSSL 1.1.1+, currently the 'ssl' module is compiled with 'LibreSSL 2.8.3'. See: https://github.com/urllib3/urllib3/issues/3020
  warnings.warn(
2026-04-28 15:30:01,222 [INFO] ══ Scally Tracker — 2026-04-28 03:30 PM CT ══
2026-04-28 15:30:01,224 [INFO] DB ready: /Users/sterling/app/scally-tracker/data/inventory.db
2026-04-28 15:30:03,153 [INFO] Fetched 652 products from BSC
2026-04-28 15:30:03,338 [INFO] Categories: {'apparel': 144, 'caps': 387, 'other': 17, 'pins': 158}
2026-04-28 15:30:03,466 [INFO] ══ Poll complete ══

